ISO-10303-21;
HEADER;
FILE_DESCRIPTION(('ViewDefinition [Ifc4X3NotAssigned]'),'2;1');
FILE_NAME(
/* name */ 'C:\\Users\\Dimitrios.Papadopou\\OneDrive - ILF Group Holding GmbH\\ILF-SUI-17695-Tujetsch NalpSolar GP - General\\6_CAE\\51_AU\\12_Werkleitungen_2026-2027\\23_IFC\\PZ3\\NalpSolar_51_M_0472_A1_TB-2027-PZ3-HRB.ifc',
/* time_stamp */ '2026-06-17T10:57:16',
/* author */ ('Dimitrios.Papadopou'),
/* organization */ ('Unknown'),
/* preprocessor_version */ 'GeometryGymIFCcore v0.2.19.0 by Geometry Gym Pty Ltd built 2023-09-24T19:25:26',
/* originating_system */ 'Civil 3D 2024 IfcInfra Plugin v13.6.147.0',
/* authorization */ 'None'
);

FILE_SCHEMA (('IFC4X3_ADD2'));
ENDSEC;

DATA;
#1= IFCORGANIZATION($,'Autodesk',$,$,$);
#2= IFCAPPLICATION(#1,'Civil 3D 2024','Civil 3D','Civil 3D 2024 IfcInfra Plugin v13.6.147.0');
#3= IFCCARTESIANPOINT((0.0,0.0,0.0));
#4= IFCAXIS2PLACEMENT3D(#3,$,$);
#5= IFCLOCALPLACEMENT($,#20);
#6= IFCCARTESIANPOINT((0.0,0.0,0.0));
#7= IFCAXIS2PLACEMENT3D(#6,$,$);
#9= IFCROAD('2urW8L14n8C8zoYzYIUoAb',$,'UnknownName',$,$,#5,$,$,$,.NOTDEFINED.);
#12= IFCSIUNIT(*,.LENGTHUNIT.,$,.METRE.);
#13= IFCSIUNIT(*,.AREAUNIT.,$,.METRE.);
#14= IFCSIUNIT(*,.VOLUMEUNIT.,$,.METRE.);
#15= IFCSIUNIT(*,.PLANEANGLEUNIT.,$,.RADIAN.);
#16= IFCPROJECT('3dCT6RXW11SRfuw5pu7k$Y',$,'Unknown',$,$,$,$,(#24),#17);
#17= IFCUNITASSIGNMENT((#12,#13,#14,#15));
#18= IFCRELAGGREGATES('3FMqfZRL3YglFdP9_b3oik',$,$,$,#16,(#9));
#19= IFCCARTESIANPOINT((2701730.0,1166111.0,1995.0));
#20= IFCAXIS2PLACEMENT3D(#19,$,$);
#21= IFCCARTESIANPOINT((0.0,0.0,0.0));
#22= IFCAXIS2PLACEMENT3D(#21,$,$);
#24= IFCGEOMETRICREPRESENTATIONCONTEXT('3D','Model',3,0.0001,#26,#27);
#25= IFCCARTESIANPOINT((0.0,0.0,0.0));
#26= IFCAXIS2PLACEMENT3D(#25,$,$);
#27= IFCDIRECTION((0.0,1.0));
#28= IFCGEOMETRICREPRESENTATIONSUBCONTEXT('Body','Model',*,*,*,*,#24,$,.MODEL_VIEW.,$);
#29= IFCCARTESIANPOINTLIST3D(((2.27744,3.18095,5.94222),(1.29263,3.3546,5.94222),(1.7565,0.22653,5.94222),(0.77169,0.40018,5.94222),(1.29263,3.3546,6.94222),(2.27744,3.18095,6.94222),(0.77169,0.40018,6.94222),(1.7565,0.22653,6.94222),(0.59792,0.2785,7.04222),(1.17096,3.52837,7.04222),(0.59792,0.27851,5.84222),(1.17096,3.52837,5.84222),(2.45121,3.30263,5.84222),(2.45121,3.30263,7.04222),(1.87817,0.05276,7.04222),(1.87817,0.05276,5.84222)),$);
#30= IFCTRIANGULATEDFACESET(#29,$,$,((1,2,3),(3,2,4),(2,1,5),(5,1,6),(4,2,7),(7,2,5),(3,4,8),(8,4,7),(1,3,6),(6,3,8),(6,8,5),(5,8,7),(9,10,11),(11,10,12),(12,10,13),(13,10,14),(10,9,14),(14,9,15),(13,14,16),(16,14,15),(15,9,16),(16,9,11),(12,13,11),(11,13,16)),$);
#31= IFCSHAPEREPRESENTATION(#28,'Body','Tessellation',(#30));
#32= IFCPRODUCTDEFINITIONSHAPE($,$,(#31));
#33= IFCLOCALPLACEMENT(#5,#22);
#34= IFCBUILTELEMENT('06l0PH$sD3eerTph6Hse_R',$,'Schacht_3D',$,$,#33,#32,'DEA');
#35= IFCRELCONTAINEDINSPATIALSTRUCTURE('35QFTZ4Ia9Xc_zyiJuydgH',$,$,' Container for Elements',(#34,#102,#130,#151,#172,#199,#220,#241,#262,#283,#304),#9);
#36= IFCCOLOURRGB('140',0.0,0.749019607843137,1.0);
#37= IFCSURFACESTYLESHADING(#36,$);
#38= IFCSURFACESTYLE($,.BOTH.,(#37));
#39= IFCPRESENTATIONLAYERWITHSTYLE('Schacht_3D',$,(#30),$,.U.,.U.,.U.,(#38));
#40= IFCSTYLEDITEM(#30,(#38),'Schacht_3D');
#41= IFCPROPERTYSET('3CxwoTP6bEh9hQ4XzmJCLL',$,'Properties',$,(#43,#44,#45,#46,#47,#48,#49,#50,#51,#52,#53,#54,#55,#56,#57,#58,#59,#60,#61,#62,#63,#64,#65,#66,#67,#68,#69,#70));
#42= IFCRELDEFINESBYPROPERTIES('2K5Qe48TX32vDZ1YUe15R8',$,$,$,(#34),#41);
#43= IFCPROPERTYSINGLEVALUE('Area',$,IFCREAL(33.6199824344792),$);
#44= IFCPROPERTYSINGLEVALUE('IsNull',$,IFCBOOLEAN(.F.),$);
#45= IFCPROPERTYSINGLEVALUE('NumChanges',$,IFCINTEGER(3),$);
#46= IFCPROPERTYSINGLEVALUE('RecordHistory',$,IFCBOOLEAN(.F.),$);
#47= IFCPROPERTYSINGLEVALUE('ShowHistory',$,IFCBOOLEAN(.F.),$);
#48= IFCPROPERTYSINGLEVALUE('UsesGraphicsCache',$,IFCBOOLEAN(.T.),$);
#49= IFCPROPERTYSINGLEVALUE('CloneMeForDragging',$,IFCBOOLEAN(.T.),$);
#50= IFCPROPERTYSINGLEVALUE('ForceAnnoAllVisible',$,IFCBOOLEAN(.T.),$);
#51= IFCPROPERTYSINGLEVALUE('HasSaveVersionOverride',$,IFCBOOLEAN(.F.),$);
#52= IFCPROPERTYSINGLEVALUE('IsCancelling',$,IFCBOOLEAN(.F.),$);
#53= IFCPROPERTYSINGLEVALUE('IsErased',$,IFCBOOLEAN(.F.),$);
#54= IFCPROPERTYSINGLEVALUE('IsEraseStatusToggled',$,IFCBOOLEAN(.F.),$);
#55= IFCPROPERTYSINGLEVALUE('IsModified',$,IFCBOOLEAN(.F.),$);
#56= IFCPROPERTYSINGLEVALUE('IsModifiedGraphics',$,IFCBOOLEAN(.F.),$);
#57= IFCPROPERTYSINGLEVALUE('IsModifiedXData',$,IFCBOOLEAN(.F.),$);
#58= IFCPROPERTYSINGLEVALUE('IsNewObject',$,IFCBOOLEAN(.F.),$);
#59= IFCPROPERTYSINGLEVALUE('IsNotifyEnabled',$,IFCBOOLEAN(.F.),$);
#60= IFCPROPERTYSINGLEVALUE('IsNotifying',$,IFCBOOLEAN(.F.),$);
#61= IFCPROPERTYSINGLEVALUE('IsObjectIdsInFlux',$,IFCBOOLEAN(.F.),$);
#62= IFCPROPERTYSINGLEVALUE('IsPersistent',$,IFCBOOLEAN(.T.),$);
#63= IFCPROPERTYSINGLEVALUE('IsReadEnabled',$,IFCBOOLEAN(.T.),$);
#64= IFCPROPERTYSINGLEVALUE('IsReallyClosing',$,IFCBOOLEAN(.F.),$);
#65= IFCPROPERTYSINGLEVALUE('IsTransactionResident',$,IFCBOOLEAN(.T.),$);
#66= IFCPROPERTYSINGLEVALUE('IsUndoing',$,IFCBOOLEAN(.F.),$);
#67= IFCPROPERTYSINGLEVALUE('IsWriteEnabled',$,IFCBOOLEAN(.T.),$);
#68= IFCPROPERTYSINGLEVALUE('Bounds',$,IFCLABEL('((2701730.34892664,1166110.95467302,2000.84222386934),(2701732.70020681,1166114.62645778,2002.04222386934))'),$);
#69= IFCPROPERTYSINGLEVALUE('AutoDelete',$,IFCBOOLEAN(.F.),$);
#70= IFCPROPERTYSINGLEVALUE('IsDisposed',$,IFCBOOLEAN(.F.),$);
#71= IFCPROPERTYSET('2iD4KET6zBrRTHQhPbMf67',$,'Misc',$,(#73,#74,#75,#76));
#72= IFCRELDEFINESBYPROPERTIES('2eXUIdlXPEdPaihiQe1yvy',$,$,$,(#34),#71);
#73= IFCPROPERTYSINGLEVALUE('BlockName',$,IFCLABEL('*Model_Space'),$);
#74= IFCPROPERTYSINGLEVALUE('ClassID',$,IFCLABEL('1dc8fd76-8eca-4f4c-b7d5-c66f43a68e17'),$);
#75= IFCPROPERTYSINGLEVALUE('HasFields',$,IFCBOOLEAN(.F.),$);
#76= IFCPROPERTYSINGLEVALUE('IsAProxy',$,IFCBOOLEAN(.F.),$);
#77= IFCPROPERTYSET('3WI3JeUxDDoh1j3yoCX3Yk',$,'3D Visualization',$,(#79,#80,#81));
#78= IFCRELDEFINESBYPROPERTIES('3triJTb1fCPvHNPeTxZ4DT',$,$,$,(#34),#77);
#79= IFCPROPERTYSINGLEVALUE('CastShadows',$,IFCBOOLEAN(.T.),$);
#80= IFCPROPERTYSINGLEVALUE('Material',$,IFCLABEL('ByLayer'),$);
#81= IFCPROPERTYSINGLEVALUE('ReceiveShadows',$,IFCBOOLEAN(.T.),$);
#82= IFCPROPERTYSET('0BpRelrez0BvMHJwMbQ$r$',$,'General',$,(#84,#85,#86,#87,#88,#89));
#83= IFCRELDEFINESBYPROPERTIES('3OXhXAjf917Q2bjdpMMYzr',$,$,$,(#34),#82);
#84= IFCPROPERTYSINGLEVALUE('ColorIndex',$,IFCINTEGER(256),$);
#85= IFCPROPERTYSINGLEVALUE('Layer',$,IFCLABEL('Schacht_3D'),$);
#86= IFCPROPERTYSINGLEVALUE('Linetype',$,IFCLABEL('ByLayer'),$);
#87= IFCPROPERTYSINGLEVALUE('LinetypeScale',$,IFCREAL(1.0),$);
#88= IFCPROPERTYSINGLEVALUE('PlotStyleName',$,IFCLABEL('ByLayer'),$);
#89= IFCPROPERTYSINGLEVALUE('Visible',$,IFCBOOLEAN(.T.),$);
#90= IFCPROPERTYSET('2zU38iq9fAzBwk6iPZ4IEj',$,'Geometry',$,(#92));
#91= IFCRELDEFINESBYPROPERTIES('1Ct4rcs_12iAQWWDsKcV8T',$,$,$,(#34),#90);
#92= IFCPROPERTYSINGLEVALUE('IsPlanar',$,IFCBOOLEAN(.F.),$);
#93= IFCPROPERTYSET('3ckPyud257DBkjbnU61s7k',$,'01_Info',$,(#95,#96));
#94= IFCRELDEFINESBYPROPERTIES('1wuD1eXmD7p9ae8_IPvOtj',$,$,$,(#34),#93);
#95= IFCPROPERTYSINGLEVALUE('Name',$,IFCLABEL('Schacht C1.1'),$);
#96= IFCPROPERTYSINGLEVALUE('Typ',$,IFCLABEL('3 m x 1 m'),$);
#97= IFCCARTESIANPOINTLIST3D(((1.87336,3.40462,6.35716),(1.97253,3.96677,6.36019),(1.87606,3.40405,6.37417),(1.97527,3.9667,6.37704),(1.97388,3.96734,6.39304),(1.96563,3.96761,6.3446),(1.86642,3.40592,6.34144),(1.95503,3.96915,6.3313),(1.8557,3.40788,6.32809),(1.94144,3.97129,6.3212),(1.84195,3.41035,6.31802),(1.92577,3.9739,6.31496),(1.82609,3.41318,6.3119),(1.90906,3.9768,6.313),(1.80921,3.41617,6.31016),(1.89244,3.97979,6.31546),(1.79246,3.41911,6.31291),(1.87701,3.98268,6.32217),(1.77698,3.4218,6.31998),(1.86381,3.98527,6.33268),(1.76382,3.42406,6.33087),(1.85372,3.98738,6.34628),(1.75388,3.42575,6.34484),(1.84741,3.98888,6.36208),(1.74785,3.42673,6.36095),(1.84531,3.98967,6.379),(1.74612,3.42694,6.37809),(1.8473,3.98971,6.39495),(1.74881,3.42638,6.3951),(1.85302,3.98907,6.40995),(1.75576,3.42508,6.41081),(1.86214,3.98779,6.42311),(1.76647,3.42312,6.42416),(1.8741,3.98594,6.43367),(1.78022,3.42064,6.43424),(1.88822,3.98363,6.44099),(1.79608,3.41782,6.44036),(1.90363,3.981,6.44464),(1.81296,3.41483,6.4421),(1.91945,3.9782,6.4444),(1.82971,3.41189,6.43934),(1.93472,3.97541,6.44029),(1.84519,3.4092,6.43228),(1.94855,3.97278,6.43255),(1.85835,3.40693,6.42139),(1.96011,3.97047,6.42164),(1.86829,3.40525,6.40742),(1.96872,3.96862,6.4082),(1.87433,3.40427,6.39131),(1.98142,4.75033,6.35359),(1.97937,4.74999,6.33767),(1.98142,4.74888,6.32076),(1.98767,4.74708,6.30498),(1.99772,4.7447,6.29139),(2.01089,4.74191,6.28089),(2.02629,4.7389,6.27419),(2.04291,4.73586,6.27173),(2.05962,4.733,6.27369),(1.98719,4.74998,6.36858),(1.99635,4.74895,6.38173),(2.00835,4.7473,6.39227),(2.02249,4.74513,6.39958),(2.03792,4.74257,6.40323),(2.05373,4.73977,6.40299),(2.06899,4.7369,6.39888),(2.08279,4.73412,6.39115),(2.09432,4.73161,6.38025),(2.10289,4.7295,6.36683),(2.10799,4.72793,6.35169),(2.10933,4.72699,6.33571),(2.10653,4.72673,6.31887),(2.09958,4.72727,6.30329),(2.08894,4.72856,6.29001),(2.07531,4.73051,6.27992),(2.06904,5.25851,6.32021),(2.07092,5.25645,6.30333),(2.07702,5.25376,6.28758),(2.08693,5.25062,6.27402),(2.09999,5.24724,6.26354),(2.11533,5.24385,6.25685),(2.13192,5.24067,6.2544),(2.14865,5.23792,6.25635),(2.1644,5.23578,6.26257),(2.17813,5.2344,6.27265),(2.1889,5.23386,6.2859),(2.19601,5.2342,6.30145),(2.19897,5.2354,6.31825),(2.1978,5.23725,6.3342),(2.19284,5.23967,6.34932),(2.18441,5.24253,6.36271),(2.17299,5.24566,6.37359),(2.15927,5.24887,6.38131),(2.14405,5.25198,6.38541),(2.12824,5.25479,6.38564),(2.11277,5.25714,6.38201),(2.07124,5.25976,6.3361),(2.07717,5.26025,6.35106),(2.08646,5.25996,6.36419),(2.09856,5.2589,6.37471),(2.24468,6.25445,6.15107),(2.24589,6.25129,6.13417),(2.25144,6.24755,6.1183),(2.26096,6.24347,6.10453),(2.27379,6.23934,6.09379),(2.28906,6.23544,6.08683),(2.30573,6.23203,6.08411),(2.32266,6.22934,6.08583),(2.3387,6.22756,6.09186),(2.35276,6.22681,6.10179),(2.36387,6.22714,6.11495),(2.37129,6.22853,6.13044),(2.3745,6.23088,6.1472),(2.37329,6.23404,6.1641),(2.36774,6.23778,6.17997),(2.35823,6.24186,6.19375),(2.3454,6.24599,6.20448),(2.33013,6.24989,6.21144),(2.31346,6.2533,6.21416),(2.29653,6.25599,6.21244),(2.28048,6.25777,6.20641),(2.26643,6.25852,6.19648),(2.25531,6.25819,6.18332),(2.24789,6.2568,6.16783),(2.39746,6.37667,6.10447),(2.40077,6.37986,6.12093),(2.39993,6.38359,6.13655),(2.39003,6.37449,6.08924),(2.37898,6.37347,6.07626),(2.36504,6.37366,6.06639),(2.34916,6.37507,6.0603),(2.33239,6.37759,6.05839),(2.31585,6.38105,6.06079),(2.30065,6.38523,6.06734),(2.28781,6.38985,6.0776),(2.27818,6.39459,6.09089),(2.27241,6.39915,6.10631),(2.27088,6.4032,6.12284),(2.27342,6.40632,6.13841),(2.27965,6.40858,6.15306),(2.28921,6.40984,6.16592),(2.30154,6.41003,6.17623),(2.3159,6.40914,6.18337),(2.33144,6.40721,6.18693),(2.34725,6.40437,6.1867),(2.36238,6.40078,6.18269),(2.37594,6.39666,6.17513),(2.38713,6.39225,6.16447),(2.39529,6.3878,6.15135),(2.30708,6.59725,6.08435),(2.30433,6.5929,6.06913),(2.30562,6.58754,6.05297),(2.31118,6.58177,6.03789),(2.32062,6.57598,6.0249),(2.33332,6.57055,6.01487),(2.34843,6.56585,6.00846),(2.36494,6.5622,6.00612),(2.38174,6.55983,6.00798),(2.31352,6.60066,6.09867),(2.32326,6.60294,6.11124),(2.33573,6.60394,6.12132),(2.35019,6.60361,6.12831),(2.36578,6.60196,6.13179),(2.38158,6.59911,6.13156),(2.39666,6.5952,6.12764),(2.41012,6.59048,6.12025),(2.42116,6.58522,6.10983),(2.42913,6.57974,6.09701),(2.43357,6.57437,6.08253),(2.43419,6.5694,6.06726),(2.43065,6.56492,6.05117),(2.42301,6.56154,6.03628),(2.41178,6.55949,6.02359),(2.39771,6.5589,6.01394),(2.32885,6.73196,6.02007),(2.32985,6.72492,6.00451),(2.33513,6.71757,5.98998),(2.34433,6.71043,5.97747),(2.35685,6.70395,5.96781),(2.37184,6.69859,5.96164),(2.3883,6.69469,5.95938),(2.40513,6.69251,5.96118),(2.42121,6.69221,5.96691),(2.43546,6.6938,5.9762),(2.44693,6.69717,5.98843),(2.45484,6.70211,6.00277),(2.45868,6.70828,6.01827),(2.45833,6.71483,6.03298),(2.45417,6.72172,6.04692),(2.44643,6.72854,6.05928),(2.43558,6.73488,6.06931),(2.42226,6.74037,6.07643),(2.40725,6.74469,6.08021),(2.39145,6.74757,6.08042),(2.3758,6.74885,6.07707),(2.33188,6.7379,6.03473),(2.33858,6.74281,6.04853),(2.34856,6.7464,6.06063),(2.36121,6.74845,6.07034),(2.35671,6.8787,5.95924),(2.35344,6.87144,5.94528),(2.35419,6.86299,5.93047),(2.35924,6.85434,5.91665),(2.36825,6.84606,5.90474),(2.38061,6.83872,5.89554),(2.3955,6.8328,5.88967),(2.41193,6.82869,5.88752),(2.42879,6.82668,5.88923),(2.36363,6.88485,5.97236),(2.37379,6.88953,5.98389),(2.3866,6.89246,5.99312),(2.4013,6.89346,5.99953),(2.41701,6.89248,6.00272),(2.4328,6.88958,6.00251),(2.44775,6.88493,5.99891),(2.46096,6.8788,5.99214),(2.47165,6.87155,5.98259),(2.47919,6.86362,5.97084),(2.48313,6.85547,5.95757),(2.48325,6.84759,5.94357),(2.47916,6.84003,5.92882),(2.47102,6.8338,5.91517),(2.45936,6.82932,5.90354),(2.44496,6.8269,5.89469),(2.39176,7.07747,5.84249),(2.3885,7.07027,5.8285),(2.38926,7.06188,5.81365),(2.39432,7.05329,5.79979),(2.40334,7.04507,5.78785),(2.41571,7.03776,5.77863),(2.4306,7.03186,5.77275),(2.44703,7.02777,5.77059),(2.46389,7.02575,5.77231),(2.39867,7.08356,5.85564),(2.40882,7.08819,5.8672),(2.42163,7.09108,5.87646),(2.43632,7.09206,5.88288),(2.45202,7.09107,5.88608),(2.46782,7.08817,5.88587),(2.48276,7.08353,5.88226),(2.49598,7.07742,5.87547),(2.50668,7.07022,5.8659),(2.51423,7.06233,5.85411),(2.51818,7.05424,5.84081),(2.51831,7.04643,5.82678),(2.51423,7.03893,5.81199),(2.5061,7.03276,5.79831),(2.49445,7.02833,5.78664),(2.48006,7.02594,5.77778),(2.44621,7.39754,5.65673),(2.44687,7.38859,5.64218),(2.45184,7.37947,5.6286),(2.46077,7.37079,5.6169),(2.47308,7.36313,5.60786),(2.48794,7.35701,5.6021),(2.50435,7.35283,5.59998),(2.52122,7.35088,5.60166),(2.53742,7.35128,5.60703),(2.55187,7.35401,5.61572),(2.5636,7.35888,5.62715),(2.57183,7.36557,5.64056),(2.576,7.37363,5.65505),(2.57597,7.38198,5.6688),(2.57211,7.39058,5.68184),(2.56464,7.39891,5.69339),(2.554,7.40648,5.70277),(2.54083,7.41284,5.70942),(2.52591,7.41762,5.71296),(2.51012,7.42053,5.71316),(2.49439,7.4214,5.71003),(2.44956,7.40527,5.67044),(2.45656,7.41187,5.68334),(2.46679,7.41694,5.69466),(2.47965,7.42018,5.70373),(2.49022,7.63591,5.50998),(2.48663,7.62679,5.49723),(2.48703,7.61636,5.4837),(2.49176,7.60587,5.47108),(2.50048,7.59601,5.4602),(2.51263,7.58744,5.4518),(2.52738,7.58073,5.44644),(2.54376,7.57634,5.44448),(2.56066,7.57456,5.44604),(2.49745,7.64381,5.52196),(2.50789,7.65002,5.53249),(2.52092,7.65418,5.54093),(2.53576,7.65604,5.54678),(2.55155,7.65549,5.54969),(2.56734,7.65256,5.5495),(2.5822,7.64742,5.54621),(2.59525,7.64039,5.54003),(2.60571,7.63187,5.53131),(2.61298,7.62237,5.52057),(2.61661,7.61245,5.50845),(2.61639,7.60271,5.49566),(2.61196,7.59318,5.48219),(2.6035,7.58513,5.46973),(2.59156,7.57911,5.4591),(2.57696,7.5755,5.45103),(2.541,7.93496,5.24101),(2.54081,7.92386,5.22783),(2.54505,7.91265,5.21545),(2.55342,7.9021,5.20471),(2.56536,7.89292,5.19634),(2.58005,7.88574,5.19091),(2.59649,7.88105,5.18879),(2.61357,7.87917,5.19013),(2.63011,7.88023,5.19483),(2.64499,7.88415,5.20258),(2.6572,7.89067,5.21284),(2.6659,7.89934,5.22492),(2.6705,7.90958,5.23799),(2.67069,7.92068,5.25117),(2.66646,7.93189,5.26355),(2.65808,7.94244,5.27429),(2.64615,7.95162,5.28266),(2.63145,7.9588,5.28809),(2.61501,7.96349,5.29021),(2.59794,7.96537,5.28887),(2.58139,7.96431,5.28417),(2.56651,7.96039,5.27642),(2.55431,7.95387,5.26616),(2.5456,7.9452,5.25408),(2.73274,8.27813,4.9029),(2.73726,8.28816,4.91595),(2.73755,8.29837,4.92834),(2.72419,8.26963,4.89082),(2.71219,8.26321,4.88052),(2.69753,8.25931,4.87269),(2.6812,8.25818,4.86786),(2.66429,8.25991,4.86634),(2.64793,8.26437,4.86825),(2.63321,8.27127,4.87344),(2.62112,8.28015,4.88158),(2.61246,8.29041,4.89212),(2.60782,8.30137,4.90436),(2.60751,8.31229,4.91747),(2.61118,8.32188,4.92982),(2.61849,8.33022,4.94144),(2.62899,8.33682,4.95164),(2.64207,8.34129,4.95982),(2.65696,8.34337,4.96549),(2.67276,8.34292,4.96832),(2.68855,8.33999,4.96813),(2.70339,8.33473,4.96495),(2.7164,8.32747,4.95895),(2.72681,8.31863,4.9505),(2.734,8.30873,4.94009),(2.71095,8.89897,4.44387),(2.71132,8.88835,4.43051),(2.71601,8.87768,4.41805),(2.72471,8.86766,4.40731),(2.73683,8.85897,4.39902),(2.75158,8.85219,4.39373),(2.76795,8.84777,4.39179),(2.78485,8.846,4.39333),(2.80116,8.84702,4.39825),(2.81579,8.85074,4.40623),(2.82775,8.85692,4.41672),(2.83624,8.86515,4.42902),(2.84071,8.87487,4.44232),(2.84096,8.8848,4.45494),(2.83736,8.89489,4.46691),(2.83012,8.90455,4.47751),(2.81967,8.91319,4.48612),(2.80664,8.92032,4.49223),(2.79179,8.9255,4.49547),(2.776,8.92843,4.49566),(2.76021,8.92894,4.49278),(2.71458,8.90828,4.45645),(2.72184,8.91635,4.46829),(2.7323,8.92272,4.47868),(2.74535,8.927,4.48701),(2.77779,9.26679,4.17915),(2.77426,9.25801,4.16616),(2.77473,9.24795,4.15237),(2.77951,9.23779,4.13951),(2.78829,9.22822,4.12843),(2.80047,9.21987,4.11987),(2.81525,9.21331,4.1144),(2.83164,9.20897,4.1124),(2.84853,9.20715,4.11399),(2.78496,9.27437,4.19136),(2.79535,9.2803,4.20209),(2.80834,9.28424,4.21069),(2.82316,9.28594,4.21665),(2.83893,9.28531,4.21962),(2.85472,9.28239,4.21942),(2.86959,9.27734,4.21608),(2.88267,9.27047,4.20977),(2.89318,9.26218,4.20089),(2.9005,9.25297,4.18994),(2.90418,9.24338,4.17759),(2.90403,9.23397,4.16456),(2.89966,9.22481,4.15084),(2.89126,9.21709,4.13813),(2.87937,9.21135,4.12731),(2.86481,9.20796,4.11907),(3.31397,12.30759,2.12156),(3.3106,12.29973,2.10795),(3.31124,12.29064,2.0935),(3.31618,12.2814,2.08002),(3.32509,12.27261,2.0684),(3.33739,12.26487,2.05943),(3.35224,12.2587,2.0537),(3.36865,12.2545,2.05161),(3.38552,12.25256,2.05328),(3.32099,12.3143,2.13436),(3.33124,12.31947,2.1456),(3.34412,12.3228,2.15461),(3.35886,12.32408,2.16086),(3.3746,12.32324,2.16397),(3.39039,12.32032,2.16377),(3.40531,12.31551,2.16026),(3.41846,12.30909,2.15365),(3.42908,12.30144,2.14434),(3.43653,12.293,2.13287),(3.44038,12.28428,2.11993),(3.44039,12.2758,2.10627),(3.43619,12.26761,2.09189),(3.42794,12.2608,2.07857),(3.41619,12.25582,2.06723),(3.40173,12.25301,2.0586),(3.40776,12.85074,1.79499),(3.40856,12.8426,1.78),(3.41366,12.83423,1.76602),(3.42271,12.8262,1.75398),(3.4351,12.81905,1.74467),(3.45002,12.81325,1.73874),(3.46645,12.80919,1.73656),(3.48331,12.80714,1.73829),(3.49946,12.80724,1.74381),(3.51382,12.80949,1.75276),(3.52544,12.81372,1.76453),(3.53353,12.81967,1.77833),(3.53756,12.82692,1.79325),(3.5374,12.83451,1.80741),(3.53341,12.84239,1.82083),(3.52582,12.85007,1.83273),(3.5151,12.85712,1.84238),(3.50186,12.86312,1.84924),(3.4869,12.8677,1.85288),(3.47111,12.87059,1.85309),(3.45541,12.87164,1.84986),(3.41097,12.85771,1.8091),(3.41784,12.86359,1.82238),(3.42796,12.86803,1.83403),(3.44074,12.87076,1.84338),(3.55392,13.66842,1.40298),(3.55099,13.66308,1.38805),(3.5521,13.65667,1.3722),(3.55749,13.64992,1.35741),(3.56678,13.64328,1.34467),(3.57937,13.6372,1.33483),(3.5944,13.63209,1.32854),(3.61088,13.62828,1.32624),(3.6277,13.62603,1.32807),(3.56052,13.67276,1.41703),(3.57041,13.67585,1.42936),(3.58299,13.67751,1.43924),(3.59753,13.67764,1.4461),(3.61316,13.67622,1.44951),(3.62896,13.67335,1.44929),(3.64399,13.66919,1.44544),(3.65737,13.66398,1.43819),(3.66829,13.65805,1.42798),(3.67612,13.65174,1.41539),(3.68038,13.64542,1.40119),(3.68084,13.63946,1.38622),(3.67711,13.63393,1.37043),(3.6693,13.62958,1.35583),(3.65792,13.6267,1.34338),(3.64374,13.62549,1.33392),(3.64806,14.21355,1.22802),(3.64965,14.20987,1.21138),(3.65548,14.20566,1.19585),(3.66516,14.20122,1.18247),(3.67804,14.19683,1.17213),(3.69327,14.1928,1.16554),(3.70982,14.18939,1.16312),(3.72658,14.18682,1.16504),(3.74244,14.18528,1.17118),(3.75634,14.18486,1.18111),(3.76734,14.1856,1.19419),(3.77471,14.18744,1.20952),(3.77796,14.19025,1.22609),(3.77705,14.19363,1.24182),(3.77235,14.19751,1.25673),(3.76414,14.20166,1.26994),(3.75291,14.20584,1.28067),(3.73932,14.20979,1.28828),(3.72417,14.21329,1.29232),(3.70836,14.21612,1.29256),(3.69283,14.21813,1.28897),(3.65053,14.21632,1.2437),(3.6567,14.21825,1.25845),(3.66622,14.21922,1.2714),(3.6785,14.21918,1.28178),(3.88722,15.56991,1.06366),(3.8891,15.56787,1.04682),(3.8952,15.56521,1.0311),(3.90512,15.56209,1.01756),(3.91818,15.55873,1.0071),(3.93352,15.55535,1.00042),(3.95011,15.55218,0.99798),(3.96685,15.54942,0.99992),(3.9826,15.54727,1.00613),(3.99632,15.54587,1.01619),(4.00709,15.54531,1.02942),(4.01419,15.54562,1.04494),(4.01715,15.5468,1.06171),(4.01597,15.54861,1.07763),(4.01101,15.55101,1.09271),(4.00257,15.55385,1.10608),(3.99115,15.55696,1.11694),(3.97742,15.56016,1.12464),(3.96221,15.56326,1.12873),(3.94639,15.56607,1.12897),(3.93093,15.56843,1.12534),(3.88942,15.57112,1.07953),(3.89533,15.57159,1.09445),(3.90462,15.57127,1.10755),(3.91672,15.5702,1.11806),(3.90448,15.65653,1.07261),(3.90243,15.6562,1.05667),(3.90448,15.6551,1.03975),(3.91074,15.6533,1.02396),(3.92078,15.65093,1.01036),(3.93395,15.64815,0.99986),(3.94936,15.64514,0.99315),(3.96597,15.64211,0.99069),(3.98268,15.63924,0.99265),(3.91025,15.65617,1.0876),(3.91941,15.65513,1.10076),(3.93141,15.65348,1.11131),(3.94554,15.65131,1.11863),(3.96097,15.64875,1.12228),(3.97679,15.64595,1.12204),(3.99204,15.64308,1.11793),(4.00585,15.6403,1.11019),(4.01737,15.6378,1.09929),(4.02594,15.6357,1.08586),(4.03105,15.63413,1.0707),(4.03238,15.6332,1.05471),(4.02959,15.63295,1.03786),(4.02264,15.6335,1.02227),(4.012,15.63479,1.00899),(3.99838,15.63675,0.99889),(3.97627,16.07497,1.05388),(3.97846,16.07467,1.03696),(3.98485,16.07363,1.02116),(3.99501,16.0719,1.00756),(4.00827,16.06962,0.99705),(4.02373,16.06693,0.99034),(4.04036,16.06401,0.98789),(4.05706,16.06106,0.98984),(4.0727,16.05827,0.99608),(4.08624,16.05583,1.00618),(4.09677,16.0539,1.01948),(4.10359,16.05262,1.03507),(4.10624,16.05206,1.05192),(4.10477,16.05224,1.06792),(4.09954,16.05308,1.08308),(4.09086,16.05454,1.09651),(4.07924,16.05654,1.10742),(4.06537,16.05894,1.11516),(4.05008,16.06162,1.11927),(4.03426,16.06441,1.11951),(4.01886,16.06714,1.11586),(3.97818,16.07455,1.06983),(3.98383,16.07348,1.08482),(3.99288,16.07181,1.09799),(4.00479,16.06966,1.10854),(4.23857,17.56235,1.0811),(4.24031,17.56222,1.06396),(4.24637,17.56132,1.04786),(4.25632,17.55971,1.03388),(4.26948,17.5575,1.02299),(4.28497,17.55484,1.01593),(4.30173,17.55192,1.01318),(4.31861,17.54892,1.01492),(4.33446,17.54606,1.02103),(4.3482,17.54354,1.03111),(4.3589,17.54151,1.04446),(4.36583,17.54013,1.06018),(4.36851,17.53948,1.07718),(4.36677,17.53961,1.09432),(4.36072,17.54051,1.11043),(4.35077,17.54213,1.12441),(4.3376,17.54434,1.13529),(4.32211,17.54699,1.14236),(4.30536,17.54992,1.14511),(4.28848,17.55291,1.14337),(4.27263,17.55577,1.13726),(4.25888,17.5583,1.12718),(4.24818,17.56032,1.11383),(4.24125,17.56171,1.09811),(4.78687,19.91207,1.08568),(4.78513,19.91227,1.10282),(4.77909,19.91323,1.11893),(4.76915,19.9149,1.1329),(4.75599,19.91715,1.14379),(4.74051,19.91984,1.15086),(4.72375,19.92277,1.15361),(4.70688,19.92576,1.15187),(4.69102,19.92859,1.14575),(4.67727,19.93108,1.13567),(4.66656,19.93305,1.12232),(4.65962,19.93438,1.10661),(4.65692,19.93496,1.0896),(4.65866,19.93476,1.07246),(4.6647,19.93379,1.05635),(4.67464,19.93213,1.04238),(4.6878,19.92988,1.03149),(4.70328,19.92719,1.02443),(4.72003,19.92425,1.02167),(4.73691,19.92127,1.02341),(4.78417,19.91265,1.06867),(4.77723,19.91397,1.05296),(4.76652,19.91594,1.03961),(4.75277,19.91843,1.02953),(4.85169,20.29555,1.07208),(4.85439,20.29502,1.08909),(4.85266,20.29526,1.10623),(4.84663,20.29626,1.12234),(4.8367,20.29797,1.13632),(4.82354,20.30025,1.14721),(4.80806,20.30295,1.15427),(4.79131,20.3059,1.15702),(4.77443,20.30888,1.15528),(4.84474,20.29683,1.05637),(4.83402,20.29877,1.04302),(4.82027,20.30123,1.03294),(4.80441,20.30405,1.02682),(4.78753,20.30703,1.02508),(4.77078,20.30998,1.02784),(4.7553,20.31268,1.0349),(4.74214,20.31496,1.04579),(4.73221,20.31666,1.05976),(4.72617,20.31767,1.07587),(4.72445,20.31791,1.09301),(4.72715,20.31738,1.11002),(4.7341,20.31609,1.12574),(4.74482,20.31416,1.13909),(4.75857,20.3117,1.14917),(4.91337,20.62951,1.0885),(4.91167,20.62991,1.10564),(4.90566,20.63106,1.12175),(4.89575,20.63289,1.13572),(4.88261,20.63527,1.14661),(4.86714,20.63803,1.15368),(4.8504,20.641,1.15643),(4.83352,20.64397,1.15469),(4.81765,20.64673,1.14857),(4.80388,20.6491,1.13849),(4.79314,20.65092,1.12514),(4.78617,20.65206,1.10943),(4.78344,20.65244,1.09242),(4.78513,20.65205,1.07528),(4.79114,20.65089,1.05917),(4.80105,20.64907,1.0452),(4.81419,20.64669,1.03431),(4.82966,20.64392,1.02725),(4.84641,20.64095,1.02449),(4.86329,20.63798,1.02623),(4.91064,20.62989,1.07149),(4.90367,20.63103,1.05578),(4.89293,20.63285,1.04243),(4.87916,20.63522,1.03235),(5.40478,23.4323,1.04426),(5.40754,23.4321,1.06126),(5.40588,23.43269,1.0784),(5.3999,23.43402,1.09451),(5.39002,23.436,1.10848),(5.3769,23.43849,1.11937),(5.36144,23.44134,1.12643),(5.3447,23.44434,1.12919),(5.32782,23.44729,1.12745),(5.39778,23.43327,1.02855),(5.38701,23.43494,1.0152),(5.37322,23.4372,1.00512),(5.35734,23.43989,0.999),(5.34046,23.44284,0.99726),(5.32372,23.44584,1.00002),(5.30826,23.44869,1.00708),(5.29514,23.45118,1.01797),(5.28526,23.45316,1.03194),(5.27928,23.45449,1.04804),(5.27762,23.45508,1.06518),(5.28038,23.45488,1.08219),(5.28738,23.45391,1.0979),(5.29814,23.45224,1.11125),(5.31194,23.44998,1.12133),(5.47266,23.81699,1.03505),(5.47534,23.81662,1.05191),(5.4739,23.81698,1.0679),(5.46581,23.8181,1.01946),(5.45525,23.81987,1.00616),(5.44169,23.8222,0.99606),(5.42604,23.82491,0.98982),(5.40934,23.82785,0.98787),(5.39271,23.83079,0.99032),(5.37726,23.83356,0.99703),(5.36403,23.83596,1.00754),(5.35389,23.83784,1.02115),(5.34753,23.83906,1.03694),(5.34538,23.83955,1.05387),(5.34732,23.83931,1.06981),(5.353,23.83841,1.08481),(5.36207,23.8369,1.09798),(5.37401,23.83486,1.10853),(5.38809,23.83242,1.11585),(5.4035,23.82973,1.1195),(5.41932,23.82694,1.11926),(5.4346,23.82422,1.11515),(5.44845,23.82173,1.10741),(5.46005,23.81961,1.0965),(5.4687,23.818,1.08306),(5.44751,24.41857,1.06239),(5.44924,24.41837,1.04525),(5.45528,24.41741,1.02914),(5.46522,24.41574,1.01517),(5.47838,24.41349,1.00428),(5.49386,24.41081,0.99722),(5.51062,24.40787,0.99446),(5.5275,24.40488,0.9962),(5.54335,24.40205,1.00232),(5.5571,24.39956,1.0124),(5.56781,24.39759,1.02575),(5.57475,24.39626,1.04146),(5.57745,24.39568,1.05847),(5.57571,24.39588,1.07561),(5.56967,24.39684,1.09172),(5.55973,24.3985,1.10569),(5.54657,24.40076,1.11658),(5.53109,24.40344,1.12365),(5.51434,24.40638,1.1264),(5.49746,24.40936,1.12466),(5.4816,24.4122,1.11854),(5.46785,24.41469,1.10846),(5.45714,24.41666,1.09511),(5.4502,24.41798,1.0794),(5.7505,25.3771,1.05978),(5.74879,25.37743,1.07692),(5.74277,25.37851,1.09303),(5.73284,25.38027,1.107),(5.7197,25.3826,1.11789),(5.70422,25.38534,1.12495),(5.68747,25.3883,1.12771),(5.67059,25.39127,1.12597),(5.65473,25.39406,1.11985),(5.64097,25.39648,1.10977),(5.63024,25.39835,1.09642),(5.62328,25.39956,1.08071),(5.62056,25.40002,1.0637),(5.62227,25.3997,1.04656),(5.62829,25.39861,1.03045),(5.63822,25.39685,1.01648),(5.65136,25.39452,1.00559),(5.66684,25.39178,0.99852),(5.68359,25.38882,0.99577),(5.70047,25.38585,0.99751),(5.74778,25.37756,1.04277),(5.74082,25.37877,1.02706),(5.73009,25.38064,1.0137),(5.71633,25.38306,1.00363),(5.80289,25.67424,1.05865),(5.80119,25.6746,1.07579),(5.79517,25.67572,1.0919),(5.78526,25.67752,1.10587),(5.77212,25.67988,1.11676),(5.75664,25.68264,1.12383),(5.7399,25.6856,1.12658),(5.72301,25.68857,1.12484),(5.70715,25.69134,1.11872),(5.69338,25.69373,1.10865),(5.68265,25.69558,1.0953),(5.67568,25.69675,1.07958),(5.67296,25.69716,1.06257),(5.67466,25.6968,1.04543),(5.68067,25.69567,1.02933),(5.69059,25.69387,1.01535),(5.70373,25.69151,1.00446),(5.7192,25.68876,0.9974),(5.73595,25.6858,0.99464),(5.75283,25.68283,0.99638),(5.80017,25.67465,1.04164),(5.7932,25.67582,1.02593),(5.78247,25.67766,1.01258),(5.7687,25.68005,1.0025),(5.83891,25.89412,1.04097),(5.84162,25.89387,1.05782),(5.8402,25.89434,1.07381),(5.83204,25.89512,1.02538),(5.82147,25.8968,1.01209),(5.8079,25.89905,1.00198),(5.79224,25.90173,0.99575),(5.77553,25.90465,0.99379),(5.75891,25.90761,0.99625),(5.74347,25.91043,1.00295),(5.73025,25.9129,1.01346),(5.72013,25.91487,1.02706),(5.71379,25.91621,1.04286),(5.71166,25.91681,1.05978),(5.71362,25.91669,1.07572),(5.71931,25.91589,1.09072),(5.7284,25.91446,1.10388),(5.74035,25.9125,1.11444),(5.75445,25.91012,1.12175),(5.76986,25.90745,1.1254),(5.78567,25.90466,1.12516),(5.80095,25.90191,1.12105),(5.81479,25.89936,1.11331),(5.82638,25.89717,1.1024),(5.83502,25.89546,1.08897),(5.80127,26.42484,1.04976),(5.80291,26.42412,1.03262),(5.80886,26.42266,1.01652),(5.81873,26.42057,1.00255),(5.83183,26.41798,0.99166),(5.84727,26.41508,0.9846),(5.86401,26.41206,0.98185),(5.8809,26.40913,0.98359),(5.89679,26.40648,0.9897),(5.91059,26.4043,0.99978),(5.92137,26.40274,1.01313),(5.9284,26.40189,1.02884),(5.93119,26.40183,1.04584),(5.92955,26.40255,1.06297),(5.92359,26.40401,1.07908),(5.91373,26.4061,1.09305),(5.90062,26.40869,1.10393),(5.88518,26.41159,1.11099),(5.86844,26.41461,1.11375),(5.85155,26.41754,1.11201),(5.83566,26.42019,1.10589),(5.82186,26.42237,1.09582),(5.81108,26.42394,1.08247),(5.80405,26.42478,1.06676),(6.31445,28.57544,0.98731),(6.31281,28.57615,1.00445),(6.30685,28.5776,1.02055),(6.29699,28.57968,1.03452),(6.28388,28.58226,1.04541),(6.26844,28.58516,1.05247),(6.2517,28.58818,1.05523),(6.23481,28.59111,1.05349),(6.21892,28.59376,1.04737),(6.20512,28.59595,1.03729),(6.19434,28.59752,1.02395),(6.18732,28.59837,1.00824),(6.18453,28.59844,0.99123),(6.18617,28.59773,0.9741),(6.19213,28.59628,0.958),(6.202,28.5942,0.94402),(6.2151,28.59162,0.93314),(6.23054,28.58872,0.92608),(6.24728,28.5857,0.92332),(6.26417,28.58277,0.92506),(6.31167,28.57551,0.97031),(6.30464,28.57636,0.9546),(6.29386,28.57793,0.94125),(6.28006,28.58012,0.93118),(6.3585,28.82525,0.98171),(6.35684,28.82588,0.99885),(6.35087,28.82725,1.01496),(6.34099,28.82926,1.02893),(6.32788,28.83179,1.03982),(6.31243,28.83465,1.04688),(6.29569,28.83766,1.04963),(6.2788,28.8406,1.04789),(6.26292,28.84328,1.04178),(6.24912,28.84552,1.0317),(6.23835,28.84715,1.01835),(6.23135,28.84808,1.00264),(6.22858,28.84824,0.98563),(6.23023,28.84761,0.9685),(6.2362,28.84624,0.95239),(6.24608,28.84422,0.93842),(6.25919,28.8417,0.92753),(6.27465,28.83883,0.92047),(6.29139,28.83583,0.91772),(6.30827,28.83288,0.91946),(6.35573,28.8254,0.96471),(6.34872,28.82633,0.949),(6.33795,28.82797,0.93565),(6.32416,28.8302,0.92557),(6.60739,30.25265,0.9407),(6.61016,30.2525,0.9577),(6.60851,30.25313,0.97484),(6.60254,30.2545,0.99094),(6.59266,30.25652,1.00491),(6.57955,30.25904,1.0158),(6.56409,30.26191,1.02286),(6.54735,30.26491,1.02562),(6.53047,30.26785,1.02388),(6.60038,30.25358,0.92498),(6.58961,30.25522,0.91163),(6.57582,30.25745,0.90156),(6.55993,30.26013,0.89544),(6.54305,30.26308,0.8937),(6.52631,30.26608,0.89646),(6.51086,30.26895,0.90352),(6.49774,30.27147,0.91441),(6.48787,30.27349,0.92838),(6.48189,30.27486,0.94448),(6.48024,30.27549,0.96162),(6.48301,30.27533,0.97862),(6.49002,30.27441,0.99434),(6.50079,30.27277,1.00769),(6.51458,30.27053,1.01776),(6.74064,31.0081,0.92385),(6.74334,31.00781,0.94071),(6.74192,31.00824,0.9567),(6.73378,31.00913,0.90826),(6.72321,31.01084,0.89497),(6.70964,31.01312,0.88487),(6.69399,31.01581,0.87863),(6.67729,31.01873,0.87667),(6.66066,31.02169,0.87913),(6.64521,31.02449,0.88584),(6.63199,31.02694,0.89634),(6.62187,31.02888,0.90995),(6.61552,31.03018,0.92574),(6.61338,31.03075,0.94267),(6.61534,31.03059,0.95861),(6.62103,31.02975,0.9736),(6.63011,31.0283,0.98677),(6.64205,31.02631,0.99732),(6.65615,31.02391,1.00464),(6.67156,31.02124,1.00829),(6.68737,31.01844,1.00805),(6.70265,31.0157,1.00394),(6.7165,31.01317,0.9962),(6.72809,31.01101,0.98529),(6.73673,31.00933,0.97186),(6.63141,31.13284,0.94461),(6.63312,31.13249,0.92747),(6.63914,31.13139,0.91136),(6.64906,31.12961,0.89739),(6.6622,31.12726,0.8865),(6.67767,31.12451,0.87943),(6.69442,31.12155,0.87668),(6.7113,31.11858,0.87842),(6.72717,31.1158,0.88453),(6.74093,31.1134,0.89461),(6.75166,31.11154,0.90796),(6.75863,31.11035,0.92368),(6.76135,31.10992,0.94069),(6.75964,31.11026,0.95783),(6.75362,31.11137,0.97394),(6.74371,31.11315,0.98791),(6.73056,31.1155,0.9988),(6.71509,31.11824,1.00586),(6.69834,31.1212,1.00862),(6.68146,31.12418,1.00688),(6.66559,31.12696,1.00076),(6.65183,31.12936,0.99068),(6.6411,31.13122,0.97733),(6.63413,31.1324,0.96162),(6.86721,31.71511,0.92895),(6.86775,31.71506,0.94617),(6.86387,31.71571,0.96294),(6.85583,31.71701,0.97813),(6.84419,31.71888,0.99069),(6.82972,31.72119,0.99977),(6.81343,31.72377,1.00475),(6.79642,31.72646,1.0053),(6.77985,31.72908,1.00136),(6.76484,31.73143,0.99322),(6.75243,31.73337,0.98143),(6.74346,31.73476,0.96679),(6.73853,31.7355,0.9503),(6.73799,31.73555,0.93307),(6.74187,31.73491,0.9163),(6.74991,31.7336,0.90111),(6.76155,31.73174,0.88855),(6.77602,31.72943,0.87947),(6.79231,31.72684,0.87449),(6.80932,31.72415,0.87395),(6.82589,31.72154,0.87788),(6.8409,31.71918,0.88602),(6.85331,31.71725,0.89781),(6.86228,31.71586,0.91246),(6.90348,32.30694,1.00335),(6.88664,32.30929,1.0061),(6.86966,32.31167,1.00436),(6.85371,32.31393,0.99825),(6.83988,32.3159,0.98817),(6.8291,32.31745,0.97482),(6.82211,32.31848,0.95911),(6.81939,32.31892,0.9421),(6.82112,32.31873,0.92496),(6.82718,32.31793,0.90885),(6.83717,32.31658,0.89487),(6.8504,32.31476,0.88398),(6.86596,32.31261,0.87692),(6.88281,32.31026,0.87416),(6.89978,32.30787,0.8759),(6.91573,32.30562,0.88202),(6.92956,32.30365,0.89209),(6.94034,32.3021,0.90545),(6.94733,32.30107,0.92116),(6.95006,32.30063,0.93817),(6.94833,32.30081,0.95531),(6.94226,32.30161,0.97142),(6.93228,32.30296,0.98539),(6.91905,32.30478,0.99628),(6.98542,32.55313,0.93959),(6.98367,32.55319,0.95673),(6.97759,32.55385,0.97284),(6.96759,32.5551,0.98681),(6.95435,32.55683,0.9977),(6.93877,32.55893,1.00477),(6.92193,32.56126,1.00752),(6.90495,32.56365,1.00579),(6.88901,32.56596,0.99967),(6.87519,32.56801,0.98959),(6.86442,32.56966,0.97624),(6.85745,32.57082,0.96053),(6.85475,32.57139,0.94352),(6.8565,32.57134,0.92638),(6.86258,32.57067,0.91027),(6.87258,32.56943,0.8963),(6.88582,32.5677,0.88541),(6.90139,32.5656,0.87835),(6.91824,32.56327,0.87559),(6.93521,32.56087,0.87733),(6.98272,32.55371,0.92259),(6.97574,32.55486,0.90687),(6.96498,32.55652,0.89352),(6.95115,32.55857,0.88344),(7.01524,32.76992,0.93663),(7.01521,32.76971,0.95386),(7.01074,32.76997,0.9705),(7.00214,32.77068,0.98541),(6.99,32.77179,0.99759),(6.97513,32.77322,1.00619),(6.95856,32.77488,1.01064),(6.94141,32.77666,1.01063),(6.92485,32.77843,1.00616),(6.91002,32.78007,0.99754),(6.89791,32.78147,0.98535),(6.88936,32.78254,0.97043),(6.88495,32.7832,0.95378),(6.88498,32.78341,0.93655),(6.88945,32.78315,0.91992),(6.89804,32.78244,0.905),(6.91019,32.78133,0.89283),(6.92506,32.77989,0.88422),(6.94163,32.77823,0.87977),(6.95878,32.77646,0.87978),(6.97533,32.77469,0.88425),(6.99017,32.77305,0.89287),(7.00228,32.77164,0.90506),(7.01083,32.77058,0.91999),(7.02253,33.82851,1.01896),(7.00542,33.82939,1.01712),(6.98936,33.83023,1.01091),(6.97546,33.83097,1.00076),(6.96466,33.83156,0.98734),(6.9577,33.83197,0.97159),(6.95504,33.83216,0.95457),(6.95688,33.83213,0.93744),(6.96308,33.83187,0.92136),(6.97323,33.8314,0.90745),(6.98663,33.83075,0.89663),(7.00236,33.82998,0.88966),(7.01937,33.82912,0.887),(7.03648,33.82824,0.88883),(7.05253,33.82741,0.89504),(7.06643,33.82666,0.9052),(7.07723,33.82607,0.91861),(7.0842,33.82566,0.93437),(7.08685,33.82547,0.95139),(7.08502,33.8255,0.96852),(7.07881,33.82576,0.98459),(7.06867,33.82623,0.99851),(7.05527,33.82688,1.00932),(7.03953,33.82765,1.0163),(7.01947,34.22881,1.01696),(7.00338,34.22936,1.01083),(6.98943,34.22986,1.00074),(6.97856,34.23027,0.98738),(6.97151,34.23057,0.97166),(6.96878,34.23073,0.95465),(6.97054,34.23075,0.93751),(6.97667,34.23062,0.9214),(6.98675,34.23035,0.90744),(7.00011,34.22996,0.89656),(7.01582,34.22948,0.88951),(7.03283,34.22894,0.88677),(7.04996,34.22837,0.88853),(7.06605,34.22782,0.89466),(7.08,34.22732,0.90475),(7.09087,34.22691,0.91811),(7.09792,34.22661,0.93384),(7.10065,34.22645,0.95085),(7.0989,34.22644,0.96799),(7.09276,34.22657,0.98409),(7.08268,34.22684,0.99805),(7.06932,34.22722,1.00893),(7.05361,34.22771,1.01598),(7.03661,34.22825,1.01872),(7.11077,34.61845,0.94037),(7.11271,34.6182,0.95749),(7.11016,34.61816,0.97453),(7.10329,34.61833,0.99033),(7.09257,34.61869,1.00382),(7.07873,34.61924,1.01406),(7.06271,34.61992,1.02038),(7.04561,34.62069,1.02233),(7.02858,34.6215,1.01979),(7.0128,34.62229,1.01292),(6.99933,34.62302,1.00219),(6.9891,34.62362,0.98835),(6.9828,34.62406,0.97232),(6.98085,34.62431,0.9552),(6.9834,34.62436,0.93816),(6.99027,34.62419,0.92236),(7.00099,34.62382,0.90887),(7.01483,34.62328,0.89863),(7.03085,34.6226,0.89231),(7.04795,34.62183,0.89036),(7.06498,34.62101,0.8929),(7.08076,34.62022,0.89977),(7.09423,34.6195,0.9105),(7.10446,34.61889,0.92434),(7.08525,35.09897,1.02638),(7.06922,35.09996,1.02662),(7.05361,35.10088,1.02296),(7.03934,35.10166,1.01564),(7.02725,35.10227,1.00509),(7.01806,35.10267,0.99192),(7.01232,35.10283,0.97693),(7.01036,35.10275,0.96098),(7.10074,35.09796,1.02228),(7.11478,35.09699,1.01455),(7.12654,35.09613,1.00364),(7.13532,35.09541,0.99021),(7.1406,35.09489,0.97506),(7.14208,35.0946,0.95907),(7.13937,35.09455,0.94221),(7.13244,35.09477,0.9266),(7.12175,35.09526,0.9133),(7.10801,35.09598,0.90319),(7.09215,35.09688,0.89694),(7.07522,35.09789,0.89498),(7.05836,35.09897,0.89743),(7.0427,35.10002,0.90414),(7.02928,35.10098,0.91465),(7.019,35.10179,0.92826),(7.01255,35.10239,0.94405),(7.01735,35.18336,0.97432),(7.01531,35.18297,0.95721),(7.01775,35.18213,0.94018),(7.0245,35.18089,0.92437),(7.03511,35.17935,0.91088),(7.04884,35.1776,0.9006),(7.06476,35.17577,0.89426),(7.0818,35.17398,0.89227),(7.09878,35.17235,0.89478),(7.11455,35.171,0.90162),(7.12804,35.17001,0.91231),(7.13832,35.16946,0.92613),(7.1447,35.16938,0.94213),(7.14673,35.16977,0.95924),(7.14429,35.17061,0.97627),(7.13754,35.17185,0.99208),(7.12694,35.17339,1.00558),(7.11321,35.17514,1.01585),(7.09728,35.17697,1.02219),(7.08025,35.17876,1.02418),(7.06327,35.18039,1.02167),(7.04749,35.18174,1.01484),(7.03401,35.18273,1.00415),(7.02373,35.18328,0.99033),(7.21516,36.01555,0.9932),(7.19833,36.01879,0.99514),(7.18155,36.02188,0.99258),(7.16597,36.02459,0.9857),(7.15265,36.02674,0.97497),(7.14249,36.02819,0.96112),(7.1362,36.02883,0.94509),(7.13418,36.02863,0.92798),(7.1366,36.0276,0.91095),(7.23089,36.01236,0.98691),(7.24446,36.00945,0.97668),(7.25494,36.00701,0.96321),(7.26161,36.00521,0.94742),(7.26403,36.00417,0.93039),(7.26201,36.00397,0.91328),(7.25572,36.00462,0.89726),(7.24556,36.00607,0.88341),(7.23224,36.00822,0.87267),(7.21666,36.01093,0.86579),(7.19988,36.01401,0.86323),(7.18305,36.01726,0.86517),(7.16732,36.02045,0.87147),(7.15375,36.02336,0.8817),(7.14327,36.0258,0.89517),(7.34045,36.57166,0.97601),(7.32486,36.57538,0.9762),(7.30967,36.57893,0.97251),(7.29577,36.58209,0.96518),(7.28398,36.58468,0.95463),(7.27501,36.58654,0.94148),(7.26937,36.58757,0.92651),(7.2674,36.58771,0.91061),(7.35551,36.56799,0.97197),(7.36917,36.56458,0.96431),(7.38061,36.56162,0.95348),(7.38917,36.55931,0.94012),(7.39432,36.55777,0.92502),(7.39578,36.55709,0.90907),(7.39317,36.55736,0.89217),(7.38642,36.55864,0.87651),(7.37598,36.56085,0.86314),(7.36257,36.56384,0.85295),(7.34708,36.5674,0.84664),(7.33055,36.57129,0.84462),(7.31409,36.57527,0.84703),(7.29881,36.57905,0.85371),(7.28573,36.58238,0.86421),(7.27573,36.58505,0.87783),(7.26948,36.58687,0.89365),(7.33231,36.85993,0.91061),(7.33388,36.8593,0.89347),(7.33967,36.85747,0.87734),(7.34928,36.85456,0.86333),(7.36206,36.85076,0.85239),(7.37713,36.84634,0.84527),(7.39347,36.8416,0.84246),(7.40997,36.83685,0.84414),(7.4255,36.83243,0.8502),(7.439,36.82863,0.86022),(7.44955,36.82571,0.87354),(7.45644,36.82388,0.88923),(7.45919,36.82325,0.90622),(7.45762,36.82387,0.92337),(7.45183,36.8257,0.9395),(7.44222,36.82862,0.95351),(7.42945,36.83241,0.96444),(7.41437,36.83684,0.97156),(7.39803,36.84158,0.97438),(7.38154,36.84633,0.9727),(7.36601,36.85075,0.96664),(7.35251,36.85455,0.95661),(7.34195,36.85747,0.9433),(7.33506,36.8593,0.92761),(7.54408,37.25002,0.96904),(7.52891,37.25519,0.96922),(7.51412,37.26013,0.96554),(7.50058,37.26455,0.9582),(7.48908,37.26819,0.94765),(7.48031,37.27083,0.9345),(7.47477,37.27232,0.91954),(7.4728,37.27258,0.90364),(7.47477,37.27147,0.88668),(7.4808,37.269,0.87086),(7.49049,37.26534,0.85724),(7.50319,37.26074,0.84674),(7.51804,37.25551,0.84006),(7.53406,37.24999,0.83766),(7.55015,37.24456,0.83968),(7.56525,37.23959,0.84601),(7.57833,37.2354,0.85621),(7.58852,37.23228,0.86959),(7.59514,37.23044,0.88526),(7.59773,37.23,0.90217),(7.59635,37.23088,0.91811),(7.59137,37.23297,0.9332),(7.55872,37.24492,0.96501),(7.57199,37.24021,0.95736),(7.58309,37.23614,0.94654),(7.59794,37.63784,0.89837),(7.59756,37.63753,0.88115),(7.60136,37.63564,0.86445),(7.60909,37.63231,0.84942),(7.62022,37.62776,0.83707),(7.63398,37.6223,0.82826),(7.64945,37.6163,0.82357),(7.66556,37.61018,0.82334),(7.68122,37.60434,0.82757),(7.69537,37.59919,0.83598),(7.70703,37.59508,0.84799),(7.71541,37.59229,0.86279),(7.71995,37.591,0.87937),(7.72033,37.59131,0.89659),(7.71652,37.5932,0.91329),(7.70879,37.59653,0.92833),(7.69766,37.60108,0.94067),(7.6839,37.60654,0.94949),(7.66843,37.61254,0.95417),(7.65232,37.61867,0.9544),(7.63666,37.6245,0.95017),(7.62252,37.62965,0.94176),(7.61085,37.63376,0.92975),(7.60247,37.63656,0.91495),(7.69473,37.73115,0.95242),(7.6797,37.73764,0.94705),(7.66644,37.74332,0.93762),(7.65586,37.7478,0.92478),(7.64867,37.75078,0.90941),(7.64537,37.75206,0.89255),(7.64619,37.75154,0.87535),(7.65106,37.74927,0.85898),(7.65966,37.7454,0.84455),(7.67139,37.74019,0.83306),(7.68546,37.734,0.82529),(7.70092,37.72725,0.82175),(7.7167,37.7204,0.8227),(7.73173,37.71391,0.82808),(7.74499,37.70824,0.8375),(7.75557,37.70376,0.85034),(7.76276,37.70077,0.86571),(7.76606,37.6995,0.88257),(7.76524,37.70001,0.89978),(7.76037,37.70228,0.91615),(7.75178,37.70615,0.93057),(7.74004,37.71136,0.94206),(7.72597,37.71755,0.94984),(7.71052,37.7243,0.95337),(7.75986,37.84293,0.95275),(7.74424,37.84994,0.95085),(7.72959,37.85649,0.94459),(7.71691,37.86214,0.93438),(7.70706,37.86649,0.92093),(7.70072,37.86926,0.90515),(7.69832,37.87025,0.88811),(7.70002,37.86939,0.87099),(7.7057,37.86675,0.85494),(7.71499,37.8625,0.84106),(7.72723,37.85693,0.83029),(7.74161,37.85043,0.82338),(7.75714,37.84344,0.82078),(7.77276,37.83642,0.82268),(7.78741,37.82987,0.82895),(7.80009,37.82422,0.83916),(7.80994,37.81987,0.85261),(7.81628,37.8171,0.86839),(7.81868,37.81612,0.88542),(7.81698,37.81697,0.90255),(7.8113,37.81962,0.91859),(7.80202,37.82386,0.93247),(7.78977,37.82943,0.94324),(7.77539,37.83593,0.95016),(8.02721,38.28626,0.86648),(8.0296,38.28524,0.88351),(8.02789,38.28607,0.90063),(8.0222,38.28869,0.91668),(8.0129,38.29291,0.93056),(8.00065,38.29846,0.94133),(7.98626,38.30495,0.94824),(7.97073,38.31194,0.95084),(7.95511,38.31896,0.94894),(8.02089,38.28905,0.8507),(8.01105,38.29343,0.83724),(7.99838,38.29909,0.82703),(7.98373,38.30566,0.82077),(7.96811,38.31267,0.81887),(7.95258,38.31966,0.82146),(7.9382,38.32615,0.82838),(7.92594,38.3317,0.83915),(7.91665,38.33593,0.85303),(7.91095,38.33854,0.86907),(7.90924,38.33937,0.8862),(7.91163,38.33835,0.90323),(7.91796,38.33556,0.91901),(7.92779,38.33118,0.93246),(7.94047,38.32552,0.94267),(8.07404,38.38933,0.8678),(8.07599,38.38838,0.88489),(8.07392,38.38947,0.90197),(8.06798,38.39253,0.91785),(8.05857,38.39734,0.93147),(8.04633,38.40357,0.94189),(8.0321,38.41081,0.9484),(8.01685,38.41856,0.95057),(8.0016,38.42629,0.94823),(7.98742,38.43348,0.94156),(7.97525,38.43963,0.93101),(7.96593,38.44432,0.91729),(7.9601,38.44724,0.90134),(7.95815,38.44819,0.88424),(7.96022,38.4471,0.86717),(7.96616,38.44404,0.85129),(7.97557,38.43923,0.83767),(7.9878,38.433,0.82725),(8.00204,38.42576,0.82073),(8.01729,38.41801,0.81857),(8.03254,38.41028,0.8209),(8.04672,38.40309,0.82757),(8.05889,38.39694,0.83813),(8.06821,38.39225,0.85185),(8.33639,38.97745,0.94928),(8.32151,38.98592,0.94737),(8.30757,38.99387,0.9411),(8.29553,39.00076,0.93089),(8.2862,39.00613,0.91744),(8.28022,39.0096,0.90166),(8.278,39.01094,0.88462),(8.27969,39.01006,0.8675),(8.28517,39.00702,0.85145),(8.29408,39.00203,0.83757),(8.3058,38.99542,0.82681),(8.31953,38.98765,0.8199),(8.33435,38.97924,0.8173),(8.34923,38.97077,0.81921),(8.36317,38.96282,0.82548),(8.37522,38.95592,0.83569),(8.38454,38.95056,0.84914),(8.39052,38.94709,0.86493),(8.39274,38.94574,0.88196),(8.39105,38.94662,0.89908),(8.38557,38.94966,0.91513),(8.37666,38.95466,0.92901),(8.36494,38.96127,0.93977),(8.35121,38.96904,0.94669),(8.49186,39.12064,0.87946),(8.4912,39.12094,0.89668),(8.4868,39.1236,0.91312),(8.47895,39.12847,0.92768),(8.46818,39.13519,0.93935),(8.45524,39.14332,0.94734),(8.44101,39.1523,0.95111),(8.42644,39.16151,0.95041),(8.41255,39.17034,0.94527),(8.40026,39.17817,0.93605),(8.39043,39.18448,0.92337),(8.38372,39.18883,0.90811),(8.38058,39.19094,0.8913),(8.38124,39.19064,0.87409),(8.38564,39.18797,0.85764),(8.3935,39.18311,0.84309),(8.40426,39.17639,0.83141),(8.4172,39.16826,0.82342),(8.43143,39.15928,0.81965),(8.446,39.15007,0.82036),(8.45989,39.14124,0.8255),(8.47218,39.13341,0.83472),(8.48201,39.1271,0.84739),(8.48872,39.12274,0.86265),(8.71072,39.51555,0.94956),(8.69677,39.52532,0.95216),(8.68275,39.53515,0.95027),(8.66959,39.54434,0.94401),(8.6582,39.55229,0.93381),(8.64937,39.55844,0.92036),(8.64367,39.56238,0.90458),(8.64152,39.56384,0.88755),(8.64305,39.56272,0.87042),(8.64815,39.5591,0.85437),(8.65649,39.55321,0.84049),(8.66749,39.54548,0.82972),(8.6804,39.53641,0.82279),(8.69435,39.52663,0.82019),(8.70838,39.51681,0.82209),(8.72153,39.50761,0.82835),(8.73292,39.49967,0.83855),(8.74175,39.49351,0.852),(8.74745,39.48957,0.86778),(8.7496,39.48812,0.88481),(8.74807,39.48924,0.90193),(8.74297,39.49286,0.91799),(8.73463,39.49874,0.93187),(8.72363,39.50648,0.94264),(8.93608,39.75883,0.8656),(8.93835,39.75754,0.88263),(8.93694,39.75882,0.89975),(8.93194,39.7626,0.9158),(8.9237,39.76862,0.92968),(8.91277,39.77646,0.94045),(8.8999,39.7856,0.94738),(8.88598,39.7954,0.94998),(8.87194,39.8052,0.94808),(8.93028,39.76262,0.84982),(8.92135,39.76864,0.83637),(8.9099,39.77649,0.82617),(8.8967,39.78563,0.81991),(8.88266,39.79543,0.81802),(8.86873,39.80523,0.82062),(8.85586,39.81437,0.82754),(8.84494,39.82221,0.83831),(8.83669,39.82823,0.85219),(8.8317,39.83201,0.86824),(8.83028,39.83329,0.88537),(8.83255,39.832,0.9024),(8.83835,39.82821,0.91817),(8.84728,39.82219,0.93162),(8.85874,39.81434,0.94182),(8.97454,39.8102,0.87377),(8.97499,39.81075,0.89099),(8.9719,39.81402,0.90763),(8.96547,39.81977,0.92256),(8.95614,39.82762,0.93476),(8.94456,39.83704,0.94341),(8.93149,39.84737,0.9479),(8.91785,39.85792,0.94794),(8.90455,39.86797,0.94352),(8.89251,39.87684,0.93494),(8.88254,39.88391,0.9228),(8.87532,39.88871,0.9079),(8.87135,39.89091,0.89128),(8.8709,39.89035,0.87406),(8.87399,39.88709,0.85742),(8.88042,39.88134,0.84249),(8.88975,39.87349,0.83029),(8.90133,39.86407,0.82165),(8.9144,39.85374,0.81716),(8.92804,39.84318,0.81712),(8.94134,39.83313,0.82154),(8.95338,39.82427,0.83011),(8.96335,39.8172,0.84226),(8.97057,39.8124,0.85715),(9.50178,40.47421,0.88577),(9.49077,40.48517,0.89325),(9.47854,40.4969,0.89646),(9.46593,40.5086,0.89519),(9.45379,40.51947,0.88953),(9.44296,40.52876,0.87986),(9.43417,40.53585,0.86684),(9.42802,40.54026,0.85135),(9.42493,40.54167,0.83446),(9.42511,40.54,0.81732),(9.42855,40.53536,0.80108),(9.43502,40.52806,0.78686),(9.44406,40.51861,0.77563),(9.45507,40.50765,0.76816),(9.4673,40.49591,0.76494),(9.47992,40.48422,0.76621),(9.49205,40.47335,0.77188),(9.50288,40.46405,0.78155),(9.51167,40.45696,0.79457),(9.51782,40.45256,0.81005),(9.52091,40.45115,0.82694),(9.52073,40.45282,0.84409),(9.51729,40.45746,0.86033),(9.51082,40.46475,0.87454),(9.6482,40.65513,0.88061),(9.63708,40.66658,0.88069),(9.6262,40.67765,0.87694),(9.6162,40.68768,0.86957),(9.60767,40.6961,0.85901),(9.6011,40.7024,0.84588),(9.59689,40.70622,0.83095),(9.59527,40.70734,0.8151),(9.59653,40.70546,0.79806),(9.60082,40.70049,0.78218),(9.60785,40.69279,0.76853),(9.61714,40.68287,0.75802),(9.62806,40.6714,0.75138),(9.63988,40.65916,0.74906),(9.65179,40.64698,0.7512),(9.66299,40.63568,0.75767),(9.67271,40.62603,0.76802),(9.68031,40.61868,0.78156),(9.68527,40.61412,0.79737),(9.68725,40.61267,0.81438),(9.68629,40.6142,0.83026),(9.68271,40.61841,0.84525),(9.67669,40.62505,0.85848),(9.65892,40.64396,0.87669),(9.66861,40.63374,0.86916),(10.03802,41.13612,0.83828),(10.03772,41.13703,0.82108),(10.04039,41.13458,0.80423),(10.04585,41.12892,0.7889),(10.05372,41.12045,0.77612),(10.06346,41.10974,0.76676),(10.07442,41.09752,0.76146),(10.08585,41.08463,0.76058),(10.09696,41.07194,0.76419),(10.107,41.06032,0.77204),(10.11529,41.05056,0.78358),(10.12126,41.04332,0.79804),(10.1245,41.0391,0.81443),(10.1248,41.03819,0.83164),(10.12213,41.04065,0.84848),(10.11667,41.04631,0.86382),(10.1088,41.05478,0.8766),(10.09906,41.06549,0.88596),(10.0881,41.07771,0.89126),(10.07667,41.0906,0.89213),(10.06556,41.10329,0.88852),(10.05552,41.11491,0.88068),(10.04723,41.12467,0.86913),(10.04126,41.13191,0.85467),(10.64479,41.53927,0.91109),(10.63412,41.55265,0.90906),(10.62427,41.56526,0.90268),(10.61589,41.57624,0.89237),(10.60956,41.58483,0.87885),(10.60572,41.59046,0.86302),(10.60461,41.59274,0.84598),(10.60633,41.59152,0.82888),(10.61075,41.58688,0.81289),(10.61756,41.57913,0.79909),(10.62632,41.5688,0.78843),(10.63641,41.5566,0.78164),(10.64715,41.54336,0.77917),(10.65782,41.52998,0.7812),(10.66767,41.51737,0.78758),(10.67605,41.50639,0.79789),(10.68238,41.4978,0.81141),(10.68622,41.49217,0.82723),(10.68732,41.48989,0.84428),(10.68561,41.49111,0.86138),(10.68119,41.49575,0.87737),(10.67438,41.5035,0.89117),(10.66562,41.51383,0.90183),(10.65553,41.52603,0.90862),(10.78238,41.56799,0.83681),(10.78257,41.56655,0.85397),(10.78004,41.56867,0.87088),(10.77496,41.57422,0.88638),(10.76767,41.58281,0.89942),(10.75866,41.59387,0.9091),(10.74856,41.60663,0.91476),(10.73805,41.62023,0.91603),(10.72785,41.63374,0.91281),(10.71865,41.64624,0.90532),(10.71108,41.65687,0.89407),(10.70565,41.66493,0.87984),(10.70274,41.66984,0.86358),(10.70254,41.67129,0.84642),(10.70507,41.66916,0.82951),(10.71016,41.66362,0.81401),(10.71745,41.65502,0.80097),(10.72645,41.64397,0.79129),(10.73655,41.63121,0.78563),(10.74706,41.61761,0.78436),(10.75727,41.6041,0.78758),(10.76647,41.5916,0.79507),(10.77404,41.58096,0.80632),(10.77947,41.57291,0.82055),(10.78544,41.65499,0.91858),(10.7752,41.66847,0.91536),(10.76595,41.68094,0.90786),(10.75835,41.69155,0.89662),(10.75289,41.69958,0.88238),(10.74996,41.70449,0.86613),(10.74976,41.70593,0.84896),(10.75229,41.70381,0.83205),(10.7574,41.69827,0.81655),(10.76472,41.6897,0.80352),(10.77376,41.67867,0.79384),(10.7839,41.66594,0.78818),(10.79445,41.65238,0.78691),(10.8047,41.6389,0.79014),(10.81395,41.62643,0.79763),(10.82155,41.61582,0.80887),(10.82701,41.60779,0.82311),(10.82994,41.60288,0.83937),(10.83014,41.60144,0.85654),(10.8276,41.60356,0.87345),(10.796,41.64143,0.91732),(10.80614,41.6287,0.91165),(10.81518,41.61767,0.90198),(10.8225,41.6091,0.88894),(11.44326,42.19061,0.95294),(11.43205,42.2033,0.94967),(11.42191,42.21504,0.94213),(11.41354,42.22503,0.93084),(11.4075,42.23258,0.91658),(11.4042,42.23718,0.9003),(11.40387,42.23852,0.88313),(11.40653,42.2365,0.86622),(11.412,42.23127,0.85074),(11.41991,42.22318,0.83774),(11.42972,42.21277,0.8281),(11.44075,42.20077,0.82249),(11.45227,42.18799,0.82127),(11.46348,42.17529,0.82455),(11.47361,42.16355,0.83209),(11.48199,42.15356,0.84337),(11.48803,42.14601,0.85764),(11.49133,42.14141,0.87392),(11.49166,42.14007,0.89109),(11.489,42.14209,0.90799),(11.45477,42.17782,0.95173),(11.46581,42.16582,0.94611),(11.47562,42.15541,0.93648),(11.48353,42.14732,0.92347),(12.05441,42.77385,0.98184),(12.04174,42.78555,0.98194),(12.02978,42.79718,0.97758),(12.01936,42.80794,0.96908),(12.01117,42.81711,0.957),(12.00578,42.82404,0.94217),(12.00356,42.82828,0.9256),(12.00466,42.82954,0.90841),(12.00899,42.82772,0.89179),(12.01627,42.82295,0.87686),(12.02601,42.81556,0.86465),(12.03753,42.80605,0.85597),(12.05005,42.79507,0.85143),(12.06272,42.78337,0.85133),(12.07467,42.77174,0.85568),(12.0851,42.76098,0.86419),(12.09329,42.75182,0.87627),(12.09867,42.74488,0.8911),(12.1009,42.74064,0.90767),(12.0998,42.73939,0.92485),(12.09547,42.74121,0.94148),(12.08818,42.74597,0.9564),(12.07845,42.75336,0.96862),(12.06693,42.76287,0.9773),(12.37127,43.07528,1.01822),(12.3616,43.08008,1.03165),(12.34988,43.08737,1.04196),(12.3369,43.09668,1.04844),(12.32355,43.10735,1.05065),(12.31075,43.11866,1.04844),(12.29935,43.12984,1.04196),(12.29014,43.14013,1.03164),(12.28375,43.14883,1.0182),(12.28061,43.15534,1.00256),(12.28094,43.15922,0.98576),(12.28472,43.16021,0.96898),(12.29167,43.15823,0.95333),(12.30134,43.15343,0.9399),(12.31306,43.14613,0.92959),(12.32604,43.13683,0.92311),(12.33939,43.12617,0.9209),(12.35219,43.11486,0.92312),(12.36359,43.10368,0.9296),(12.37279,43.09339,0.93991),(12.37919,43.08469,0.95334),(12.38232,43.07818,0.96899),(12.382,43.07429,0.98578),(12.37823,43.07331,1.00257),(12.64921,43.39578,1.06032),(12.64857,43.39152,1.077),(12.64448,43.39015,1.09368),(12.63723,43.39177,1.10923),(12.62731,43.39627,1.12258),(12.64636,43.40264,1.04477),(12.64022,43.41164,1.03142),(12.63121,43.42216,1.02118),(12.61994,43.43348,1.01474),(12.60717,43.44484,1.01254),(12.59378,43.45546,1.01474),(12.58068,43.46462,1.02118),(12.56877,43.47168,1.03142),(12.55885,43.47618,1.04477),(12.5516,43.4778,1.06032),(12.54751,43.47644,1.077),(12.54687,43.47218,1.09368),(12.54972,43.46532,1.10923),(12.55586,43.45632,1.12258),(12.56487,43.4458,1.13282),(12.57614,43.43447,1.13926),(12.58891,43.42311,1.14146),(12.6023,43.4125,1.13926),(12.6154,43.40334,1.13282)),$);
#98= IFCTRIANGULATEDFACESET(#97,$,$,((1,2,3),(3,2,4),(3,4,5),(2,1,6),(6,1,7),(6,7,8),(8,7,9),(8,9,10),(10,9,11),(10,11,12),(12,11,13),(12,13,14),(14,13,15),(14,15,16),(16,15,17),(16,17,18),(18,17,19),(18,19,20),(20,19,21),(20,21,22),(22,21,23),(22,23,24),(24,23,25),(24,25,26),(26,25,27),(26,27,28),(28,27,29),(28,29,30),(30,29,31),(30,31,32),(32,31,33),(32,33,34),(34,33,35),(34,35,36),(36,35,37),(36,37,38),(38,37,39),(38,39,40),(40,39,41),(40,41,42),(42,41,43),(42,43,44),(44,43,45),(44,45,46),(46,45,47),(46,47,48),(48,47,49),(48,49,5),(5,49,3),(28,50,26),(26,50,51),(26,51,24),(24,51,52),(24,52,22),(22,52,53),(22,53,20),(20,53,54),(20,54,18),(18,54,55),(18,55,16),(16,55,56),(16,56,14),(14,56,57),(14,57,58),(50,28,59),(59,28,30),(59,30,60),(60,30,32),(60,32,61),(61,32,34),(61,34,62),(62,34,36),(62,36,63),(63,36,38),(63,38,40),(63,40,64),(64,40,42),(64,42,65),(65,42,44),(65,44,66),(66,44,46),(66,46,67),(67,46,48),(67,48,68),(68,48,5),(68,5,69),(69,5,4),(69,4,70),(70,4,2),(70,2,71),(71,2,6),(71,6,72),(72,6,8),(72,8,73),(73,8,10),(73,10,74),(74,10,12),(74,12,58),(58,12,14),(50,75,51),(51,75,76),(51,76,52),(52,76,77),(52,77,53),(53,77,78),(53,78,54),(54,78,79),(54,79,55),(55,79,80),(55,80,56),(56,80,81),(56,81,57),(57,81,58),(58,81,82),(58,82,74),(74,82,83),(74,83,73),(73,83,84),(73,84,72),(72,84,85),(72,85,71),(71,85,86),(71,86,70),(70,86,87),(70,87,69),(69,87,88),(69,88,68),(68,88,89),(68,89,67),(67,89,90),(67,90,66),(66,90,91),(66,91,65),(65,91,92),(65,92,64),(64,92,93),(64,93,63),(63,93,94),(63,94,95),(75,50,96),(96,50,59),(96,59,97),(97,59,60),(97,60,98),(98,60,61),(98,61,99),(99,61,62),(99,62,95),(95,62,63),(96,100,75),(75,100,101),(75,101,76),(76,101,102),(76,102,77),(77,102,103),(77,103,78),(78,103,104),(78,104,79),(79,104,105),(79,105,80),(80,105,106),(80,106,81),(81,106,107),(81,107,82),(82,107,108),(82,108,83),(83,108,109),(83,109,84),(84,109,110),(84,110,85),(85,110,111),(85,111,86),(86,111,112),(86,112,87),(87,112,88),(88,112,113),(88,113,89),(89,113,114),(89,114,90),(90,114,115),(90,115,91),(91,115,116),(91,116,92),(92,116,117),(92,117,93),(93,117,118),(93,118,94),(94,118,119),(94,119,95),(95,119,120),(95,120,99),(99,120,121),(99,121,98),(98,121,122),(98,122,97),(97,122,123),(97,123,96),(96,123,100),(111,124,112),(112,124,125),(112,125,126),(124,111,127),(127,111,110),(127,110,128),(128,110,109),(128,109,129),(129,109,108),(129,108,130),(130,108,107),(130,107,131),(131,107,106),(131,106,132),(132,106,105),(132,105,133),(133,105,104),(133,104,134),(134,104,103),(134,103,135),(135,103,102),(135,102,136),(136,102,101),(136,101,137),(137,101,100),(137,100,138),(138,100,123),(138,123,139),(139,123,122),(139,122,140),(140,122,121),(140,121,141),(141,121,120),(141,120,142),(142,120,119),(142,119,143),(143,119,118),(143,118,144),(144,118,117),(144,117,145),(145,117,116),(145,116,146),(146,116,115),(146,115,147),(147,115,114),(147,114,148),(148,114,113),(148,113,126),(126,113,112),(138,149,137),(137,149,150),(137,150,136),(136,150,151),(136,151,135),(135,151,152),(135,152,134),(134,152,153),(134,153,133),(133,153,154),(133,154,132),(132,154,155),(132,155,131),(131,155,156),(131,156,157),(149,138,158),(158,138,139),(158,139,159),(159,139,140),(159,140,160),(160,140,141),(160,141,161),(161,141,142),(161,142,162),(162,142,143),(162,143,144),(162,144,163),(163,144,145),(163,145,164),(164,145,146),(164,146,165),(165,146,147),(165,147,166),(166,147,148),(166,148,167),(167,148,126),(167,126,168),(168,126,125),(168,125,169),(169,125,124),(169,124,170),(170,124,127),(170,127,171),(171,127,128),(171,128,172),(172,128,129),(172,129,173),(173,129,130),(173,130,157),(157,130,131),(149,174,150),(150,174,175),(150,175,151),(151,175,176),(151,176,152),(152,176,177),(152,177,153),(153,177,178),(153,178,154),(154,178,179),(154,179,155),(155,179,180),(155,180,156),(156,180,157),(157,180,181),(157,181,173),(173,181,182),(173,182,172),(172,182,183),(172,183,171),(171,183,184),(171,184,170),(170,184,185),(170,185,169),(169,185,186),(169,186,168),(168,186,187),(168,187,167),(167,187,188),(167,188,166),(166,188,189),(166,189,165),(165,189,190),(165,190,164),(164,190,191),(164,191,163),(163,191,192),(163,192,162),(162,192,193),(162,193,194),(174,149,195),(195,149,158),(195,158,196),(196,158,159),(196,159,197),(197,159,160),(197,160,198),(198,160,161),(198,161,194),(194,161,162),(195,199,174),(174,199,200),(174,200,175),(175,200,201),(175,201,176),(176,201,202),(176,202,177),(177,202,203),(177,203,178),(178,203,204),(178,204,179),(179,204,205),(179,205,180),(180,205,206),(180,206,207),(199,195,208),(208,195,196),(208,196,209),(209,196,197),(209,197,210),(210,197,198),(210,198,211),(211,198,194),(211,194,212),(212,194,193),(212,193,192),(212,192,213),(213,192,191),(213,191,214),(214,191,190),(214,190,215),(215,190,189),(215,189,216),(216,189,188),(216,188,217),(217,188,187),(217,187,218),(218,187,186),(218,186,219),(219,186,185),(219,185,220),(220,185,184),(220,184,221),(221,184,183),(221,183,222),(222,183,182),(222,182,223),(223,182,181),(223,181,207),(207,181,180),(199,224,200),(200,224,225),(200,225,201),(201,225,226),(201,226,202),(202,226,227),(202,227,203),(203,227,228),(203,228,204),(204,228,229),(204,229,205),(205,229,230),(205,230,206),(206,230,231),(206,231,232),(224,199,233),(233,199,208),(233,208,234),(234,208,209),(234,209,235),(235,209,210),(235,210,236),(236,210,211),(236,211,237),(237,211,212),(237,212,213),(237,213,238),(238,213,214),(238,214,239),(239,214,215),(239,215,240),(240,215,216),(240,216,241),(241,216,217),(241,217,242),(242,217,218),(242,218,243),(243,218,219),(243,219,244),(244,219,220),(244,220,245),(245,220,221),(245,221,246),(246,221,222),(246,222,247),(247,222,223),(247,223,248),(248,223,207),(248,207,232),(232,207,206),(224,249,225),(225,249,250),(225,250,226),(226,250,251),(226,251,227),(227,251,252),(227,252,228),(228,252,253),(228,253,229),(229,253,254),(229,254,230),(230,254,255),(230,255,231),(231,255,232),(232,255,256),(232,256,248),(248,256,257),(248,257,247),(247,257,258),(247,258,246),(246,258,259),(246,259,245),(245,259,260),(245,260,244),(244,260,261),(244,261,243),(243,261,262),(243,262,242),(242,262,263),(242,263,241),(241,263,264),(241,264,240),(240,264,265),(240,265,239),(239,265,266),(239,266,238),(238,266,267),(238,267,237),(237,267,268),(237,268,269),(249,224,270),(270,224,233),(270,233,271),(271,233,234),(271,234,272),(272,234,235),(272,235,273),(273,235,236),(273,236,269),(269,236,237),(270,274,249),(249,274,275),(249,275,250),(250,275,276),(250,276,251),(251,276,277),(251,277,252),(252,277,278),(252,278,253),(253,278,279),(253,279,254),(254,279,280),(254,280,255),(255,280,281),(255,281,282),(274,270,283),(283,270,271),(283,271,284),(284,271,272),(284,272,285),(285,272,273),(285,273,286),(286,273,269),(286,269,287),(287,269,268),(287,268,267),(287,267,288),(288,267,266),(288,266,289),(289,266,265),(289,265,290),(290,265,264),(290,264,291),(291,264,263),(291,263,292),(292,263,262),(292,262,293),(293,262,261),(293,261,294),(294,261,260),(294,260,295),(295,260,259),(295,259,296),(296,259,258),(296,258,297),(297,258,257),(297,257,298),(298,257,256),(298,256,282),(282,256,255),(274,299,275),(275,299,300),(275,300,276),(276,300,301),(276,301,277),(277,301,302),(277,302,278),(278,302,303),(278,303,279),(279,303,304),(279,304,280),(280,304,305),(280,305,281),(281,305,306),(281,306,282),(282,306,307),(282,307,298),(298,307,308),(298,308,297),(297,308,309),(297,309,296),(296,309,310),(296,310,295),(295,310,311),(295,311,294),(294,311,293),(293,311,312),(293,312,292),(292,312,313),(292,313,291),(291,313,314),(291,314,290),(290,314,315),(290,315,289),(289,315,316),(289,316,288),(288,316,317),(288,317,287),(287,317,318),(287,318,286),(286,318,319),(286,319,285),(285,319,320),(285,320,284),(284,320,321),(284,321,283),(283,321,322),(283,322,274),(274,322,299),(310,323,311),(311,323,324),(311,324,325),(323,310,326),(326,310,309),(326,309,327),(327,309,308),(327,308,328),(328,308,307),(328,307,329),(329,307,306),(329,306,330),(330,306,305),(330,305,331),(331,305,304),(331,304,332),(332,304,303),(332,303,333),(333,303,302),(333,302,334),(334,302,301),(334,301,335),(335,301,300),(335,300,336),(336,300,299),(336,299,337),(337,299,322),(337,322,338),(338,322,321),(338,321,339),(339,321,320),(339,320,340),(340,320,319),(340,319,341),(341,319,318),(341,318,342),(342,318,317),(342,317,343),(343,317,316),(343,316,344),(344,316,315),(344,315,345),(345,315,314),(345,314,346),(346,314,313),(346,313,347),(347,313,312),(347,312,325),(325,312,311),(337,348,336),(336,348,349),(336,349,335),(335,349,350),(335,350,334),(334,350,351),(334,351,333),(333,351,352),(333,352,332),(332,352,353),(332,353,331),(331,353,354),(331,354,330),(330,354,329),(329,354,355),(329,355,328),(328,355,356),(328,356,327),(327,356,357),(327,357,326),(326,357,358),(326,358,323),(323,358,359),(323,359,324),(324,359,360),(324,360,325),(325,360,361),(325,361,347),(347,361,362),(347,362,346),(346,362,363),(346,363,345),(345,363,364),(345,364,344),(344,364,365),(344,365,343),(343,365,366),(343,366,342),(342,366,367),(342,367,368),(348,337,369),(369,337,338),(369,338,370),(370,338,339),(370,339,371),(371,339,340),(371,340,372),(372,340,341),(372,341,368),(368,341,342),(369,373,348),(348,373,374),(348,374,349),(349,374,375),(349,375,350),(350,375,376),(350,376,351),(351,376,377),(351,377,352),(352,377,378),(352,378,353),(353,378,379),(353,379,354),(354,379,380),(354,380,381),(373,369,382),(382,369,370),(382,370,383),(383,370,371),(383,371,384),(384,371,372),(384,372,385),(385,372,368),(385,368,386),(386,368,367),(386,367,366),(386,366,387),(387,366,365),(387,365,388),(388,365,364),(388,364,389),(389,364,363),(389,363,390),(390,363,362),(390,362,391),(391,362,361),(391,361,392),(392,361,360),(392,360,393),(393,360,359),(393,359,394),(394,359,358),(394,358,395),(395,358,357),(395,357,396),(396,357,356),(396,356,397),(397,356,355),(397,355,381),(381,355,354),(373,398,374),(374,398,399),(374,399,375),(375,399,400),(375,400,376),(376,400,401),(376,401,377),(377,401,402),(377,402,378),(378,402,403),(378,403,379),(379,403,404),(379,404,380),(380,404,405),(380,405,406),(398,373,407),(407,373,382),(407,382,408),(408,382,383),(408,383,409),(409,383,384),(409,384,410),(410,384,385),(410,385,411),(411,385,386),(411,386,387),(411,387,412),(412,387,388),(412,388,413),(413,388,389),(413,389,414),(414,389,390),(414,390,415),(415,390,391),(415,391,416),(416,391,392),(416,392,417),(417,392,393),(417,393,418),(418,393,394),(418,394,419),(419,394,395),(419,395,420),(420,395,396),(420,396,421),(421,396,397),(421,397,422),(422,397,381),(422,381,406),(406,381,380),(398,423,399),(399,423,424),(399,424,400),(400,424,425),(400,425,401),(401,425,426),(401,426,402),(402,426,427),(402,427,403),(403,427,428),(403,428,404),(404,428,429),(404,429,405),(405,429,406),(406,429,430),(406,430,422),(422,430,431),(422,431,421),(421,431,432),(421,432,420),(420,432,433),(420,433,419),(419,433,434),(419,434,418),(418,434,435),(418,435,417),(417,435,436),(417,436,416),(416,436,437),(416,437,415),(415,437,438),(415,438,414),(414,438,439),(414,439,413),(413,439,440),(413,440,412),(412,440,441),(412,441,411),(411,441,442),(411,442,443),(423,398,444),(444,398,407),(444,407,445),(445,407,408),(445,408,446),(446,408,409),(446,409,447),(447,409,410),(447,410,443),(443,410,411),(444,448,423),(423,448,449),(423,449,424),(424,449,450),(424,450,425),(425,450,451),(425,451,426),(426,451,452),(426,452,427),(427,452,453),(427,453,428),(428,453,454),(428,454,429),(429,454,455),(429,455,456),(448,444,457),(457,444,445),(457,445,458),(458,445,446),(458,446,459),(459,446,447),(459,447,460),(460,447,443),(460,443,461),(461,443,442),(461,442,441),(461,441,462),(462,441,440),(462,440,463),(463,440,439),(463,439,464),(464,439,438),(464,438,465),(465,438,437),(465,437,466),(466,437,436),(466,436,467),(467,436,435),(467,435,468),(468,435,434),(468,434,469),(469,434,433),(469,433,470),(470,433,432),(470,432,471),(471,432,431),(471,431,472),(472,431,430),(472,430,456),(456,430,429),(448,473,449),(449,473,474),(449,474,450),(450,474,475),(450,475,451),(451,475,476),(451,476,452),(452,476,477),(452,477,453),(453,477,478),(453,478,454),(454,478,479),(454,479,455),(455,479,456),(456,479,480),(456,480,472),(472,480,481),(472,481,471),(471,481,482),(471,482,470),(470,482,483),(470,483,469),(469,483,484),(469,484,468),(468,484,485),(468,485,467),(467,485,486),(467,486,466),(466,486,487),(466,487,465),(465,487,488),(465,488,464),(464,488,489),(464,489,463),(463,489,490),(463,490,462),(462,490,491),(462,491,461),(461,491,492),(461,492,493),(473,448,494),(494,448,457),(494,457,495),(495,457,458),(495,458,496),(496,458,459),(496,459,497),(497,459,460),(497,460,493),(493,460,461),(494,498,473),(473,498,499),(473,499,474),(474,499,500),(474,500,475),(475,500,501),(475,501,476),(476,501,502),(476,502,477),(477,502,503),(477,503,478),(478,503,504),(478,504,479),(479,504,480),(480,504,505),(480,505,481),(481,505,506),(481,506,482),(482,506,507),(482,507,483),(483,507,508),(483,508,484),(484,508,509),(484,509,485),(485,509,510),(485,510,486),(486,510,511),(486,511,487),(487,511,512),(487,512,488),(488,512,513),(488,513,489),(489,513,514),(489,514,490),(490,514,515),(490,515,491),(491,515,516),(491,516,492),(492,516,517),(492,517,518),(498,494,519),(519,494,495),(519,495,520),(520,495,496),(520,496,521),(521,496,497),(521,497,522),(522,497,493),(522,493,518),(518,493,492),(519,523,498),(498,523,524),(498,524,499),(499,524,525),(499,525,500),(500,525,526),(500,526,501),(501,526,527),(501,527,502),(502,527,528),(502,528,503),(503,528,529),(503,529,504),(504,529,530),(504,530,531),(523,519,532),(532,519,520),(532,520,533),(533,520,521),(533,521,534),(534,521,522),(534,522,535),(535,522,518),(535,518,536),(536,518,517),(536,517,516),(536,516,537),(537,516,515),(537,515,538),(538,515,514),(538,514,539),(539,514,513),(539,513,540),(540,513,512),(540,512,541),(541,512,511),(541,511,542),(542,511,510),(542,510,543),(543,510,509),(543,509,544),(544,509,508),(544,508,545),(545,508,507),(545,507,546),(546,507,506),(546,506,547),(547,506,505),(547,505,531),(531,505,504),(523,548,524),(524,548,549),(524,549,525),(525,549,550),(525,550,526),(526,550,551),(526,551,527),(527,551,552),(527,552,528),(528,552,553),(528,553,529),(529,553,554),(529,554,530),(530,554,531),(531,554,555),(531,555,547),(547,555,556),(547,556,546),(546,556,557),(546,557,545),(545,557,558),(545,558,544),(544,558,559),(544,559,543),(543,559,560),(543,560,542),(542,560,561),(542,561,541),(541,561,562),(541,562,540),(540,562,563),(540,563,539),(539,563,564),(539,564,538),(538,564,565),(538,565,537),(537,565,566),(537,566,536),(536,566,567),(536,567,568),(548,523,569),(569,523,532),(569,532,570),(570,532,533),(570,533,571),(571,533,534),(571,534,572),(572,534,535),(572,535,568),(568,535,536),(569,573,548),(548,573,574),(548,574,549),(549,574,575),(549,575,550),(550,575,576),(550,576,551),(551,576,577),(551,577,552),(552,577,578),(552,578,553),(553,578,579),(553,579,554),(554,579,580),(554,580,555),(555,580,581),(555,581,556),(556,581,582),(556,582,557),(557,582,583),(557,583,558),(558,583,584),(558,584,559),(559,584,585),(559,585,560),(560,585,561),(561,585,586),(561,586,562),(562,586,587),(562,587,563),(563,587,588),(563,588,564),(564,588,589),(564,589,565),(565,589,590),(565,590,566),(566,590,591),(566,591,567),(567,591,592),(567,592,568),(568,592,593),(568,593,572),(572,593,594),(572,594,571),(571,594,595),(571,595,570),(570,595,596),(570,596,569),(569,596,573),(584,597,585),(585,597,598),(585,598,586),(586,598,599),(586,599,587),(587,599,600),(587,600,588),(588,600,601),(588,601,589),(589,601,602),(589,602,590),(590,602,603),(590,603,591),(591,603,592),(592,603,604),(592,604,593),(593,604,605),(593,605,594),(594,605,606),(594,606,595),(595,606,607),(595,607,596),(596,607,608),(596,608,573),(573,608,609),(573,609,574),(574,609,610),(574,610,575),(575,610,611),(575,611,576),(576,611,612),(576,612,577),(577,612,613),(577,613,578),(578,613,614),(578,614,579),(579,614,615),(579,615,616),(597,584,617),(617,584,583),(617,583,618),(618,583,582),(618,582,619),(619,582,581),(619,581,620),(620,581,580),(620,580,616),(616,580,579),(617,621,597),(597,621,622),(597,622,598),(598,622,623),(598,623,599),(599,623,624),(599,624,600),(600,624,625),(600,625,601),(601,625,626),(601,626,602),(602,626,627),(602,627,603),(603,627,628),(603,628,629),(621,617,630),(630,617,618),(630,618,631),(631,618,619),(631,619,632),(632,619,620),(632,620,633),(633,620,616),(633,616,634),(634,616,615),(634,615,614),(634,614,635),(635,614,613),(635,613,636),(636,613,612),(636,612,637),(637,612,611),(637,611,638),(638,611,610),(638,610,639),(639,610,609),(639,609,640),(640,609,608),(640,608,641),(641,608,607),(641,607,642),(642,607,606),(642,606,643),(643,606,605),(643,605,644),(644,605,604),(644,604,629),(629,604,603),(621,645,622),(622,645,646),(622,646,623),(623,646,647),(623,647,624),(624,647,648),(624,648,625),(625,648,649),(625,649,626),(626,649,650),(626,650,627),(627,650,651),(627,651,628),(628,651,629),(629,651,652),(629,652,644),(644,652,653),(644,653,643),(643,653,654),(643,654,642),(642,654,655),(642,655,641),(641,655,656),(641,656,640),(640,656,657),(640,657,639),(639,657,658),(639,658,638),(638,658,659),(638,659,637),(637,659,660),(637,660,636),(636,660,661),(636,661,635),(635,661,662),(635,662,634),(634,662,663),(634,663,664),(645,621,665),(665,621,630),(665,630,666),(666,630,631),(666,631,667),(667,631,632),(667,632,668),(668,632,633),(668,633,664),(664,633,634),(665,669,645),(645,669,670),(645,670,646),(646,670,671),(646,671,647),(647,671,672),(647,672,648),(648,672,673),(648,673,649),(649,673,674),(649,674,650),(650,674,675),(650,675,651),(651,675,676),(651,676,677),(669,665,678),(678,665,666),(678,666,679),(679,666,667),(679,667,680),(680,667,668),(680,668,681),(681,668,664),(681,664,682),(682,664,663),(682,663,662),(682,662,683),(683,662,661),(683,661,684),(684,661,660),(684,660,685),(685,660,659),(685,659,686),(686,659,658),(686,658,687),(687,658,657),(687,657,688),(688,657,656),(688,656,689),(689,656,655),(689,655,690),(690,655,654),(690,654,691),(691,654,653),(691,653,692),(692,653,652),(692,652,677),(677,652,651),(669,693,670),(670,693,694),(670,694,695),(693,669,696),(696,669,678),(696,678,697),(697,678,679),(697,679,698),(698,679,680),(698,680,699),(699,680,681),(699,681,700),(700,681,682),(700,682,701),(701,682,683),(701,683,702),(702,683,684),(702,684,703),(703,684,685),(703,685,704),(704,685,686),(704,686,705),(705,686,687),(705,687,706),(706,687,688),(706,688,707),(707,688,689),(707,689,708),(708,689,690),(708,690,709),(709,690,691),(709,691,710),(710,691,692),(710,692,711),(711,692,677),(711,677,712),(712,677,676),(712,676,713),(713,676,675),(713,675,714),(714,675,674),(714,674,715),(715,674,673),(715,673,716),(716,673,672),(716,672,717),(717,672,671),(717,671,695),(695,671,670),(707,718,706),(706,718,719),(706,719,705),(705,719,720),(705,720,704),(704,720,721),(704,721,703),(703,721,722),(703,722,702),(702,722,723),(702,723,701),(701,723,724),(701,724,700),(700,724,725),(700,725,699),(699,725,726),(699,726,698),(698,726,727),(698,727,697),(697,727,728),(697,728,696),(696,728,729),(696,729,693),(693,729,730),(693,730,694),(694,730,695),(695,730,731),(695,731,717),(717,731,732),(717,732,716),(716,732,733),(716,733,715),(715,733,734),(715,734,714),(714,734,735),(714,735,713),(713,735,736),(713,736,712),(712,736,737),(712,737,711),(711,737,738),(711,738,710),(710,738,739),(710,739,709),(709,739,740),(709,740,708),(708,740,741),(708,741,707),(707,741,718),(729,742,730),(730,742,743),(730,743,731),(731,743,744),(731,744,732),(732,744,745),(732,745,733),(733,745,746),(733,746,734),(734,746,747),(734,747,735),(735,747,748),(735,748,736),(736,748,737),(737,748,749),(737,749,738),(738,749,750),(738,750,739),(739,750,751),(739,751,740),(740,751,752),(740,752,741),(741,752,753),(741,753,718),(718,753,754),(718,754,719),(719,754,755),(719,755,720),(720,755,756),(720,756,721),(721,756,757),(721,757,722),(722,757,758),(722,758,723),(723,758,759),(723,759,724),(724,759,760),(724,760,761),(742,729,762),(762,729,728),(762,728,763),(763,728,727),(763,727,764),(764,727,726),(764,726,765),(765,726,725),(765,725,761),(761,725,724),(762,766,742),(742,766,767),(742,767,743),(743,767,768),(743,768,744),(744,768,769),(744,769,745),(745,769,770),(745,770,746),(746,770,771),(746,771,747),(747,771,772),(747,772,748),(748,772,749),(749,772,773),(749,773,750),(750,773,774),(750,774,751),(751,774,775),(751,775,752),(752,775,776),(752,776,753),(753,776,777),(753,777,754),(754,777,778),(754,778,755),(755,778,779),(755,779,756),(756,779,780),(756,780,757),(757,780,781),(757,781,758),(758,781,782),(758,782,759),(759,782,783),(759,783,760),(760,783,784),(760,784,785),(766,762,786),(786,762,763),(786,763,787),(787,763,764),(787,764,788),(788,764,765),(788,765,789),(789,765,761),(789,761,785),(785,761,760),(786,790,766),(766,790,791),(766,791,792),(790,786,793),(793,786,787),(793,787,794),(794,787,788),(794,788,795),(795,788,789),(795,789,796),(796,789,785),(796,785,797),(797,785,784),(797,784,798),(798,784,783),(798,783,799),(799,783,782),(799,782,800),(800,782,781),(800,781,801),(801,781,780),(801,780,802),(802,780,779),(802,779,803),(803,779,778),(803,778,804),(804,778,777),(804,777,805),(805,777,776),(805,776,806),(806,776,775),(806,775,807),(807,775,774),(807,774,808),(808,774,773),(808,773,809),(809,773,772),(809,772,810),(810,772,771),(810,771,811),(811,771,770),(811,770,812),(812,770,769),(812,769,813),(813,769,768),(813,768,814),(814,768,767),(814,767,792),(792,767,766),(804,815,803),(803,815,816),(803,816,802),(802,816,817),(802,817,801),(801,817,818),(801,818,800),(800,818,819),(800,819,799),(799,819,820),(799,820,798),(798,820,821),(798,821,797),(797,821,822),(797,822,796),(796,822,823),(796,823,795),(795,823,824),(795,824,794),(794,824,825),(794,825,793),(793,825,826),(793,826,790),(790,826,827),(790,827,791),(791,827,792),(792,827,828),(792,828,814),(814,828,829),(814,829,813),(813,829,830),(813,830,812),(812,830,831),(812,831,811),(811,831,832),(811,832,810),(810,832,833),(810,833,809),(809,833,834),(809,834,808),(808,834,835),(808,835,807),(807,835,836),(807,836,806),(806,836,837),(806,837,805),(805,837,838),(805,838,804),(804,838,815),(826,839,827),(827,839,840),(827,840,828),(828,840,841),(828,841,829),(829,841,842),(829,842,830),(830,842,843),(830,843,831),(831,843,844),(831,844,832),(832,844,845),(832,845,833),(833,845,834),(834,845,846),(834,846,835),(835,846,847),(835,847,836),(836,847,848),(836,848,837),(837,848,849),(837,849,838),(838,849,850),(838,850,815),(815,850,851),(815,851,816),(816,851,852),(816,852,817),(817,852,853),(817,853,818),(818,853,854),(818,854,819),(819,854,855),(819,855,820),(820,855,856),(820,856,821),(821,856,857),(821,857,858),(839,826,859),(859,826,825),(859,825,860),(860,825,824),(860,824,861),(861,824,823),(861,823,862),(862,823,822),(862,822,858),(858,822,821),(859,863,839),(839,863,864),(839,864,840),(840,864,865),(840,865,841),(841,865,866),(841,866,842),(842,866,867),(842,867,843),(843,867,868),(843,868,844),(844,868,869),(844,869,845),(845,869,846),(846,869,870),(846,870,847),(847,870,871),(847,871,848),(848,871,872),(848,872,849),(849,872,873),(849,873,850),(850,873,874),(850,874,851),(851,874,875),(851,875,852),(852,875,876),(852,876,853),(853,876,877),(853,877,854),(854,877,878),(854,878,855),(855,878,879),(855,879,856),(856,879,880),(856,880,857),(857,880,881),(857,881,882),(863,859,883),(883,859,860),(883,860,884),(884,860,861),(884,861,885),(885,861,862),(885,862,886),(886,862,858),(886,858,882),(882,858,857),(883,887,863),(863,887,888),(863,888,864),(864,888,889),(864,889,865),(865,889,890),(865,890,866),(866,890,891),(866,891,867),(867,891,892),(867,892,868),(868,892,893),(868,893,869),(869,893,894),(869,894,895),(887,883,896),(896,883,884),(896,884,897),(897,884,885),(897,885,898),(898,885,886),(898,886,899),(899,886,882),(899,882,900),(900,882,881),(900,881,880),(900,880,901),(901,880,879),(901,879,902),(902,879,878),(902,878,903),(903,878,877),(903,877,904),(904,877,876),(904,876,905),(905,876,875),(905,875,906),(906,875,874),(906,874,907),(907,874,873),(907,873,908),(908,873,872),(908,872,909),(909,872,871),(909,871,910),(910,871,870),(910,870,895),(895,870,869),(887,911,888),(888,911,912),(888,912,913),(911,887,914),(914,887,896),(914,896,915),(915,896,897),(915,897,916),(916,897,898),(916,898,917),(917,898,899),(917,899,918),(918,899,900),(918,900,919),(919,900,901),(919,901,920),(920,901,902),(920,902,921),(921,902,903),(921,903,922),(922,903,904),(922,904,923),(923,904,905),(923,905,924),(924,905,906),(924,906,925),(925,906,907),(925,907,926),(926,907,908),(926,908,927),(927,908,909),(927,909,928),(928,909,910),(928,910,929),(929,910,895),(929,895,930),(930,895,894),(930,894,931),(931,894,893),(931,893,932),(932,893,892),(932,892,933),(933,892,891),(933,891,934),(934,891,890),(934,890,935),(935,890,889),(935,889,913),(913,889,888),(925,936,924),(924,936,937),(924,937,923),(923,937,938),(923,938,922),(922,938,939),(922,939,921),(921,939,940),(921,940,920),(920,940,941),(920,941,919),(919,941,942),(919,942,918),(918,942,943),(918,943,917),(917,943,944),(917,944,916),(916,944,945),(916,945,915),(915,945,946),(915,946,914),(914,946,947),(914,947,911),(911,947,948),(911,948,912),(912,948,913),(913,948,949),(913,949,935),(935,949,950),(935,950,934),(934,950,951),(934,951,933),(933,951,952),(933,952,932),(932,952,953),(932,953,931),(931,953,954),(931,954,930),(930,954,955),(930,955,929),(929,955,956),(929,956,928),(928,956,957),(928,957,927),(927,957,958),(927,958,926),(926,958,959),(926,959,925),(925,959,936),(947,960,948),(948,960,961),(948,961,949),(949,961,962),(949,962,950),(950,962,963),(950,963,951),(951,963,964),(951,964,952),(952,964,965),(952,965,953),(953,965,966),(953,966,954),(954,966,967),(954,967,955),(955,967,968),(955,968,956),(956,968,969),(956,969,957),(957,969,970),(957,970,958),(958,970,971),(958,971,959),(959,971,972),(959,972,936),(936,972,973),(936,973,937),(937,973,974),(937,974,938),(938,974,975),(938,975,939),(939,975,976),(939,976,940),(940,976,977),(940,977,941),(941,977,978),(941,978,942),(942,978,979),(942,979,943),(943,979,980),(943,980,944),(944,980,981),(944,981,945),(945,981,982),(945,982,946),(946,982,983),(946,983,947),(947,983,960),(965,984,966),(966,984,985),(966,985,967),(967,985,986),(967,986,968),(968,986,987),(968,987,969),(969,987,988),(969,988,970),(970,988,989),(970,989,971),(971,989,990),(971,990,972),(972,990,991),(972,991,973),(973,991,992),(973,992,974),(974,992,993),(974,993,975),(975,993,994),(975,994,976),(976,994,995),(976,995,977),(977,995,996),(977,996,978),(978,996,997),(978,997,979),(979,997,998),(979,998,980),(980,998,999),(980,999,981),(981,999,1000),(981,1000,982),(982,1000,1001),(982,1001,983),(983,1001,1002),(983,1002,960),(960,1002,1003),(960,1003,961),(961,1003,1004),(961,1004,962),(962,1004,1005),(962,1005,963),(963,1005,1006),(963,1006,964),(964,1006,1007),(964,1007,965),(965,1007,984),(1002,1008,1003),(1003,1008,1009),(1003,1009,1004),(1004,1009,1010),(1004,1010,1005),(1005,1010,1011),(1005,1011,1006),(1006,1011,1012),(1006,1012,1007),(1007,1012,1013),(1007,1013,984),(984,1013,1014),(984,1014,985),(985,1014,986),(986,1014,1015),(986,1015,987),(987,1015,1016),(987,1016,988),(988,1016,1017),(988,1017,989),(989,1017,1018),(989,1018,990),(990,1018,1019),(990,1019,991),(991,1019,1020),(991,1020,992),(992,1020,1021),(992,1021,993),(993,1021,1022),(993,1022,994),(994,1022,1023),(994,1023,995),(995,1023,1024),(995,1024,996),(996,1024,1025),(996,1025,997),(997,1025,1026),(997,1026,1027),(1008,1002,1028),(1028,1002,1001),(1028,1001,1029),(1029,1001,1000),(1029,1000,1030),(1030,1000,999),(1030,999,1031),(1031,999,998),(1031,998,1027),(1027,998,997),(1028,1032,1008),(1008,1032,1033),(1008,1033,1009),(1009,1033,1034),(1009,1034,1010),(1010,1034,1035),(1010,1035,1011),(1011,1035,1036),(1011,1036,1012),(1012,1036,1037),(1012,1037,1013),(1013,1037,1038),(1013,1038,1014),(1014,1038,1039),(1014,1039,1015),(1015,1039,1040),(1015,1040,1016),(1016,1040,1041),(1016,1041,1017),(1017,1041,1042),(1017,1042,1018),(1018,1042,1043),(1018,1043,1019),(1019,1043,1044),(1019,1044,1020),(1020,1044,1045),(1020,1045,1021),(1021,1045,1046),(1021,1046,1022),(1022,1046,1047),(1022,1047,1023),(1023,1047,1048),(1023,1048,1024),(1024,1048,1049),(1024,1049,1025),(1025,1049,1050),(1025,1050,1026),(1026,1050,1051),(1026,1051,1027),(1027,1051,1052),(1027,1052,1031),(1031,1052,1053),(1031,1053,1030),(1030,1053,1054),(1030,1054,1029),(1029,1054,1055),(1029,1055,1028),(1028,1055,1032),(1038,1056,1039),(1039,1056,1057),(1039,1057,1040),(1040,1057,1058),(1040,1058,1041),(1041,1058,1059),(1041,1059,1042),(1042,1059,1060),(1042,1060,1043),(1043,1060,1061),(1043,1061,1044),(1044,1061,1062),(1044,1062,1045),(1045,1062,1063),(1045,1063,1046),(1046,1063,1064),(1046,1064,1047),(1047,1064,1065),(1047,1065,1048),(1048,1065,1066),(1048,1066,1049),(1049,1066,1067),(1049,1067,1050),(1050,1067,1068),(1050,1068,1051),(1051,1068,1069),(1051,1069,1052),(1052,1069,1070),(1052,1070,1053),(1053,1070,1071),(1053,1071,1054),(1054,1071,1072),(1054,1072,1055),(1055,1072,1073),(1055,1073,1032),(1032,1073,1074),(1032,1074,1033),(1033,1074,1075),(1033,1075,1034),(1034,1075,1076),(1034,1076,1035),(1035,1076,1077),(1035,1077,1036),(1036,1077,1078),(1036,1078,1037),(1037,1078,1079),(1037,1079,1038),(1038,1079,1056),(1056,1080,1057),(1057,1080,1081),(1057,1081,1058),(1058,1081,1082),(1058,1082,1059),(1059,1082,1083),(1059,1083,1060),(1060,1083,1084),(1060,1084,1061),(1061,1084,1085),(1061,1085,1062),(1062,1085,1086),(1062,1086,1063),(1063,1086,1087),(1063,1087,1064),(1064,1087,1088),(1064,1088,1065),(1065,1088,1089),(1065,1089,1066),(1066,1089,1090),(1066,1090,1067),(1067,1090,1091),(1067,1091,1068),(1068,1091,1092),(1068,1092,1069),(1069,1092,1093),(1069,1093,1070),(1070,1093,1094),(1070,1094,1071),(1071,1094,1095),(1071,1095,1072),(1072,1095,1096),(1072,1096,1073),(1073,1096,1097),(1073,1097,1074),(1074,1097,1098),(1074,1098,1075),(1075,1098,1099),(1075,1099,1076),(1076,1099,1100),(1076,1100,1077),(1077,1100,1101),(1077,1101,1078),(1078,1101,1102),(1078,1102,1079),(1079,1102,1103),(1079,1103,1056),(1056,1103,1080),(1096,1104,1097),(1097,1104,1105),(1097,1105,1098),(1098,1105,1106),(1098,1106,1099),(1099,1106,1107),(1099,1107,1100),(1100,1107,1108),(1100,1108,1101),(1101,1108,1109),(1101,1109,1102),(1102,1109,1110),(1102,1110,1103),(1103,1110,1111),(1103,1111,1080),(1080,1111,1112),(1080,1112,1081),(1081,1112,1113),(1081,1113,1082),(1082,1113,1114),(1082,1114,1083),(1083,1114,1115),(1083,1115,1084),(1084,1115,1116),(1084,1116,1085),(1085,1116,1117),(1085,1117,1086),(1086,1117,1118),(1086,1118,1087),(1087,1118,1119),(1087,1119,1088),(1088,1119,1120),(1088,1120,1089),(1089,1120,1121),(1089,1121,1090),(1090,1121,1122),(1090,1122,1091),(1091,1122,1123),(1091,1123,1092),(1092,1123,1124),(1092,1124,1093),(1093,1124,1125),(1093,1125,1094),(1094,1125,1126),(1094,1126,1095),(1095,1126,1127),(1095,1127,1096),(1096,1127,1104),(1110,1128,1111),(1111,1128,1129),(1111,1129,1112),(1112,1129,1130),(1112,1130,1113),(1113,1130,1131),(1113,1131,1114),(1114,1131,1132),(1114,1132,1115),(1115,1132,1133),(1115,1133,1116),(1116,1133,1134),(1116,1134,1135),(1128,1110,1136),(1136,1110,1109),(1136,1109,1137),(1137,1109,1108),(1137,1108,1138),(1138,1108,1107),(1138,1107,1139),(1139,1107,1106),(1139,1106,1140),(1140,1106,1105),(1140,1105,1141),(1141,1105,1104),(1141,1104,1142),(1142,1104,1127),(1142,1127,1143),(1143,1127,1126),(1143,1126,1144),(1144,1126,1125),(1144,1125,1145),(1145,1125,1124),(1145,1124,1146),(1146,1124,1123),(1146,1123,1147),(1147,1123,1122),(1147,1122,1148),(1148,1122,1121),(1148,1121,1149),(1149,1121,1120),(1149,1120,1150),(1150,1120,1119),(1150,1119,1151),(1151,1119,1118),(1151,1118,1152),(1152,1118,1117),(1152,1117,1135),(1135,1117,1116),(1134,1153,1135),(1135,1153,1154),(1135,1154,1152),(1152,1154,1155),(1152,1155,1151),(1151,1155,1156),(1151,1156,1150),(1150,1156,1157),(1150,1157,1149),(1149,1157,1158),(1149,1158,1148),(1148,1158,1159),(1148,1159,1147),(1147,1159,1160),(1147,1160,1146),(1146,1160,1161),(1146,1161,1145),(1145,1161,1162),(1145,1162,1144),(1144,1162,1163),(1144,1163,1143),(1143,1163,1164),(1143,1164,1142),(1142,1164,1165),(1142,1165,1141),(1141,1165,1166),(1141,1166,1140),(1140,1166,1167),(1140,1167,1139),(1139,1167,1168),(1139,1168,1138),(1138,1168,1169),(1138,1169,1137),(1137,1169,1170),(1137,1170,1136),(1136,1170,1171),(1136,1171,1128),(1128,1171,1172),(1128,1172,1129),(1129,1172,1173),(1129,1173,1130),(1130,1173,1174),(1130,1174,1131),(1131,1174,1175),(1131,1175,1132),(1132,1175,1176),(1132,1176,1133),(1133,1176,1153),(1133,1153,1134),(1171,1177,1172),(1172,1177,1178),(1172,1178,1173),(1173,1178,1179),(1173,1179,1174),(1174,1179,1180),(1174,1180,1175),(1175,1180,1181),(1175,1181,1176),(1176,1181,1182),(1176,1182,1153),(1153,1182,1183),(1153,1183,1154),(1154,1183,1184),(1154,1184,1185),(1177,1171,1186),(1186,1171,1170),(1186,1170,1187),(1187,1170,1169),(1187,1169,1188),(1188,1169,1168),(1188,1168,1189),(1189,1168,1167),(1189,1167,1190),(1190,1167,1166),(1190,1166,1165),(1190,1165,1191),(1191,1165,1164),(1191,1164,1192),(1192,1164,1163),(1192,1163,1193),(1193,1163,1162),(1193,1162,1194),(1194,1162,1161),(1194,1161,1195),(1195,1161,1160),(1195,1160,1196),(1196,1160,1159),(1196,1159,1197),(1197,1159,1158),(1197,1158,1198),(1198,1158,1157),(1198,1157,1199),(1199,1157,1156),(1199,1156,1200),(1200,1156,1155),(1200,1155,1185),(1185,1155,1154),(1177,1201,1178),(1178,1201,1202),(1178,1202,1179),(1179,1202,1203),(1179,1203,1180),(1180,1203,1204),(1180,1204,1181),(1181,1204,1205),(1181,1205,1182),(1182,1205,1206),(1182,1206,1183),(1183,1206,1207),(1183,1207,1208),(1201,1177,1209),(1209,1177,1186),(1209,1186,1210),(1210,1186,1187),(1210,1187,1211),(1211,1187,1188),(1211,1188,1212),(1212,1188,1189),(1212,1189,1213),(1213,1189,1190),(1213,1190,1214),(1214,1190,1191),(1214,1191,1215),(1215,1191,1192),(1215,1192,1216),(1216,1192,1193),(1216,1193,1217),(1217,1193,1194),(1217,1194,1218),(1218,1194,1195),(1218,1195,1219),(1219,1195,1196),(1219,1196,1220),(1220,1196,1197),(1220,1197,1221),(1221,1197,1198),(1221,1198,1222),(1222,1198,1199),(1222,1199,1223),(1223,1199,1200),(1223,1200,1224),(1224,1200,1185),(1224,1185,1225),(1225,1185,1184),(1225,1184,1208),(1208,1184,1183),(1207,1226,1208),(1208,1226,1227),(1208,1227,1225),(1225,1227,1228),(1225,1228,1224),(1224,1228,1229),(1224,1229,1223),(1223,1229,1230),(1223,1230,1222),(1222,1230,1231),(1222,1231,1221),(1221,1231,1232),(1221,1232,1220),(1220,1232,1233),(1220,1233,1219),(1219,1233,1234),(1219,1234,1218),(1218,1234,1235),(1218,1235,1217),(1217,1235,1236),(1217,1236,1216),(1216,1236,1237),(1216,1237,1215),(1215,1237,1238),(1215,1238,1214),(1214,1238,1239),(1214,1239,1213),(1213,1239,1212),(1212,1239,1240),(1212,1240,1211),(1211,1240,1241),(1211,1241,1210),(1210,1241,1242),(1210,1242,1209),(1209,1242,1243),(1209,1243,1201),(1201,1243,1244),(1201,1244,1202),(1202,1244,1245),(1202,1245,1203),(1203,1245,1246),(1203,1246,1204),(1204,1246,1247),(1204,1247,1205),(1205,1247,1248),(1205,1248,1206),(1206,1248,1249),(1206,1249,1207),(1207,1249,1226),(1243,1250,1244),(1244,1250,1251),(1244,1251,1245),(1245,1251,1252),(1245,1252,1246),(1246,1252,1253),(1246,1253,1247),(1247,1253,1254),(1247,1254,1248),(1248,1254,1255),(1248,1255,1249),(1249,1255,1256),(1249,1256,1226),(1226,1256,1257),(1226,1257,1227),(1227,1257,1258),(1227,1258,1228),(1228,1258,1259),(1228,1259,1229),(1229,1259,1260),(1229,1260,1230),(1230,1260,1261),(1230,1261,1231),(1231,1261,1262),(1231,1262,1232),(1232,1262,1263),(1232,1263,1233),(1233,1263,1264),(1233,1264,1234),(1234,1264,1265),(1234,1265,1235),(1235,1265,1266),(1235,1266,1236),(1236,1266,1267),(1236,1267,1237),(1237,1267,1268),(1237,1268,1238),(1238,1268,1269),(1238,1269,1239),(1239,1269,1270),(1239,1270,1271),(1250,1243,1272),(1272,1243,1242),(1272,1242,1273),(1273,1242,1241),(1273,1241,1274),(1274,1241,1240),(1274,1240,1271),(1271,1240,1239),(1256,1275,1257),(1257,1275,1276),(1257,1276,1258),(1258,1276,1277),(1258,1277,1259),(1259,1277,1278),(1259,1278,1260),(1260,1278,1279),(1260,1279,1261),(1261,1279,1280),(1261,1280,1262),(1262,1280,1281),(1262,1281,1263),(1263,1281,1282),(1263,1282,1264),(1264,1282,1283),(1264,1283,1265),(1265,1283,1284),(1265,1284,1266),(1266,1284,1285),(1266,1285,1267),(1267,1285,1286),(1267,1286,1268),(1268,1286,1287),(1268,1287,1269),(1269,1287,1288),(1269,1288,1270),(1270,1288,1289),(1270,1289,1271),(1271,1289,1290),(1271,1290,1274),(1274,1290,1291),(1274,1291,1273),(1273,1291,1292),(1273,1292,1272),(1272,1292,1293),(1272,1293,1250),(1250,1293,1294),(1250,1294,1251),(1251,1294,1252),(1252,1294,1295),(1252,1295,1253),(1253,1295,1296),(1253,1296,1254),(1254,1296,1297),(1254,1297,1255),(1255,1297,1298),(1255,1298,1256),(1256,1298,1275),(1294,1299,1295),(1295,1299,1300),(1295,1300,1296),(1296,1300,1301),(1296,1301,1297),(1297,1301,1302),(1297,1302,1298),(1298,1302,1303),(1298,1303,1275),(1275,1303,1304),(1275,1304,1276),(1276,1304,1305),(1276,1305,1277),(1277,1305,1306),(1277,1306,1278),(1278,1306,1307),(1278,1307,1279),(1279,1307,1308),(1279,1308,1280),(1280,1308,1309),(1280,1309,1281),(1281,1309,1310),(1281,1310,1282),(1282,1310,1311),(1282,1311,1283),(1283,1311,1312),(1283,1312,1284),(1284,1312,1313),(1284,1313,1285),(1285,1313,1314),(1285,1314,1286),(1286,1314,1315),(1286,1315,1287),(1287,1315,1316),(1287,1316,1288),(1288,1316,1317),(1288,1317,1289),(1289,1317,1318),(1289,1318,1290),(1290,1318,1319),(1290,1319,1291),(1291,1319,1320),(1291,1320,1292),(1292,1320,1321),(1292,1321,1293),(1293,1321,1322),(1293,1322,1294),(1294,1322,1299),(1322,1323,1299),(1299,1323,1324),(1299,1324,1300),(1300,1324,1325),(1300,1325,1301),(1301,1325,1326),(1301,1326,1302),(1302,1326,1327),(1302,1327,1303),(1303,1327,1328),(1303,1328,1304),(1304,1328,1329),(1304,1329,1305),(1305,1329,1330),(1305,1330,1306),(1306,1330,1331),(1306,1331,1307),(1307,1331,1332),(1307,1332,1308),(1308,1332,1333),(1308,1333,1309),(1309,1333,1334),(1309,1334,1310),(1310,1334,1335),(1310,1335,1311),(1311,1335,1336),(1311,1336,1312),(1312,1336,1337),(1312,1337,1313),(1313,1337,1338),(1313,1338,1314),(1314,1338,1339),(1314,1339,1315),(1315,1339,1340),(1315,1340,1316),(1316,1340,1341),(1316,1341,1317),(1317,1341,1342),(1317,1342,1318),(1318,1342,1343),(1318,1343,1319),(1319,1343,1344),(1319,1344,1320),(1320,1344,1345),(1320,1345,1321),(1321,1345,1346),(1321,1346,1322),(1322,1346,1323),(1340,1347,1341),(1341,1347,1348),(1341,1348,1342),(1342,1348,1349),(1342,1349,1343),(1343,1349,1350),(1343,1350,1344),(1344,1350,1351),(1344,1351,1345),(1345,1351,1352),(1345,1352,1346),(1346,1352,1353),(1346,1353,1323),(1323,1353,1354),(1323,1354,1355),(1347,1340,1356),(1356,1340,1339),(1356,1339,1357),(1357,1339,1338),(1357,1338,1358),(1358,1338,1337),(1358,1337,1359),(1359,1337,1336),(1359,1336,1360),(1360,1336,1335),(1360,1335,1334),(1360,1334,1361),(1361,1334,1333),(1361,1333,1362),(1362,1333,1332),(1362,1332,1363),(1363,1332,1331),(1363,1331,1364),(1364,1331,1330),(1364,1330,1365),(1365,1330,1329),(1365,1329,1366),(1366,1329,1328),(1366,1328,1367),(1367,1328,1327),(1367,1327,1368),(1368,1327,1326),(1368,1326,1369),(1369,1326,1325),(1369,1325,1370),(1370,1325,1324),(1370,1324,1355),(1355,1324,1323),(1347,1371,1348),(1348,1371,1372),(1348,1372,1349),(1349,1372,1373),(1349,1373,1350),(1350,1373,1374),(1350,1374,1351),(1351,1374,1375),(1351,1375,1352),(1352,1375,1376),(1352,1376,1353),(1353,1376,1377),(1353,1377,1354),(1354,1377,1378),(1354,1378,1355),(1355,1378,1379),(1355,1379,1370),(1370,1379,1380),(1370,1380,1369),(1369,1380,1381),(1369,1381,1368),(1368,1381,1382),(1368,1382,1367),(1367,1382,1383),(1367,1383,1366),(1366,1383,1384),(1366,1384,1365),(1365,1384,1385),(1365,1385,1364),(1364,1385,1386),(1364,1386,1363),(1363,1386,1387),(1363,1387,1362),(1362,1387,1388),(1362,1388,1361),(1361,1388,1389),(1361,1389,1360),(1360,1389,1390),(1360,1390,1359),(1359,1390,1391),(1359,1391,1358),(1358,1391,1392),(1358,1392,1357),(1357,1392,1393),(1357,1393,1356),(1356,1393,1394),(1356,1394,1347),(1347,1394,1371),(1377,1395,1378),(1378,1395,1396),(1378,1396,1379),(1379,1396,1397),(1379,1397,1380),(1380,1397,1398),(1380,1398,1381),(1381,1398,1399),(1381,1399,1382),(1382,1399,1400),(1382,1400,1383),(1383,1400,1401),(1383,1401,1384),(1384,1401,1402),(1384,1402,1385),(1385,1402,1403),(1385,1403,1386),(1386,1403,1404),(1386,1404,1387),(1387,1404,1405),(1387,1405,1388),(1388,1405,1406),(1388,1406,1389),(1389,1406,1407),(1389,1407,1390),(1390,1407,1408),(1390,1408,1391),(1391,1408,1409),(1391,1409,1392),(1392,1409,1410),(1392,1410,1393),(1393,1410,1411),(1393,1411,1394),(1394,1411,1412),(1394,1412,1371),(1371,1412,1413),(1371,1413,1372),(1372,1413,1414),(1372,1414,1373),(1373,1414,1415),(1373,1415,1374),(1374,1415,1416),(1374,1416,1375),(1375,1416,1417),(1375,1417,1376),(1376,1417,1418),(1376,1418,1377),(1377,1418,1395),(1412,1419,1413),(1413,1419,1420),(1413,1420,1414),(1414,1420,1421),(1414,1421,1415),(1415,1421,1422),(1415,1422,1416),(1416,1422,1423),(1416,1423,1417),(1417,1423,1424),(1417,1424,1418),(1418,1424,1425),(1418,1425,1395),(1395,1425,1426),(1395,1426,1396),(1396,1426,1427),(1396,1427,1397),(1397,1427,1428),(1397,1428,1398),(1398,1428,1429),(1398,1429,1399),(1399,1429,1430),(1399,1430,1400),(1400,1430,1431),(1400,1431,1401),(1401,1431,1432),(1401,1432,1402),(1402,1432,1433),(1402,1433,1403),(1403,1433,1434),(1403,1434,1404),(1404,1434,1435),(1404,1435,1405),(1405,1435,1436),(1405,1436,1406),(1406,1436,1437),(1406,1437,1407),(1407,1437,1438),(1407,1438,1408),(1408,1438,1439),(1408,1439,1409),(1409,1439,1440),(1409,1440,1410),(1410,1440,1441),(1410,1441,1411),(1411,1441,1442),(1411,1442,1412),(1412,1442,1419),(1424,1443,1425),(1425,1443,1444),(1425,1444,1426),(1426,1444,1445),(1426,1445,1427),(1427,1445,1446),(1427,1446,1428),(1428,1446,1447),(1428,1447,1429),(1429,1447,1448),(1429,1448,1430),(1430,1448,1449),(1430,1449,1431),(1431,1449,1450),(1431,1450,1432),(1432,1450,1451),(1432,1451,1433),(1433,1451,1452),(1433,1452,1434),(1434,1452,1453),(1434,1453,1435),(1435,1453,1454),(1435,1454,1436),(1436,1454,1455),(1436,1455,1437),(1437,1455,1456),(1437,1456,1438),(1438,1456,1457),(1438,1457,1439),(1439,1457,1458),(1439,1458,1440),(1440,1458,1459),(1440,1459,1441),(1441,1459,1460),(1441,1460,1442),(1442,1460,1461),(1442,1461,1419),(1419,1461,1462),(1419,1462,1420),(1420,1462,1463),(1420,1463,1421),(1421,1463,1464),(1421,1464,1422),(1422,1464,1465),(1422,1465,1423),(1423,1465,1466),(1423,1466,1424),(1424,1466,1443),(1461,1467,1462),(1462,1467,1468),(1462,1468,1463),(1463,1468,1469),(1463,1469,1464),(1464,1469,1470),(1464,1470,1465),(1465,1470,1471),(1465,1471,1466),(1466,1471,1472),(1466,1472,1443),(1443,1472,1473),(1443,1473,1444),(1444,1473,1474),(1444,1474,1475),(1467,1461,1476),(1476,1461,1460),(1476,1460,1477),(1477,1460,1459),(1477,1459,1478),(1478,1459,1458),(1478,1458,1479),(1479,1458,1457),(1479,1457,1480),(1480,1457,1456),(1480,1456,1455),(1480,1455,1481),(1481,1455,1454),(1481,1454,1482),(1482,1454,1453),(1482,1453,1483),(1483,1453,1452),(1483,1452,1484),(1484,1452,1451),(1484,1451,1485),(1485,1451,1450),(1485,1450,1486),(1486,1450,1449),(1486,1449,1487),(1487,1449,1448),(1487,1448,1488),(1488,1448,1447),(1488,1447,1489),(1489,1447,1446),(1489,1446,1490),(1490,1446,1445),(1490,1445,1475),(1475,1445,1444),(1467,1491,1468),(1468,1491,1492),(1468,1492,1469),(1469,1492,1493),(1469,1493,1470),(1470,1493,1494),(1470,1494,1471),(1471,1494,1495),(1471,1495,1472),(1472,1495,1496),(1472,1496,1473),(1473,1496,1497),(1473,1497,1474),(1474,1497,1498),(1474,1498,1475),(1475,1498,1499),(1475,1499,1490),(1490,1499,1500),(1490,1500,1489),(1489,1500,1501),(1489,1501,1488),(1488,1501,1502),(1488,1502,1487),(1487,1502,1503),(1487,1503,1486),(1486,1503,1504),(1486,1504,1485),(1485,1504,1505),(1485,1505,1484),(1484,1505,1506),(1484,1506,1483),(1483,1506,1507),(1483,1507,1482),(1482,1507,1508),(1482,1508,1481),(1481,1508,1509),(1481,1509,1480),(1480,1509,1510),(1480,1510,1479),(1479,1510,1511),(1479,1511,1478),(1478,1511,1512),(1478,1512,1477),(1477,1512,1513),(1477,1513,1476),(1476,1513,1514),(1476,1514,1467),(1467,1514,1491),(1495,1515,1496),(1496,1515,1516),(1496,1516,1497),(1497,1516,1517),(1497,1517,1498),(1498,1517,1518),(1498,1518,1499),(1499,1518,1519),(1499,1519,1500),(1500,1519,1520),(1500,1520,1501),(1501,1520,1521),(1501,1521,1502),(1502,1521,1522),(1502,1522,1503),(1503,1522,1523),(1503,1523,1504),(1504,1523,1524),(1504,1524,1505),(1505,1524,1525),(1505,1525,1506),(1506,1525,1526),(1506,1526,1507),(1507,1526,1527),(1507,1527,1508),(1508,1527,1528),(1508,1528,1509),(1509,1528,1529),(1509,1529,1510),(1510,1529,1530),(1510,1530,1511),(1511,1530,1531),(1511,1531,1512),(1512,1531,1532),(1512,1532,1513),(1513,1532,1533),(1513,1533,1514),(1514,1533,1534),(1514,1534,1491),(1491,1534,1535),(1491,1535,1492),(1492,1535,1536),(1492,1536,1493),(1493,1536,1537),(1493,1537,1494),(1494,1537,1538),(1494,1538,1495),(1495,1538,1515),(1516,1539,1517),(1517,1539,1540),(1517,1540,1518),(1518,1540,1541),(1518,1541,1519),(1519,1541,1542),(1519,1542,1520),(1520,1542,1543),(1520,1543,1521),(1521,1543,1544),(1521,1544,1522),(1522,1544,1545),(1522,1545,1523),(1523,1545,1546),(1523,1546,1524),(1524,1546,1547),(1524,1547,1525),(1525,1547,1548),(1525,1548,1526),(1526,1548,1549),(1526,1549,1527),(1527,1549,1550),(1527,1550,1528),(1528,1550,1551),(1528,1551,1529),(1529,1551,1552),(1529,1552,1530),(1530,1552,1553),(1530,1553,1531),(1531,1553,1554),(1531,1554,1532),(1532,1554,1555),(1532,1555,1533),(1533,1555,1556),(1533,1556,1534),(1534,1556,1557),(1534,1557,1535),(1535,1557,1558),(1535,1558,1536),(1536,1558,1559),(1536,1559,1537),(1537,1559,1560),(1537,1560,1561),(1539,1516,1562),(1562,1516,1515),(1562,1515,1563),(1563,1515,1538),(1563,1538,1561),(1561,1538,1537),(1545,1564,1546),(1546,1564,1565),(1546,1565,1547),(1547,1565,1566),(1547,1566,1548),(1548,1566,1567),(1548,1567,1549),(1549,1567,1568),(1549,1568,1550),(1550,1568,1569),(1550,1569,1551),(1551,1569,1570),(1551,1570,1552),(1552,1570,1571),(1552,1571,1553),(1553,1571,1572),(1553,1572,1554),(1554,1572,1573),(1554,1573,1555),(1555,1573,1574),(1555,1574,1556),(1556,1574,1575),(1556,1575,1557),(1557,1575,1576),(1557,1576,1558),(1558,1576,1577),(1558,1577,1559),(1559,1577,1578),(1559,1578,1560),(1560,1578,1579),(1560,1579,1561),(1561,1579,1580),(1561,1580,1563),(1563,1580,1581),(1563,1581,1562),(1562,1581,1582),(1562,1582,1539),(1539,1582,1583),(1539,1583,1540),(1540,1583,1584),(1540,1584,1541),(1541,1584,1585),(1541,1585,1542),(1542,1585,1543),(1543,1585,1586),(1543,1586,1544),(1544,1586,1587),(1544,1587,1545),(1545,1587,1564),(1582,1588,1583),(1583,1588,1589),(1583,1589,1584),(1584,1589,1590),(1584,1590,1585),(1585,1590,1591),(1585,1591,1586),(1586,1591,1592),(1586,1592,1587),(1587,1592,1593),(1587,1593,1564),(1564,1593,1594),(1564,1594,1565),(1565,1594,1595),(1565,1595,1566),(1566,1595,1596),(1566,1596,1567),(1567,1596,1597),(1567,1597,1568),(1568,1597,1598),(1568,1598,1569),(1569,1598,1599),(1569,1599,1570),(1570,1599,1600),(1570,1600,1571),(1571,1600,1601),(1571,1601,1572),(1572,1601,1602),(1572,1602,1573),(1573,1602,1603),(1573,1603,1574),(1574,1603,1604),(1574,1604,1575),(1575,1604,1605),(1575,1605,1576),(1576,1605,1606),(1576,1606,1577),(1577,1606,1607),(1577,1607,1578),(1578,1607,1608),(1578,1608,1579),(1579,1608,1609),(1579,1609,1580),(1580,1609,1610),(1580,1610,1581),(1581,1610,1611),(1581,1611,1582),(1582,1611,1588),(1605,1612,1606),(1606,1612,1613),(1606,1613,1607),(1607,1613,1614),(1607,1614,1608),(1608,1614,1615),(1608,1615,1609),(1609,1615,1616),(1609,1616,1610),(1610,1616,1617),(1610,1617,1611),(1611,1617,1618),(1611,1618,1588),(1588,1618,1619),(1588,1619,1589),(1589,1619,1620),(1589,1620,1590),(1590,1620,1621),(1590,1621,1591),(1591,1621,1622),(1591,1622,1592),(1592,1622,1623),(1592,1623,1593),(1593,1623,1624),(1593,1624,1594),(1594,1624,1625),(1594,1625,1595),(1595,1625,1626),(1595,1626,1596),(1596,1626,1627),(1596,1627,1597),(1597,1627,1628),(1597,1628,1598),(1598,1628,1629),(1598,1629,1599),(1599,1629,1630),(1599,1630,1600),(1600,1630,1631),(1600,1631,1601),(1601,1631,1632),(1601,1632,1602),(1602,1632,1633),(1602,1633,1603),(1603,1633,1634),(1603,1634,1604),(1604,1634,1635),(1604,1635,1605),(1605,1635,1612),(1618,1636,1619),(1619,1636,1637),(1619,1637,1620),(1620,1637,1638),(1620,1638,1621),(1621,1638,1639),(1621,1639,1622),(1622,1639,1640),(1622,1640,1623),(1623,1640,1641),(1623,1641,1624),(1624,1641,1642),(1624,1642,1625),(1625,1642,1626),(1626,1642,1643),(1626,1643,1627),(1627,1643,1644),(1627,1644,1628),(1628,1644,1645),(1628,1645,1629),(1629,1645,1646),(1629,1646,1630),(1630,1646,1647),(1630,1647,1631),(1631,1647,1648),(1631,1648,1632),(1632,1648,1649),(1632,1649,1633),(1633,1649,1650),(1633,1650,1634),(1634,1650,1651),(1634,1651,1635),(1635,1651,1652),(1635,1652,1612),(1612,1652,1653),(1612,1653,1613),(1613,1653,1654),(1613,1654,1655),(1636,1618,1656),(1656,1618,1617),(1656,1617,1657),(1657,1617,1616),(1657,1616,1658),(1658,1616,1615),(1658,1615,1659),(1659,1615,1614),(1659,1614,1655),(1655,1614,1613),(1656,1660,1636),(1636,1660,1661),(1636,1661,1637),(1637,1661,1662),(1637,1662,1638),(1638,1662,1663),(1638,1663,1639),(1639,1663,1664),(1639,1664,1640),(1640,1664,1665),(1640,1665,1641),(1641,1665,1666),(1641,1666,1642),(1642,1666,1643),(1643,1666,1667),(1643,1667,1644),(1644,1667,1668),(1644,1668,1645),(1645,1668,1669),(1645,1669,1646),(1646,1669,1670),(1646,1670,1647),(1647,1670,1671),(1647,1671,1648),(1648,1671,1672),(1648,1672,1649),(1649,1672,1673),(1649,1673,1650),(1650,1673,1674),(1650,1674,1651),(1651,1674,1675),(1651,1675,1652),(1652,1675,1676),(1652,1676,1653),(1653,1676,1677),(1653,1677,1654),(1654,1677,1678),(1654,1678,1679),(1660,1656,1680),(1680,1656,1657),(1680,1657,1681),(1681,1657,1658),(1681,1658,1682),(1682,1658,1659),(1682,1659,1683),(1683,1659,1655),(1683,1655,1679),(1679,1655,1654),(1680,1684,1660),(1660,1684,1685),(1660,1685,1661),(1661,1685,1686),(1661,1686,1662),(1662,1686,1687),(1662,1687,1663),(1663,1687,1688),(1663,1688,1664),(1664,1688,1689),(1664,1689,1665),(1665,1689,1690),(1665,1690,1666),(1666,1690,1691),(1666,1691,1667),(1667,1691,1692),(1667,1692,1668),(1668,1692,1693),(1668,1693,1669),(1669,1693,1694),(1669,1694,1670),(1670,1694,1695),(1670,1695,1671),(1671,1695,1696),(1671,1696,1672),(1672,1696,1697),(1672,1697,1673),(1673,1697,1698),(1673,1698,1674),(1674,1698,1699),(1674,1699,1675),(1675,1699,1700),(1675,1700,1676),(1676,1700,1701),(1676,1701,1677),(1677,1701,1702),(1677,1702,1678),(1678,1702,1703),(1678,1703,1679),(1679,1703,1704),(1679,1704,1683),(1683,1704,1705),(1683,1705,1682),(1682,1705,1706),(1682,1706,1681),(1681,1706,1707),(1681,1707,1680),(1680,1707,1684),(1704,1708,1705),(1705,1708,1709),(1705,1709,1706),(1706,1709,1710),(1706,1710,1707),(1707,1710,1711),(1707,1711,1684),(1684,1711,1712),(1684,1712,1685),(1685,1712,1713),(1685,1713,1686),(1686,1713,1714),(1686,1714,1687),(1687,1714,1715),(1687,1715,1688),(1688,1715,1716),(1688,1716,1689),(1689,1716,1717),(1689,1717,1690),(1690,1717,1718),(1690,1718,1691),(1691,1718,1719),(1691,1719,1692),(1692,1719,1720),(1692,1720,1693),(1693,1720,1721),(1693,1721,1694),(1694,1721,1722),(1694,1722,1695),(1695,1722,1723),(1695,1723,1696),(1696,1723,1724),(1696,1724,1697),(1697,1724,1725),(1697,1725,1698),(1698,1725,1726),(1698,1726,1699),(1699,1726,1727),(1699,1727,1700),(1700,1727,1728),(1700,1728,1701),(1701,1728,1729),(1701,1729,1702),(1702,1729,1730),(1702,1730,1703),(1703,1730,1731),(1703,1731,1704),(1704,1731,1708),(1729,1732,1730),(1730,1732,1733),(1730,1733,1731),(1731,1733,1734),(1731,1734,1708),(1708,1734,1735),(1708,1735,1736),(1732,1729,1737),(1737,1729,1728),(1737,1728,1727),(1737,1727,1738),(1738,1727,1726),(1738,1726,1739),(1739,1726,1725),(1739,1725,1740),(1740,1725,1724),(1740,1724,1741),(1741,1724,1723),(1741,1723,1742),(1742,1723,1722),(1742,1722,1743),(1743,1722,1721),(1743,1721,1744),(1744,1721,1720),(1744,1720,1745),(1745,1720,1719),(1745,1719,1746),(1746,1719,1718),(1746,1718,1747),(1747,1718,1717),(1747,1717,1748),(1748,1717,1716),(1748,1716,1749),(1749,1716,1715),(1749,1715,1750),(1750,1715,1714),(1750,1714,1751),(1751,1714,1713),(1751,1713,1752),(1752,1713,1712),(1752,1712,1753),(1753,1712,1711),(1753,1711,1754),(1754,1711,1710),(1754,1710,1755),(1755,1710,1709),(1755,1709,1736),(1736,1709,1708),(3,49,1),(1,49,47),(1,47,7),(7,47,9),(9,47,11),(11,47,45),(11,45,43),(43,41,11),(11,41,39),(11,39,13),(13,39,15),(15,39,17),(17,39,37),(17,37,35),(33,23,35),(35,23,21),(35,21,19),(33,31,23),(23,31,29),(23,29,25),(25,29,27),(19,17,35),(1733,1732,1734),(1734,1732,1735),(1735,1732,1736),(1736,1732,1737),(1736,1737,1738),(1739,1753,1738),(1738,1753,1754),(1738,1754,1755),(1739,1740,1753),(1753,1740,1752),(1752,1740,1741),(1752,1741,1751),(1751,1741,1750),(1750,1741,1742),(1750,1742,1743),(1744,1748,1743),(1743,1748,1749),(1743,1749,1750),(1744,1745,1748),(1748,1745,1746),(1748,1746,1747),(1755,1736,1738)),$);
#99= IFCSHAPEREPRESENTATION(#28,'Body','Tessellation',(#98));
#100= IFCPRODUCTDEFINITIONSHAPE($,$,(#99));
#101= IFCLOCALPLACEMENT(#5,#22);
#102= IFCBUILTELEMENT('0_AB4cWOvDBwrseQIzYGgW',$,'KSR_120_VK',$,$,#101,#100,'DEE');
#103= IFCCOLOURRGB('10',1.0,0.0,0.0);
#104= IFCSURFACESTYLESHADING(#103,$);
#105= IFCSURFACESTYLE($,.BOTH.,(#104));
#106= IFCPRESENTATIONLAYERWITHSTYLE('KSR_120_VK',$,(#98,#126,#147),$,.U.,.U.,.U.,(#105));
#107= IFCSTYLEDITEM(#98,(#105),'KSR_120_VK');
#108= IFCPROPERTYSET('1roPfitGH1Zft3lIL7ia7Q',$,'Properties',$,(#44,#45,#46,#47,#48,#49,#50,#51,#52,#53,#54,#55,#56,#57,#58,#59,#60,#61,#62,#63,#64,#65,#66,#67,#69,#70,#110,#111));
#109= IFCRELDEFINESBYPROPERTIES('1J6h7x3IX2T9CYANF5rVuG',$,$,$,(#102),#108);
#110= IFCPROPERTYSINGLEVALUE('Area',$,IFCREAL(18.2521660760555),$);
#111= IFCPROPERTYSINGLEVALUE('Bounds',$,IFCLABEL('((2701731.74608897,1166114.40403335,1995.74905632417),(2701742.64938619,1166154.4778065,2001.44501373762))'),$);
#112= IFCPROPERTYSET('1F8Qw93lDAkudEKy9Y7P5T',$,'Misc',$,(#73,#74,#75,#76));
#113= IFCRELDEFINESBYPROPERTIES('3Qyu5hQ21ERgjj5kCyRxJI',$,$,$,(#102),#112);
#114= IFCPROPERTYSET('3Lqh1ODFHDAujPoqdxTALy',$,'3D Visualization',$,(#79,#80,#81));
#115= IFCRELDEFINESBYPROPERTIES('2RjultF0HFDfHnBsJ9lLmX',$,$,$,(#102),#114);
#116= IFCPROPERTYSET('0YdavuGkb2TRIAGaAquT9p',$,'General',$,(#84,#86,#87,#88,#89,#118));
#117= IFCRELDEFINESBYPROPERTIES('2H$RUYwsv8iA9F9RURwWiR',$,$,$,(#102),#116);
#118= IFCPROPERTYSINGLEVALUE('Layer',$,IFCLABEL('KSR_120_VK'),$);
#119= IFCPROPERTYSET('0IDeF04215sPmbQmcp9Rrw',$,'Geometry',$,(#92));
#120= IFCRELDEFINESBYPROPERTIES('0Iinlc42rB49OuqvkNBe$x',$,$,$,(#102),#119);
#121= IFCPROPERTYSET('0ulJVnwfv6zOj_$BLRnotE',$,'01_Info',$,(#123,#124));
#122= IFCRELDEFINESBYPROPERTIES('2L_P3s3zvF7BGGElILAiI9',$,$,$,(#102),#121);
#123= IFCPROPERTYSINGLEVALUE('Name',$,IFCLABEL('C1-C1.1'),$);
#124= IFCPROPERTYSINGLEVALUE('Typ',$,IFCLABEL('KSR DN 120/132'),$);
#125= IFCCARTESIANPOINTLIST3D(((2.05274,3.37298,6.35767),(2.1519,3.93516,6.36066),(2.0553,3.37244,6.3747),(2.15452,3.93511,6.37757),(2.15301,3.93577,6.39352),(2.14509,3.93597,6.34497),(2.04592,3.37427,6.3419),(2.13455,3.9375,6.33158),(2.03532,3.3762,6.32846),(2.12098,3.93964,6.32137),(2.02164,3.37867,6.31827),(2.1053,3.94225,6.31503),(2.00583,3.38149,6.31202),(2.08856,3.94515,6.313),(1.98897,3.38447,6.31014),(2.07188,3.94815,6.3154),(1.9722,3.38741,6.31276),(2.0564,3.95105,6.32208),(1.95666,3.39012,6.3197),(2.04314,3.95364,6.33258),(1.94342,3.3924,6.33048),(2.033,3.95577,6.34621),(1.93337,3.3941,6.34438),(2.02666,3.95727,6.36204),(1.9272,3.3951,6.36043),(2.02454,3.95806,6.379),(1.92534,3.39535,6.37756),(2.02653,3.95811,6.39491),(1.9279,3.39481,6.39459),(2.03222,3.95747,6.40988),(1.93472,3.39352,6.41036),(2.04129,3.95619,6.42302),(1.94533,3.39158,6.4238),(2.05321,3.95435,6.43358),(1.959,3.38912,6.43399),(2.06726,3.95205,6.44092),(1.97481,3.3863,6.44023),(2.08263,3.94944,6.44461),(1.99167,3.38332,6.44211),(2.0984,3.94665,6.44444),(2.00845,3.38037,6.43949),(2.11366,3.94386,6.44041),(2.02398,3.37767,6.43256),(2.12749,3.94123,6.43276),(2.03723,3.37539,6.42177),(2.13909,3.93892,6.42195),(2.04727,3.37369,6.40788),(2.14776,3.93707,6.4086),(2.05344,3.37269,6.39182),(2.16064,4.71873,6.35355),(2.15861,4.71838,6.33767),(2.16067,4.71727,6.32072),(2.16695,4.71546,6.3049),(2.17705,4.71308,6.29129),(2.19027,4.71028,6.2808),(2.20574,4.70726,6.27413),(2.2224,4.70421,6.27173),(2.23915,4.70135,6.27376),(2.16639,4.71838,6.36851),(2.17551,4.71736,6.38164),(2.18746,4.71572,6.39218),(2.20154,4.71356,6.39951),(2.21692,4.71101,6.4032),(2.23269,4.70822,6.40303),(2.24793,4.70535,6.399),(2.26174,4.70258,6.39137),(2.2733,4.70006,6.38056),(2.28193,4.69795,6.36723),(2.28712,4.69637,6.35216),(2.28858,4.6954,6.33624),(2.2859,4.69513,6.31934),(2.27904,4.69564,6.30367),(2.26845,4.69691,6.29029),(2.25485,4.69886,6.28009),(2.24828,5.22691,6.32021),(2.25016,5.22484,6.30329),(2.25629,5.22214,6.28751),(2.26625,5.21899,6.27392),(2.27937,5.2156,6.26345),(2.29477,5.2122,6.25679),(2.31141,5.20902,6.2544),(2.32818,5.20628,6.25643),(2.34395,5.20414,6.26274),(2.35765,5.20277,6.27292),(2.36837,5.20225,6.28628),(2.37539,5.20262,6.30191),(2.37823,5.20385,6.31878),(2.37694,5.20571,6.33468),(2.37189,5.20814,6.34972),(2.36339,5.21101,6.36302),(2.35194,5.21413,6.3738),(2.33821,5.21733,6.38143),(2.32301,5.22043,6.38544),(2.30723,5.22323,6.38562),(2.29182,5.22557,6.38194),(2.25047,5.22815,6.33606),(2.25636,5.22864,6.35099),(2.26561,5.22836,6.3641),(2.27766,5.22731,6.37462),(2.42389,6.22276,6.15055),(2.42523,6.21958,6.13367),(2.43091,6.21582,6.11784),(2.44054,6.21174,6.10415),(2.45346,6.20761,6.09352),(2.46879,6.20372,6.08668),(2.48548,6.20033,6.0841),(2.5024,6.19767,6.08595),(2.5184,6.19592,6.09211),(2.53238,6.1952,6.10215),(2.54339,6.19557,6.1154),(2.55069,6.19699,6.13094),(2.55377,6.19936,6.14773),(2.55242,6.20254,6.16461),(2.54674,6.2063,6.18043),(2.53711,6.21038,6.19413),(2.52419,6.21451,6.20475),(2.50887,6.2184,6.21159),(2.49217,6.22179,6.21417),(2.47525,6.22446,6.21232),(2.45925,6.2262,6.20616),(2.44527,6.22692,6.19612),(2.43426,6.22656,6.18288),(2.42697,6.22514,6.16733),(2.57685,6.34515,6.10492),(2.58004,6.34837,6.12144),(2.57908,6.35211,6.13701),(2.5695,6.34293,6.08961),(2.5585,6.34187,6.07653),(2.54459,6.34204,6.06656),(2.52869,6.34343,6.06037),(2.51188,6.34594,6.05838),(2.49529,6.3494,6.06073),(2.48003,6.35359,6.06725),(2.46713,6.35821,6.07751),(2.45745,6.36297,6.09081),(2.45165,6.36753,6.10627),(2.45012,6.3716,6.12284),(2.45264,6.37471,6.13837),(2.45884,6.37697,6.15299),(2.46836,6.37823,6.16583),(2.48064,6.37843,6.17614),(2.49494,6.37755,6.1833),(2.51044,6.37564,6.18691),(2.52621,6.37283,6.18674),(2.54132,6.36926,6.1828),(2.55489,6.36515,6.17534),(2.56612,6.36075,6.16478),(2.57434,6.35632,6.15175),(2.4863,6.56563,6.08431),(2.48356,6.56129,6.06913),(2.48487,6.55592,6.05293),(2.49045,6.55013,6.03782),(2.49995,6.54433,6.02481),(2.5127,6.53889,6.01478),(2.52787,6.53419,6.00841),(2.54443,6.53054,6.00611),(2.56127,6.52819,6.00805),(2.49271,6.56904,6.0986),(2.50241,6.57132,6.11116),(2.51483,6.57233,6.12123),(2.52923,6.57202,6.12824),(2.54478,6.57039,6.13176),(2.56054,6.56756,6.1316),(2.5756,6.56368,6.12775),(2.58907,6.55899,6.12045),(2.60015,6.55376,6.11013),(2.60819,6.54829,6.09739),(2.61272,6.54292,6.08298),(2.61347,6.53795,6.06776),(2.61005,6.53343,6.05161),(2.60249,6.53,6.03664),(2.59131,6.52791,6.02385),(2.57725,6.5273,6.0141),(2.50809,6.70036,6.02007),(2.50909,6.69329,6.00447),(2.5144,6.68593,5.98991),(2.52365,6.67877,5.97738),(2.53623,6.67229,5.96772),(2.55128,6.66692,5.96158),(2.5678,6.66304,5.95937),(2.58467,6.66089,5.96124),(2.60076,6.66062,5.96707),(2.615,6.66225,5.97646),(2.62641,6.66568,5.98878),(2.63424,6.67067,6.0032),(2.63797,6.67688,6.01875),(2.6375,6.68343,6.03342),(2.63323,6.69031,6.04729),(2.62543,6.6971,6.05956),(2.61454,6.70341,6.0695),(2.6012,6.70887,6.07654),(2.58621,6.71315,6.08024),(2.57045,6.716,6.0804),(2.55484,6.71725,6.07701),(2.5111,6.70628,6.0347),(2.51777,6.71118,6.04846),(2.5277,6.71477,6.06055),(2.54031,6.71683,6.07026),(2.53593,6.84708,5.9592),(2.53268,6.83984,5.94528),(2.53344,6.83136,5.93043),(2.53851,6.82269,5.91658),(2.54757,6.8144,5.90466),(2.55999,6.80705,5.89547),(2.57494,6.80113,5.88962),(2.59142,6.79704,5.88752),(2.60833,6.79506,5.8893),(2.54282,6.85322,5.9723),(2.55294,6.8579,5.98381),(2.5657,6.86083,5.99304),(2.58034,6.86186,5.99947),(2.596,6.86091,6.0027),(2.61176,6.85805,6.00255),(2.62669,6.85343,5.99902),(2.63992,6.84734,5.99233),(2.65065,6.84014,5.98286),(2.65826,6.83224,5.97119),(2.6623,6.82411,5.95798),(2.66254,6.81624,5.94403),(2.65857,6.80862,5.92923),(2.65051,6.80234,5.9155),(2.6389,6.7978,5.90378),(2.62451,6.79532,5.89484),(2.57098,7.04585,5.84245),(2.56774,7.03866,5.8285),(2.56851,7.03026,5.81361),(2.57359,7.02164,5.79972),(2.58266,7.0134,5.78777),(2.59508,7.00609,5.77855),(2.61004,7.0002,5.77269),(2.62653,6.99612,5.77059),(2.64343,6.99413,5.77237),(2.57786,7.05193,5.85558),(2.58797,7.05656,5.86712),(2.60072,7.05946,5.87638),(2.61536,7.06045,5.88282),(2.63102,7.05949,5.88606),(2.64678,7.05663,5.8859),(2.66171,7.05203,5.88237),(2.67494,7.04597,5.87566),(2.68568,7.0388,5.86617),(2.6933,7.03096,5.85447),(2.69735,7.02288,5.84123),(2.6976,7.01507,5.82724),(2.69364,7.00752,5.8124),(2.68559,7.00129,5.79864),(2.67399,6.99681,5.78689),(2.65961,6.99436,5.77793),(2.62544,7.36594,5.65673),(2.62611,7.35696,5.64214),(2.63111,7.34782,5.62853),(2.64009,7.33912,5.61682),(2.65246,7.33146,5.60779),(2.66737,7.32534,5.60205),(2.68384,7.32118,5.59998),(2.70076,7.31926,5.60173),(2.71698,7.31971,5.60718),(2.73141,7.32249,5.61595),(2.7431,7.32742,5.62747),(2.75124,7.33418,5.64096),(2.7553,7.34229,5.6555),(2.75514,7.35064,5.66921),(2.75118,7.35922,5.68218),(2.74364,7.36751,5.69365),(2.73296,7.37504,5.70295),(2.71978,7.38135,5.70953),(2.70487,7.38609,5.71299),(2.68911,7.38896,5.71314),(2.67343,7.38979,5.70997),(2.62878,7.37365,5.67041),(2.63575,7.38023,5.68328),(2.64594,7.3853,5.69458),(2.65875,7.38855,5.70366),(2.66945,7.60428,5.50994),(2.66587,7.59518,5.49723),(2.66628,7.58473,5.48367),(2.67103,7.57421,5.47102),(2.6798,7.56433,5.46013),(2.69201,7.55576,5.45173),(2.70682,7.54906,5.44639),(2.72326,7.54469,5.44447),(2.7402,7.54295,5.4461),(2.67664,7.61217,5.52191),(2.68703,7.61838,5.53242),(2.70001,7.62255,5.54085),(2.7148,7.62443,5.54672),(2.73054,7.62391,5.54967),(2.7463,7.62103,5.54953),(2.76114,7.61594,5.54631),(2.77421,7.60896,5.5402),(2.78472,7.60049,5.53156),(2.79206,7.59104,5.52089),(2.79579,7.58115,5.50883),(2.7957,7.57142,5.49609),(2.79138,7.56183,5.48257),(2.783,7.55371,5.47003),(2.77111,7.54762,5.45932),(2.75652,7.54395,5.45116),(2.72016,7.90303,5.2406),(2.72011,7.89191,5.22744),(2.72448,7.88071,5.21509),(2.73297,7.87019,5.20442),(2.74501,7.86106,5.19613),(2.75977,7.85395,5.1908),(2.77625,7.84934,5.18878),(2.79332,7.84755,5.19023),(2.80983,7.8487,5.19503),(2.82464,7.85271,5.20286),(2.83676,7.8593,5.21319),(2.84534,7.86803,5.22531),(2.84981,7.87831,5.2384),(2.84986,7.88942,5.25156),(2.84549,7.90062,5.26391),(2.837,7.91114,5.27458),(2.82497,7.92027,5.28287),(2.81021,7.92738,5.2882),(2.79373,7.93199,5.29022),(2.77665,7.93378,5.28877),(2.76014,7.93263,5.28397),(2.74533,7.92862,5.27614),(2.73322,7.92203,5.26581),(2.72463,7.9133,5.25369),(2.91216,8.2468,4.90326),(2.91656,8.25688,4.91636),(2.91674,8.26708,4.92871),(2.90369,8.23822,4.89111),(2.89174,8.23173,4.88073),(2.87709,8.22776,4.87282),(2.86074,8.22657,4.86791),(2.84379,8.22826,4.86634),(2.82737,8.23269,4.8682),(2.81258,8.23959,4.87337),(2.80043,8.24847,4.88151),(2.79173,8.25875,4.89206),(2.78706,8.26974,4.90433),(2.78674,8.28069,4.91747),(2.7904,8.29026,4.92979),(2.79768,8.29858,4.94139),(2.80814,8.30518,4.95157),(2.82116,8.30966,4.95975),(2.83599,8.31175,4.96544),(2.85175,8.31135,4.96829),(2.86751,8.30846,4.96816),(2.88234,8.30325,4.96504),(2.89536,8.29605,4.95912),(2.90582,8.28726,4.95074),(2.91308,8.27741,4.9404),(2.89019,8.86737,4.44387),(2.89056,8.85672,4.43048),(2.89528,8.84602,4.41799),(2.90403,8.83598,4.40724),(2.91621,8.82728,4.39895),(2.93101,8.82051,4.39368),(2.94744,8.81611,4.39178),(2.96439,8.81439,4.39339),(2.98072,8.81546,4.39839),(2.99533,8.81925,4.40644),(3.00725,8.82551,4.41701),(3.01566,8.8338,4.42939),(3.02001,8.84358,4.44274),(3.02014,8.8535,4.45532),(3.01644,8.86356,4.46723),(3.00913,8.87317,4.47776),(2.99864,8.88177,4.48629),(2.98559,8.88884,4.49232),(2.97075,8.89397,4.4955),(2.95499,8.89685,4.49564),(2.93925,8.89733,4.49273),(2.8938,8.87665,4.45642),(2.90103,8.88471,4.46823),(2.91144,8.89107,4.47861),(2.92444,8.89536,4.48694),(2.95701,9.23517,4.17912),(2.9535,9.22641,4.16616),(2.95397,9.21632,4.15234),(2.95878,9.20614,4.13945),(2.9676,9.19655,4.12835),(2.97985,9.18819,4.11979),(2.99469,9.18164,4.11435),(3.01113,9.17732,4.1124),(3.02807,9.17553,4.11405),(2.96416,9.24273,4.19131),(2.9745,9.24866,4.20202),(2.98743,9.25261,4.21061),(3.0022,9.25433,4.21659),(3.01792,9.25373,4.2196),(3.03368,9.25085,4.21946),(3.04854,9.24586,4.21617),(3.06164,9.23904,4.20995),(3.07219,9.2308,4.20114),(3.07957,9.22163,4.19027),(3.08336,9.21207,4.17798),(3.08333,9.20267,4.16499),(3.07908,9.19344,4.15122),(3.07075,9.18566,4.13844),(3.05892,9.17985,4.12753),(3.04436,9.1764,4.11921),(3.49319,12.27596,2.12152),(3.48983,12.26812,2.10795),(3.49048,12.25901,2.09346),(3.49545,12.24975,2.07995),(3.50441,12.24094,2.06832),(3.51676,12.2332,2.05935),(3.53167,12.22703,2.05365),(3.54814,12.22285,2.0516),(3.56506,12.22095,2.05334),(3.50018,12.28267,2.1343),(3.51039,12.28784,2.14552),(3.52321,12.29117,2.15453),(3.5379,12.29247,2.1608),(3.55359,12.29166,2.16395),(3.56935,12.28879,2.1638),(3.58425,12.28403,2.16036),(3.59742,12.27765,2.15383),(3.60809,12.27004,2.1446),(3.61561,12.26164,2.13321),(3.61955,12.25294,2.12033),(3.61968,12.24447,2.10673),(3.6156,12.23622,2.09228),(3.60744,12.22935,2.0789),(3.59574,12.22431,2.06746),(3.58129,12.22144,2.05875),(3.58699,12.81914,1.79499),(3.5878,12.81097,1.77997),(3.59293,12.80258,1.76595),(3.60203,12.79454,1.75389),(3.61448,12.78738,1.74459),(3.62946,12.78158,1.73868),(3.64595,12.77754,1.73656),(3.66284,12.77552,1.73836),(3.67901,12.77566,1.74396),(3.69336,12.77796,1.753),(3.70493,12.78225,1.76486),(3.71294,12.78825,1.77874),(3.71685,12.79556,1.79372),(3.71657,12.80315,1.80783),(3.71248,12.811,1.82119),(3.70482,12.81866,1.833),(3.69406,12.82567,1.84257),(3.68081,12.83162,1.84934),(3.66587,12.83616,1.85291),(3.6501,12.83902,1.85306),(3.63445,12.84003,1.84979),(3.59019,12.82609,1.80907),(3.59703,12.83196,1.82232),(3.60711,12.8364,1.83395),(3.61983,12.83914,1.8433),(3.73314,13.6368,1.40295),(3.73023,13.63147,1.38805),(3.73135,13.62504,1.37216),(3.73676,13.61828,1.35734),(3.7461,13.61163,1.34458),(3.75874,13.60554,1.33474),(3.77384,13.60042,1.32849),(3.79037,13.59663,1.32624),(3.80723,13.5944,1.32814),(3.73971,13.64114,1.41696),(3.74955,13.64423,1.42927),(3.76209,13.6459,1.43916),(3.77657,13.64604,1.44603),(3.79216,13.64465,1.44949),(3.80792,13.6418,1.44933),(3.82294,13.63768,1.44555),(3.83632,13.63251,1.43839),(3.84729,13.6266,1.42827),(3.85518,13.62031,1.41577),(3.85954,13.614,1.40164),(3.86012,13.60804,1.38671),(3.85651,13.60247,1.37087),(3.84878,13.59807,1.35618),(3.83745,13.59515,1.34364),(3.82329,13.5939,1.33408),(3.82729,14.18195,1.22802),(3.82889,14.17825,1.21134),(3.83475,14.17404,1.19577),(3.84448,14.16958,1.18238),(3.85743,14.16518,1.17205),(3.87271,14.16115,1.16548),(3.88931,14.15774,1.16312),(3.90612,14.15518,1.16512),(3.92199,14.15366,1.17135),(3.93586,14.15326,1.18139),(3.94681,14.15403,1.19456),(3.95409,14.1559,1.20998),(3.95722,14.15875,1.22661),(3.9562,14.16214,1.24229),(3.9514,14.16602,1.25713),(3.94313,14.17016,1.27025),(3.93186,14.17432,1.28088),(3.91826,14.17826,1.2884),(3.90313,14.18174,1.29236),(3.88736,14.18456,1.29253),(3.87188,14.18654,1.2889),(3.82975,14.18471,1.24366),(3.8359,14.18664,1.25838),(3.84537,14.18762,1.27131),(3.8576,14.18758,1.28169),(4.06645,15.5383,1.06366),(4.06835,15.53626,1.04677),(4.07448,15.53359,1.03102),(4.08444,15.53046,1.01746),(4.09757,15.52709,1.00701),(4.11297,15.5237,1.00037),(4.12961,15.52053,0.99798),(4.14638,15.51778,1.0),(4.16214,15.51563,1.0063),(4.17584,15.51424,1.01646),(4.18656,15.5137,1.02979),(4.19357,15.51404,1.0454),(4.19641,15.51524,1.06223),(4.19511,15.51708,1.0781),(4.19006,15.51948,1.09311),(4.18155,15.52232,1.10639),(4.1701,15.52543,1.11715),(4.15636,15.52862,1.12476),(4.14116,15.53171,1.12877),(4.12539,15.53451,1.12894),(4.10997,15.53685,1.12527),(4.06864,15.53951,1.07949),(4.07453,15.53998,1.09438),(4.08377,15.53967,1.10746),(4.09582,15.53861,1.11797),(4.0837,15.62493,1.07257),(4.08167,15.62459,1.05667),(4.08373,15.62349,1.03971),(4.09001,15.62169,1.02389),(4.10011,15.61931,1.01027),(4.11334,15.61652,0.99977),(4.1288,15.6135,0.99309),(4.14547,15.61046,0.99069),(4.16221,15.60759,0.99272),(4.08945,15.62457,1.08753),(4.09856,15.62354,1.10067),(4.11051,15.6219,1.11122),(4.12459,15.61973,1.11856),(4.13997,15.61718,1.12225),(4.15574,15.61439,1.12207),(4.17098,15.61153,1.11805),(4.18479,15.60876,1.1104),(4.19635,15.60625,1.09959),(4.20498,15.60414,1.08626),(4.21018,15.60257,1.07118),(4.21164,15.60161,1.05524),(4.20896,15.60134,1.03833),(4.2021,15.60187,1.02265),(4.19152,15.60315,1.00926),(4.17792,15.6051,0.99906),(4.15551,16.04337,1.05388),(4.15771,16.04306,1.03692),(4.16413,16.04201,1.02109),(4.17434,16.04028,1.00747),(4.18765,16.03799,0.99696),(4.20317,16.03529,0.99029),(4.21986,16.03236,0.98788),(4.23659,16.0294,0.98992),(4.25224,16.02661,0.99625),(4.26575,16.02417,1.00646),(4.27623,16.02225,1.01985),(4.28296,16.02099,1.03554),(4.28549,16.02045,1.05245),(4.2839,16.02065,1.06839),(4.27858,16.02151,1.08348),(4.26983,16.02299,1.09682),(4.25818,16.02498,1.10763),(4.24431,16.02739,1.11528),(4.22904,16.03006,1.11931),(4.21326,16.03284,1.11948),(4.19791,16.03557,1.11579),(4.15741,16.04295,1.06979),(4.16303,16.04188,1.08475),(4.17203,16.04022,1.0979),(4.18389,16.03808,1.10845),(4.41779,17.53076,1.08058),(4.41967,17.5306,1.06345),(4.42585,17.52968,1.04739),(4.43591,17.52805,1.0335),(4.44916,17.52582,1.02272),(4.46471,17.52315,1.01578),(4.48148,17.52022,1.01316),(4.49835,17.51723,1.01504),(4.51415,17.51438,1.02129),(4.52781,17.51186,1.03148),(4.53841,17.50986,1.04491),(4.54521,17.50849,1.06068),(4.54776,17.50787,1.07771),(4.54588,17.50803,1.09484),(4.5397,17.50895,1.1109),(4.52964,17.51058,1.12479),(4.51639,17.51281,1.13557),(4.50085,17.51548,1.14251),(4.48407,17.51841,1.14513),(4.46721,17.5214,1.14325),(4.45141,17.52425,1.137),(4.43774,17.52677,1.12681),(4.42715,17.52877,1.11338),(4.42034,17.53013,1.0976),(4.96611,19.88046,1.08621),(4.96425,19.88068,1.10334),(4.95808,19.88167,1.11939),(4.94803,19.88335,1.13329),(4.93478,19.88562,1.14407),(4.91924,19.88832,1.15101),(4.90247,19.89126,1.15362),(4.8856,19.89425,1.15175),(4.8698,19.89707,1.1455),(4.85613,19.89955,1.13531),(4.84552,19.9015,1.12187),(4.83871,19.9028,1.1061),(4.83615,19.90336,1.08907),(4.83801,19.90314,1.07195),(4.84418,19.90215,1.05589),(4.85423,19.90046,1.042),(4.86748,19.8982,1.03121),(4.88302,19.8955,1.02428),(4.89979,19.89256,1.02166),(4.91665,19.88957,1.02353),(4.96355,19.88102,1.06918),(4.95674,19.88232,1.05341),(4.94613,19.88427,1.03997),(4.93246,19.88675,1.02978),(5.03107,20.26392,1.07259),(5.03364,20.26341,1.08962),(5.03178,20.26367,1.10675),(5.02562,20.2647,1.12281),(5.01557,20.26642,1.1367),(5.00233,20.26872,1.14748),(4.9868,20.27144,1.15442),(4.97002,20.27438,1.15704),(4.95316,20.27736,1.15516),(5.02425,20.26518,1.05682),(5.01364,20.2671,1.04338),(4.99996,20.26955,1.03319),(4.98415,20.27236,1.02695),(4.96728,20.27534,1.02507),(4.95051,20.27829,1.02769),(4.93498,20.281,1.03462),(4.92174,20.2833,1.04541),(4.91169,20.28502,1.0593),(4.90553,20.28605,1.07536),(4.90367,20.28631,1.09248),(4.90624,20.2858,1.10951),(4.91306,20.28454,1.12529),(4.92367,20.28262,1.13872),(4.93735,20.28017,1.14891),(5.09262,20.59791,1.08903),(5.09079,20.59833,1.10616),(5.08465,20.5995,1.12221),(5.07463,20.60135,1.13611),(5.06141,20.60374,1.14689),(5.04588,20.60652,1.15383),(5.02911,20.60949,1.15644),(5.01224,20.61245,1.15457),(4.99642,20.61521,1.14832),(4.98273,20.61756,1.13813),(4.9721,20.61936,1.12469),(4.96525,20.62048,1.10892),(4.96266,20.62084,1.09189),(4.96449,20.62042,1.07477),(4.97063,20.61924,1.05871),(4.98065,20.6174,1.04482),(4.99387,20.615,1.03403),(5.0094,20.61222,1.0271),(5.02616,20.60925,1.02448),(5.04303,20.60629,1.02635),(5.09002,20.59827,1.072),(5.08318,20.59938,1.05623),(5.07254,20.60118,1.04279),(5.05885,20.60354,1.0326),(5.58416,23.40068,1.04477),(5.58679,23.4005,1.06179),(5.58499,23.40111,1.07892),(5.57889,23.40246,1.09497),(5.56889,23.40446,1.10886),(5.55569,23.40697,1.11965),(5.54018,23.40983,1.12658),(5.52342,23.41283,1.1292),(5.50654,23.41577,1.12732),(5.57729,23.40162,1.029),(5.56663,23.40327,1.01556),(5.55292,23.40552,1.00537),(5.53708,23.4082,0.99912),(5.52021,23.41115,0.99725),(5.50345,23.41415,0.99987),(5.48794,23.417,1.0068),(5.47474,23.41951,1.01758),(5.46474,23.42151,1.03148),(5.45864,23.42286,1.04753),(5.45684,23.42347,1.06466),(5.45946,23.42329,1.08168),(5.46634,23.42235,1.09745),(5.477,23.4207,1.11089),(5.49071,23.41845,1.12108),(5.65203,23.78536,1.03552),(5.65459,23.78502,1.05244),(5.65304,23.7854,1.06838),(5.64527,23.78645,1.01984),(5.63477,23.78822,1.00644),(5.62123,23.79054,0.99623),(5.60557,23.79326,0.9899),(5.58883,23.7962,0.98786),(5.57215,23.79915,0.99026),(5.55664,23.80193,0.99694),(5.54335,23.80434,1.00745),(5.53317,23.80623,1.02107),(5.52678,23.80746,1.0369),(5.52462,23.80795,1.05387),(5.52655,23.80771,1.06977),(5.5322,23.80681,1.08474),(5.54123,23.80531,1.09789),(5.55311,23.80328,1.10844),(5.56714,23.80085,1.11578),(5.5825,23.79817,1.11947),(5.59827,23.79539,1.1193),(5.61354,23.79267,1.11527),(5.62739,23.79018,1.10762),(5.63902,23.78805,1.09681),(5.64774,23.78643,1.08347),(5.62673,24.38697,1.06186),(5.6286,24.38675,1.04473),(5.63476,24.38576,1.02868),(5.64481,24.38408,1.01478),(5.65806,24.38181,1.004),(5.6736,24.37911,0.99707),(5.69037,24.37617,0.99445),(5.70724,24.37319,0.99632),(5.72304,24.37036,1.00257),(5.73672,24.36789,1.01276),(5.74732,24.36593,1.0262),(5.75413,24.36463,1.04197),(5.75669,24.36407,1.059),(5.75483,24.36429,1.07613),(5.74866,24.36528,1.09218),(5.73861,24.36696,1.10608),(5.72536,24.36923,1.11686),(5.70982,24.37192,1.1238),(5.69305,24.37487,1.12641),(5.67618,24.37785,1.12454),(5.66038,24.38068,1.11829),(5.64671,24.38315,1.1081),(5.6361,24.38511,1.09466),(5.62929,24.38641,1.07889),(5.92975,25.3455,1.06031),(5.9279,25.34584,1.07743),(5.92175,25.34695,1.09349),(5.91172,25.34873,1.10739),(5.89849,25.35108,1.11817),(5.88296,25.35383,1.1251),(5.86619,25.35679,1.12772),(5.84932,25.35976,1.12585),(5.83351,25.36254,1.1196),(5.81982,25.36494,1.10941),(5.8092,25.3668,1.09597),(5.80237,25.36798,1.0802),(5.79978,25.36842,1.06317),(5.80163,25.36807,1.04604),(5.80778,25.36697,1.02999),(5.81781,25.36518,1.01609),(5.83104,25.36283,1.00531),(5.84657,25.36009,0.99837),(5.86334,25.35713,0.99575),(5.88021,25.35415,0.99763),(5.92716,25.34593,1.04328),(5.92033,25.34712,1.02751),(5.90971,25.34897,1.01407),(5.89602,25.35137,1.00388),(5.98214,25.64263,1.05918),(5.9803,25.64302,1.07631),(5.97416,25.64416,1.09237),(5.96413,25.64598,1.10626),(5.95091,25.64836,1.11704),(5.93538,25.65112,1.12398),(5.91861,25.65409,1.1266),(5.90174,25.65706,1.12472),(5.88593,25.65982,1.11847),(5.87224,25.6622,1.10828),(5.86161,25.66402,1.09484),(5.85477,25.66517,1.07907),(5.85218,25.66556,1.06204),(5.85402,25.66517,1.04492),(5.86016,25.66402,1.02886),(5.87018,25.6622,1.01497),(5.88341,25.65983,1.00418),(5.89894,25.65707,0.99725),(5.91571,25.6541,0.99463),(5.93257,25.65113,0.99651),(5.97955,25.64302,1.04215),(5.97271,25.64417,1.02638),(5.96208,25.64599,1.01294),(5.94839,25.64837,1.00275),(6.01828,25.8625,1.04143),(6.02087,25.86227,1.05835),(6.01933,25.86276,1.07429),(6.0115,25.86348,1.02575),(6.00098,25.86515,1.01236),(5.98744,25.8674,1.00215),(5.97177,25.87007,0.99582),(5.95503,25.873,0.99379),(5.93835,25.87597,0.99619),(5.92285,25.87879,1.00286),(5.90957,25.88128,1.01337),(5.89941,25.88326,1.02699),(5.89304,25.8846,1.04281),(5.89089,25.88521,1.05978),(5.89284,25.88508,1.07568),(5.89851,25.88429,1.09065),(5.90756,25.88287,1.10379),(5.91945,25.88092,1.11434),(5.93349,25.87854,1.12168),(5.94885,25.87589,1.12537),(5.96463,25.8731,1.1252),(5.97989,25.87036,1.12117),(5.99374,25.86781,1.11353),(6.00535,25.86561,1.10271),(6.01406,25.8639,1.08937),(5.98048,26.39323,1.04923),(5.98226,26.39248,1.03211),(5.98834,26.391,1.01606),(5.99832,26.38889,1.00217),(6.0115,26.38629,0.99139),(6.02701,26.38339,0.98445),(6.04377,26.38036,0.98183),(6.06064,26.37744,0.98371),(6.07648,26.3748,0.98996),(6.09021,26.37264,1.00014),(6.10088,26.37109,1.01358),(6.10778,26.37028,1.02934),(6.11044,26.37024,1.04637),(6.10866,26.37098,1.06349),(6.10258,26.37246,1.07954),(6.0926,26.37457,1.09343),(6.07942,26.37717,1.10421),(6.06391,26.38008,1.11114),(6.04716,26.3831,1.11376),(6.03028,26.38603,1.11188),(6.01444,26.38866,1.10564),(6.00071,26.39083,1.09545),(5.99004,26.39237,1.08202),(5.98314,26.39319,1.06625),(6.4937,28.54385,0.98784),(6.49192,28.54458,1.00496),(6.48584,28.54605,1.02102),(6.47586,28.54815,1.03491),(6.46268,28.55074,1.04569),(6.44717,28.55365,1.05262),(6.43041,28.55667,1.05524),(6.41354,28.5596,1.05336),(6.3977,28.56224,1.04712),(6.38397,28.5644,1.03693),(6.3733,28.56596,1.0235),(6.3664,28.56678,1.00773),(6.36375,28.56683,0.9907),(6.36553,28.56609,0.97358),(6.37161,28.56463,0.95753),(6.38159,28.56252,0.94364),(6.39478,28.55993,0.93286),(6.41028,28.55703,0.92593),(6.42704,28.55401,0.92331),(6.44391,28.55108,0.92519),(6.49105,28.54389,0.97082),(6.48415,28.54472,0.95505),(6.47348,28.54627,0.94162),(6.45975,28.54844,0.93143),(6.53775,28.79365,0.98224),(6.53596,28.79431,0.99937),(6.52986,28.7957,1.01542),(6.51987,28.79773,1.02931),(6.50667,28.80027,1.04009),(6.49117,28.80314,1.04703),(6.4744,28.80615,1.04965),(6.45753,28.80908,1.04777),(6.4417,28.81175,1.04152),(6.42798,28.81397,1.03134),(6.41732,28.81559,1.0179),(6.41043,28.81649,1.00213),(6.4078,28.81662,0.98511),(6.40959,28.81597,0.96798),(6.41569,28.81458,0.95193),(6.42567,28.81255,0.93804),(6.43887,28.81001,0.92726),(6.45438,28.80714,0.92032),(6.47114,28.80413,0.9177),(6.48801,28.80119,0.91958),(6.53511,28.79378,0.96522),(6.52823,28.79469,0.94945),(6.51756,28.79631,0.93601),(6.50385,28.79852,0.92582),(6.78678,30.22103,0.9412),(6.78941,30.2209,0.95823),(6.78762,30.22156,0.97535),(6.78152,30.22295,0.99141),(6.77153,30.22498,1.0053),(6.75834,30.22752,1.01608),(6.74283,30.23039,1.02301),(6.72607,30.2334,1.02563),(6.70919,30.23634,1.02375),(6.77989,30.22194,0.92543),(6.76923,30.22355,0.912),(6.75551,30.22577,0.90181),(6.73968,30.22844,0.89556),(6.7228,30.23138,0.89369),(6.70604,30.23439,0.89631),(6.69053,30.23726,0.90324),(6.67734,30.2398,0.91402),(6.66735,30.24183,0.92791),(6.66125,30.24322,0.94397),(6.65946,30.24387,0.96109),(6.66209,30.24374,0.97812),(6.66898,30.24284,0.99389),(6.67964,30.24122,1.00732),(6.69336,30.23901,1.01751),(6.92001,30.97647,0.92432),(6.92259,30.97621,0.94123),(6.92105,30.97666,0.95717),(6.91324,30.97749,0.90864),(6.90273,30.97919,0.89524),(6.88918,30.98146,0.88504),(6.87352,30.98416,0.8787),(6.85678,30.98708,0.87667),(6.8401,30.99005,0.87907),(6.8246,30.99286,0.88575),(6.81132,30.99532,0.89625),(6.80114,30.99727,0.90987),(6.79477,30.99857,0.9257),(6.79262,30.99915,0.94267),(6.79456,30.99898,0.95857),(6.80022,30.99815,0.97353),(6.80926,30.99671,0.98668),(6.82116,30.99473,0.99723),(6.83519,30.99234,1.00457),(6.85055,30.98967,1.00826),(6.86633,30.98689,1.00809),(6.88159,30.98415,1.00406),(6.89544,30.98162,0.99641),(6.90706,30.97945,0.9856),(6.91577,30.97777,0.97226),(6.81063,31.10124,0.94408),(6.81248,31.10087,0.92695),(6.81862,31.09974,0.9109),(6.82865,31.09794,0.897),(6.84188,31.09558,0.88622),(6.85741,31.09282,0.87928),(6.87418,31.08986,0.87666),(6.89104,31.08689,0.87854),(6.90686,31.08412,0.88479),(6.92055,31.08173,0.89498),(6.93117,31.07989,0.90842),(6.93801,31.07872,0.92419),(6.9406,31.07831,0.94122),(6.93876,31.07868,0.95834),(6.93261,31.07981,0.9744),(6.92258,31.08161,0.98829),(6.90935,31.08397,0.99908),(6.89382,31.08673,1.00601),(6.87705,31.08969,1.00863),(6.86019,31.09266,1.00675),(6.84437,31.09543,1.00051),(6.83068,31.09782,0.99032),(6.82006,31.09966,0.97688),(6.81322,31.10082,0.96111),(7.04701,31.68668,0.929),(7.04754,31.68663,0.94623),(7.04364,31.68728,0.963),(7.03559,31.68858,0.97818),(7.02394,31.69045,0.99073),(7.00947,31.69276,0.99979),(6.99317,31.69535,1.00476),(6.97616,31.69804,1.00529),(6.95959,31.70065,1.00134),(6.94459,31.70301,0.99319),(6.93219,31.70494,0.98139),(6.92323,31.70633,0.96674),(6.91832,31.70707,0.95024),(6.91779,31.70712,0.93302),(6.92168,31.70647,0.91625),(6.92973,31.70517,0.90107),(6.94139,31.7033,0.88852),(6.95586,31.70099,0.87945),(6.97216,31.6984,0.87448),(6.98917,31.69571,0.87395),(7.00574,31.6931,0.8779),(7.02074,31.69075,0.88605),(7.03314,31.68881,0.89786),(7.0421,31.68742,0.91251),(7.08322,32.28177,1.0035),(7.06636,32.28412,1.00612),(7.0494,32.2865,1.00424),(7.0335,32.28875,0.99799),(7.01974,32.29071,0.98781),(7.00907,32.29225,0.97437),(7.0022,32.29326,0.9586),(6.99962,32.29368,0.94157),(7.00148,32.29347,0.92444),(7.00767,32.29266,0.90838),(7.01777,32.29129,0.89449),(7.03108,32.28946,0.88371),(7.0467,32.28729,0.87677),(7.06357,32.28494,0.87415),(7.08053,32.28256,0.87602),(7.09643,32.28031,0.88227),(7.11019,32.27835,0.89246),(7.12086,32.27681,0.9059),(7.12772,32.2758,0.92167),(7.13031,32.27538,0.9387),(7.12844,32.27559,0.95582),(7.12225,32.2764,0.97188),(7.11216,32.27777,0.98577),(7.09884,32.2796,0.99656),(7.16567,32.52788,0.94012),(7.16379,32.52796,0.95725),(7.15758,32.52865,0.9733),(7.14747,32.52991,0.9872),(7.13414,32.53166,0.99798),(7.11851,32.53377,1.00492),(7.10165,32.5361,1.00754),(7.08469,32.5385,1.00566),(7.06879,32.54079,0.99942),(7.05505,32.54283,0.98923),(7.04439,32.54447,0.97579),(7.03754,32.54561,0.96002),(7.03497,32.54616,0.94299),(7.03686,32.54608,0.92587),(7.04307,32.54539,0.90981),(7.05318,32.54413,0.89592),(7.0665,32.54238,0.88513),(7.08213,32.54027,0.8782),(7.099,32.53794,0.87558),(7.11596,32.53554,0.87745),(7.1631,32.52843,0.92309),(7.15626,32.52957,0.90732),(7.1456,32.53121,0.89389),(7.13185,32.53325,0.8837),(7.19634,32.75117,0.93625),(7.19641,32.75095,0.95348),(7.19204,32.75121,0.97014),(7.18353,32.75191,0.98511),(7.17145,32.75301,0.99735),(7.15664,32.75445,1.00605),(7.14009,32.7561,1.01059),(7.12294,32.75788,1.01068),(7.10636,32.75965,1.00631),(7.09147,32.76129,0.99778),(7.0793,32.7627,0.98566),(7.07066,32.76377,0.97078),(7.06615,32.76443,0.95417),(7.06608,32.76465,0.93694),(7.07045,32.76439,0.92027),(7.07896,32.76369,0.90531),(7.09103,32.76258,0.89306),(7.10585,32.76115,0.88437),(7.12239,32.75949,0.87982),(7.13954,32.75772,0.87973),(7.15613,32.75595,0.8841),(7.17101,32.75431,0.89264),(7.18319,32.7529,0.90476),(7.19183,32.75183,0.91963),(7.20445,33.81926,1.01896),(7.18734,33.82013,1.01715),(7.17127,33.82097,1.01098),(7.15735,33.82172,1.00085),(7.14652,33.82231,0.98746),(7.13953,33.82272,0.97172),(7.13684,33.82291,0.9547),(7.13864,33.82288,0.93757),(7.14481,33.82262,0.92148),(7.15493,33.82215,0.90754),(7.1683,33.82151,0.8967),(7.18402,33.82073,0.88969),(7.20102,33.81988,0.887),(7.21814,33.819,0.8888),(7.2342,33.81816,0.89498),(7.24812,33.81742,0.90511),(7.25895,33.81682,0.9185),(7.26595,33.81641,0.93424),(7.26864,33.81622,0.95125),(7.26684,33.81625,0.96839),(7.26067,33.81651,0.98447),(7.25055,33.81698,0.99841),(7.23717,33.81763,1.00925),(7.22145,33.8184,1.01626),(7.21798,34.22234,1.01873),(7.20087,34.2229,1.01684),(7.18482,34.22345,1.01058),(7.17095,34.22395,1.00038),(7.16019,34.22436,0.98693),(7.15327,34.22465,0.97115),(7.15067,34.22481,0.95412),(7.15256,34.22482,0.93699),(7.15882,34.22469,0.92094),(7.16902,34.22441,0.90706),(7.18246,34.22402,0.89629),(7.19823,34.22354,0.88936),(7.21526,34.223,0.88676),(7.23237,34.22243,0.88865),(7.24842,34.22188,0.89491),(7.26229,34.22138,0.90512),(7.27305,34.22097,0.91856),(7.27997,34.22068,0.93434),(7.28257,34.22052,0.95137),(7.28068,34.22051,0.9685),(7.27442,34.22065,0.98455),(7.26422,34.22092,0.99843),(7.25077,34.22131,1.0092),(7.235,34.22179,1.01613),(7.29259,34.61005,0.94037),(7.29454,34.6098,0.95749),(7.29199,34.60976,0.97453),(7.28512,34.60992,0.99033),(7.2744,34.61029,1.00381),(7.26056,34.61083,1.01406),(7.24454,34.61151,1.02038),(7.22744,34.61228,1.02233),(7.21041,34.61309,1.01979),(7.19463,34.61389,1.01292),(7.18116,34.61461,1.0022),(7.17093,34.61522,0.98835),(7.16462,34.61566,0.97232),(7.16268,34.61591,0.9552),(7.16523,34.61596,0.93816),(7.1721,34.61579,0.92236),(7.18282,34.61542,0.90888),(7.19666,34.61488,0.89863),(7.21268,34.6142,0.89231),(7.22978,34.61343,0.89036),(7.2468,34.61262,0.8929),(7.26259,34.61182,0.89977),(7.27605,34.6111,0.91049),(7.28629,34.6105,0.92434),(7.26663,35.0879,1.02642),(7.25064,35.08888,1.02659),(7.23508,35.08979,1.02289),(7.22087,35.09056,1.01555),(7.20883,35.09115,1.005),(7.19968,35.09152,0.99185),(7.19396,35.09165,0.97689),(7.19201,35.09154,0.96098),(7.2821,35.08688,1.0224),(7.29614,35.0859,1.01476),(7.30793,35.08502,1.00395),(7.31678,35.08428,0.99061),(7.32215,35.08373,0.97553),(7.32374,35.08339,0.95959),(7.32116,35.08331,0.94267),(7.31432,35.0835,0.92698),(7.30368,35.08396,0.91357),(7.28997,35.08466,0.90336),(7.27409,35.08554,0.89702),(7.25713,35.08656,0.89498),(7.24022,35.08764,0.89737),(7.2245,35.0887,0.90405),(7.21102,35.08969,0.91455),(7.20069,35.09053,0.92818),(7.19421,35.09116,0.94401),(7.19801,35.16507,0.97192),(7.1966,35.16457,0.95476),(7.19967,35.16363,0.93783),(7.207,35.16232,0.92229),(7.2181,35.16071,0.9092),(7.2322,35.15892,0.89945),(7.24835,35.15708,0.89371),(7.26545,35.1553,0.89236),(7.28233,35.15371,0.89551),(7.29784,35.15242,0.90292),(7.31092,35.15152,0.91411),(7.32069,35.15106,0.9283),(7.32647,35.15108,0.94453),(7.32788,35.15157,0.9617),(7.32481,35.15251,0.97863),(7.31748,35.15383,0.99416),(7.30638,35.15544,1.00725),(7.29228,35.15722,1.017),(7.27613,35.15907,1.02274),(7.25903,35.16084,1.02409),(7.24215,35.16243,1.02095),(7.22664,35.16372,1.01353),(7.21356,35.16463,1.00234),(7.20379,35.16509,0.98815),(7.37727,35.98501,0.99514),(7.36049,35.98809,0.99255),(7.34492,35.9908,0.98564),(7.33162,35.99294,0.97489),(7.32148,35.99438,0.96103),(7.3152,35.99501,0.94499),(7.31322,35.99479,0.92788),(7.31566,35.99374,0.91085),(7.32235,35.99193,0.89508),(7.33285,35.98948,0.88163),(7.34643,35.98656,0.87142),(7.36218,35.98337,0.86515),(7.37901,35.98012,0.86324),(7.39578,35.97704,0.86582),(7.41135,35.97434,0.87273),(7.42466,35.97219,0.88348),(7.4348,35.97076,0.89735),(7.44107,35.97013,0.91338),(7.44306,35.97034,0.9305),(7.44062,35.97139,0.94752),(7.43392,35.9732,0.9633),(7.42343,35.97565,0.97675),(7.40984,35.97857,0.98696),(7.3941,35.98176,0.99323),(7.51721,36.52957,0.97605),(7.50166,36.53327,0.97617),(7.48652,36.5368,0.97244),(7.47268,36.53995,0.96509),(7.46095,36.54252,0.95454),(7.45202,36.54437,0.94141),(7.4464,36.54539,0.92647),(7.44445,36.54552,0.91061),(7.53226,36.5259,0.97209),(7.54592,36.52248,0.96452),(7.5574,36.51952,0.95379),(7.56601,36.51719,0.94053),(7.57126,36.51562,0.92551),(7.57284,36.5149,0.90962),(7.57034,36.51514,0.89265),(7.56368,36.51639,0.8769),(7.55331,36.51858,0.86342),(7.53992,36.52155,0.85313),(7.52442,36.52511,0.84672),(7.50785,36.52902,0.84462),(7.49134,36.533,0.84697),(7.476,36.5368,0.85362),(7.46286,36.54015,0.86412),(7.45281,36.54283,0.87775),(7.44653,36.54467,0.89361),(7.50736,36.80938,0.91059),(7.50894,36.80876,0.89345),(7.51473,36.80692,0.87732),(7.52434,36.804,0.86331),(7.53712,36.8002,0.85238),(7.5522,36.79578,0.84527),(7.56854,36.79103,0.84246),(7.58504,36.78629,0.84414),(7.60056,36.78186,0.85021),(7.61406,36.77807,0.86024),(7.62461,36.77516,0.87355),(7.6315,36.77333,0.88925),(7.63424,36.77271,0.90624),(7.63267,36.77333,0.92339),(7.62688,36.77517,0.93951),(7.61726,36.77809,0.95352),(7.60448,36.78189,0.96445),(7.58941,36.78631,0.97157),(7.57307,36.79106,0.97438),(7.55657,36.7958,0.97269),(7.54104,36.80023,0.96663),(7.52755,36.80402,0.9566),(7.517,36.80693,0.94328),(7.51011,36.80876,0.92759),(7.7161,37.19147,0.96908),(7.70097,37.19662,0.96919),(7.68623,37.20154,0.96546),(7.67274,37.20594,0.95811),(7.66129,37.20956,0.94756),(7.65256,37.21218,0.93443),(7.64705,37.21366,0.9195),(7.64509,37.21391,0.90364),(7.64706,37.21278,0.88664),(7.65312,37.2103,0.87078),(7.66285,37.20662,0.85714),(7.67561,37.202,0.84665),(7.69052,37.19674,0.84),(7.70659,37.19121,0.83766),(7.72272,37.18577,0.83976),(7.73783,37.1808,0.84619),(7.75089,37.17662,0.85649),(7.76103,37.17353,0.86998),(7.76755,37.17173,0.88574),(7.77003,37.17133,0.90271),(7.76854,37.17227,0.9186),(7.76347,37.17439,0.93361),(7.73072,37.18638,0.96513),(7.74399,37.18166,0.95758),(7.75513,37.17758,0.94686),(7.76821,37.57319,0.89852),(7.76779,37.57288,0.8813),(7.77155,37.571,0.86459),(7.77924,37.56766,0.84954),(7.79034,37.56311,0.83717),(7.80408,37.55765,0.82832),(7.81954,37.55166,0.8236),(7.83565,37.54553,0.82332),(7.85132,37.53969,0.82752),(7.86548,37.53454,0.83589),(7.87717,37.53043,0.84787),(7.88559,37.52763,0.86265),(7.89017,37.52634,0.87922),(7.89059,37.52665,0.89644),(7.88682,37.52854,0.91315),(7.87913,37.53187,0.9282),(7.86803,37.53642,0.94058),(7.85429,37.54188,0.94942),(7.83884,37.54788,0.95415),(7.82272,37.554,0.95442),(7.80705,37.55984,0.95023),(7.79289,37.56499,0.94185),(7.7812,37.56911,0.92987),(7.77278,37.5719,0.91509),(7.86002,37.65933,0.95205),(7.84512,37.66574,0.94623),(7.83211,37.67131,0.93641),(7.82185,37.67564,0.92325),(7.81506,37.67844,0.90767),(7.81219,37.67952,0.89072),(7.81344,37.67881,0.87355),(7.81872,37.67635,0.85733),(7.82768,37.67232,0.84318),(7.8397,37.66698,0.83205),(7.85397,37.66071,0.8247),(7.86951,37.65392,0.82164),(7.88526,37.64709,0.82307),(7.90015,37.64067,0.82889),(7.91317,37.63511,0.83872),(7.92343,37.63078,0.85187),(7.93022,37.62798,0.86745),(7.93309,37.6269,0.88441),(7.93184,37.62761,0.90158),(7.92656,37.63006,0.91779),(7.9176,37.6341,0.93195),(7.90558,37.63943,0.94307),(7.89131,37.64571,0.95042),(7.87577,37.65249,0.95348),(7.92536,37.76852,0.95276),(7.90975,37.77553,0.95072),(7.89515,37.78206,0.94432),(7.88255,37.78767,0.934),(7.8728,37.79198,0.92046),(7.86658,37.79469,0.90462),(7.86431,37.79562,0.88757),(7.86613,37.7947,0.87046),(7.87194,37.792,0.85446),(7.88133,37.78771,0.84067),(7.89365,37.78211,0.83001),(7.90808,37.77558,0.82323),(7.92363,37.76858,0.82077),(7.93924,37.76157,0.82282),(7.95384,37.75504,0.82922),(7.96645,37.74943,0.83954),(7.97619,37.74512,0.85308),(7.98241,37.74241,0.86892),(7.98469,37.74148,0.88597),(7.98286,37.7424,0.90308),(7.97705,37.7451,0.91907),(7.96767,37.74939,0.93287),(7.95534,37.75499,0.94352),(7.94091,37.76152,0.95031),(8.19334,38.21157,0.867),(8.19561,38.21061,0.88406),(8.19377,38.2115,0.90116),(8.18795,38.21417,0.91716),(8.17855,38.21844,0.93095),(8.16622,38.22403,0.94161),(8.15178,38.23054,0.94839),(8.13623,38.23754,0.95085),(8.12062,38.24455,0.94881),(8.18714,38.2143,0.85116),(8.1774,38.21863,0.83762),(8.16481,38.22426,0.8273),(8.15021,38.2308,0.8209),(8.1346,38.23781,0.81886),(8.11905,38.24481,0.82131),(8.10462,38.25133,0.8281),(8.09228,38.25691,0.83875),(8.08288,38.26118,0.85255),(8.07707,38.26385,0.86854),(8.07523,38.26474,0.88565),(8.07749,38.26378,0.9027),(8.0837,38.26105,0.91854),(8.09343,38.25672,0.93208),(8.10603,38.25109,0.94241),(8.23654,38.30685,0.86792),(8.23846,38.30592,0.88501),(8.23637,38.30703,0.90208),(8.2304,38.31009,0.91795),(8.22097,38.31492,0.93155),(8.20872,38.32116,0.94195),(8.19448,38.32841,0.94843),(8.17922,38.33616,0.95057),(8.16398,38.34389,0.9482),(8.1498,38.35107,0.9415),(8.13765,38.35721,0.93092),(8.12836,38.36189,0.91718),(8.12255,38.36479,0.90122),(8.12062,38.36572,0.88412),(8.12272,38.36462,0.86706),(8.12868,38.36155,0.85118),(8.13811,38.35673,0.83759),(8.15037,38.35048,0.82719),(8.16461,38.34323,0.8207),(8.17987,38.33548,0.81857),(8.19511,38.32776,0.82093),(8.20928,38.32058,0.82763),(8.22143,38.31444,0.83821),(8.23073,38.30976,0.85195),(8.49414,38.88778,0.94929),(8.47927,38.89624,0.94724),(8.46538,38.90417,0.94084),(8.45341,38.91102,0.93051),(8.44418,38.91634,0.91697),(8.43832,38.91975,0.90113),(8.43622,38.92102,0.88407),(8.43804,38.92008,0.86697),(8.44364,38.91697,0.85097),(8.45265,38.91192,0.83718),(8.46445,38.90527,0.82653),(8.47823,38.89747,0.81975),(8.49306,38.88905,0.8173),(8.50793,38.88059,0.81934),(8.52182,38.87266,0.82575),(8.53379,38.86581,0.83607),(8.54302,38.8605,0.84961),(8.54889,38.85708,0.86545),(8.55098,38.85581,0.88251),(8.54916,38.85676,0.89962),(8.54356,38.85986,0.91561),(8.53456,38.86491,0.9294),(8.52276,38.87156,0.94005),(8.50897,38.87936,0.94684),(8.64582,39.02327,0.87917),(8.64523,39.02352,0.89639),(8.64088,39.02614,0.91286),(8.63308,39.03097,0.92745),(8.62236,39.03766,0.93918),(8.60945,39.04577,0.94724),(8.59523,39.05473,0.95109),(8.58066,39.06395,0.95046),(8.56675,39.07279,0.94539),(8.55443,39.08065,0.93623),(8.54455,39.08699,0.92361),(8.53779,39.09138,0.90838),(8.53459,39.09353,0.89159),(8.53519,39.09328,0.87437),(8.53953,39.09065,0.8579),(8.54733,39.08583,0.84331),(8.55805,39.07913,0.83158),(8.57096,39.07102,0.82352),(8.58519,39.06206,0.81967),(8.59975,39.05284,0.82031),(8.61367,39.044,0.82537),(8.62598,39.03614,0.83453),(8.63586,39.0298,0.84715),(8.64263,39.02541,0.86238),(8.85935,39.41142,0.94971),(8.84539,39.42121,0.95217),(8.83137,39.43102,0.95014),(8.81826,39.44019,0.94374),(8.80694,39.44809,0.93343),(8.7982,39.45418,0.91989),(8.79261,39.45804,0.90405),(8.79057,39.45942,0.887),(8.79221,39.45822,0.86989),(8.79743,39.45452,0.85389),(8.80586,39.44857,0.84009),(8.81693,39.44078,0.82944),(8.82989,39.43168,0.82264),(8.84386,39.42189,0.82018),(8.85787,39.41208,0.82222),(8.87098,39.40291,0.82861),(8.8823,39.39502,0.83893),(8.89105,39.38893,0.85247),(8.89663,39.38506,0.8683),(8.89867,39.38368,0.88536),(8.89703,39.38489,0.90246),(8.89181,39.38859,0.91846),(8.88338,39.39453,0.93226),(8.87231,39.40232,0.94292),(9.08527,39.65429,0.86619),(9.08742,39.65311,0.88317),(9.08614,39.65431,0.89905),(9.0796,39.65796,0.85041),(9.07081,39.66385,0.8369),(9.05949,39.67158,0.82657),(9.04641,39.68063,0.82013),(9.03244,39.69037,0.818),(9.01854,39.70015,0.82034),(9.00564,39.70932,0.82698),(8.99461,39.71725,0.83748),(8.98621,39.7234,0.85112),(8.981,39.72736,0.86698),(8.97932,39.72886,0.884),(8.98105,39.72795,0.89985),(8.98584,39.72488,0.91478),(8.99342,39.71983,0.9279),(9.00334,39.71309,0.93845),(9.01501,39.70505,0.94581),(9.02777,39.69619,0.94955),(9.04085,39.68702,0.94946),(9.05349,39.67809,0.94552),(9.06496,39.66991,0.93798),(9.07457,39.66296,0.92728),(9.08178,39.65766,0.91405),(9.01536,39.77951,0.89013),(9.01512,39.77874,0.87292),(9.01842,39.77527,0.85636),(9.02504,39.76934,0.84158),(9.03452,39.76134,0.8296),(9.04622,39.75183,0.82122),(9.05935,39.74145,0.81702),(9.073,39.73091,0.81728),(9.08625,39.72093,0.82199),(9.09819,39.71219,0.83083),(9.10801,39.70527,0.84319),(9.11504,39.70067,0.85823),(9.1188,39.69868,0.87493),(9.11904,39.69945,0.89214),(9.11574,39.70292,0.9087),(9.10912,39.70885,0.92347),(9.09964,39.71685,0.93546),(9.08793,39.72636,0.94384),(9.07481,39.73674,0.94804),(9.06116,39.74728,0.94777),(9.04791,39.75726,0.94306),(9.03597,39.76601,0.93422),(9.02615,39.77292,0.92187),(9.01912,39.77752,0.90683),(9.63536,40.34922,0.88528),(9.62444,40.36014,0.89296),(9.61226,40.37186,0.8964),(9.59964,40.38358,0.89536),(9.58746,40.3945,0.88991),(9.57653,40.40387,0.88043),(9.5676,40.41107,0.86756),(9.56129,40.4156,0.85218),(9.55802,40.41715,0.83534),(9.55801,40.41561,0.81818),(9.56127,40.41109,0.80187),(9.56757,40.4039,0.78753),(9.57648,40.39452,0.77613),(9.5874,40.38361,0.76845),(9.59958,40.37189,0.76501),(9.6122,40.36017,0.76605),(9.62438,40.34925,0.77149),(9.63531,40.33988,0.78097),(9.64424,40.33268,0.79384),(9.65055,40.32815,0.80922),(9.65382,40.3266,0.82607),(9.65383,40.32814,0.84323),(9.65058,40.33266,0.85954),(9.64428,40.33985,0.87388),(9.77489,40.52488,0.88065),(9.76379,40.5363,0.88067),(9.75295,40.54732,0.87687),(9.74298,40.55731,0.86947),(9.73448,40.56567,0.85892),(9.72794,40.57193,0.84581),(9.72373,40.57572,0.83091),(9.72211,40.57682,0.8151),(9.72337,40.57491,0.79802),(9.72767,40.56991,0.7821),(9.73472,40.56216,0.76842),(9.74405,40.55219,0.75793),(9.75501,40.54067,0.75132),(9.76687,40.52839,0.74905),(9.7788,40.51618,0.75128),(9.79002,40.50488,0.75785),(9.79974,40.49526,0.76832),(9.8073,40.48797,0.78197),(9.8122,40.4835,0.79788),(9.8141,40.48216,0.81495),(9.81307,40.48379,0.83077),(9.80943,40.48808,0.84568),(9.80338,40.49478,0.85881),(9.79527,40.5035,0.86939),(9.78559,40.51373,0.87682),(10.1587,40.99962,0.83825),(10.15841,41.00053,0.82104),(10.16109,40.99807,0.8042),(10.16655,40.99241,0.78887),(10.17443,40.98393,0.77609),(10.18418,40.97322,0.76674),(10.19514,40.961,0.76145),(10.20657,40.94811,0.76059),(10.21768,40.93542,0.7642),(10.22771,40.9238,0.77206),(10.236,40.91404,0.78361),(10.24196,40.90681,0.79808),(10.24519,40.9026,0.81447),(10.24548,40.90169,0.83167),(10.2428,40.90415,0.84851),(10.23733,40.90981,0.86384),(10.22946,40.91829,0.87662),(10.21971,40.929,0.88597),(10.20875,40.94122,0.89126),(10.19732,40.95411,0.89213),(10.18621,40.9668,0.88851),(10.17617,40.97842,0.88066),(10.16789,40.98818,0.8691),(10.16193,40.99541,0.85464),(10.75838,41.3978,0.91109),(10.74773,41.41117,0.90892),(10.73792,41.42374,0.9024),(10.7296,41.43466,0.89197),(10.72336,41.44317,0.87835),(10.71961,41.4487,0.86247),(10.71862,41.45088,0.84541),(10.72043,41.44955,0.82833),(10.72495,41.4448,0.81239),(10.73184,41.43697,0.79869),(10.74066,41.42657,0.78814),(10.75079,41.41433,0.78149),(10.76154,41.40107,0.77917),(10.77219,41.3877,0.78134),(10.782,41.37513,0.78786),(10.79031,41.36421,0.79829),(10.79656,41.3557,0.8119),(10.8003,41.35017,0.82778),(10.8013,41.34799,0.84485),(10.79949,41.34932,0.86193),(10.79497,41.35406,0.87787),(10.78807,41.3619,0.89157),(10.77926,41.3723,0.90211),(10.76913,41.38454,0.90877),(10.89298,41.42416,0.83418),(10.8936,41.42216,0.85128),(10.89148,41.42372,0.86831),(10.88677,41.42875,0.8841),(10.87979,41.4369,0.89758),(10.87101,41.44761,0.90784),(10.86104,41.46016,0.91416),(10.85054,41.47369,0.91613),(10.84025,41.48727,0.9136),(10.83085,41.49999,0.90675),(10.82299,41.51097,0.89605),(10.8172,41.51947,0.88222),(10.81389,41.52491,0.86621),(10.81327,41.52691,0.84911),(10.81539,41.52535,0.83208),(10.8201,41.52032,0.81629),(10.82708,41.51217,0.80281),(10.83586,41.50146,0.79255),(10.84583,41.48891,0.78623),(10.85633,41.47538,0.78426),(10.86662,41.4618,0.78679),(10.87602,41.44908,0.79364),(10.88388,41.4381,0.80434),(10.88967,41.4296,0.81817),(10.90724,41.4976,0.91737),(10.89668,41.51118,0.91857),(10.88644,41.52464,0.91528),(10.87721,41.53709,0.90773),(10.86963,41.54767,0.89644),(10.8642,41.55565,0.88217),(10.8613,41.5605,0.86589),(10.86113,41.56189,0.84872),(10.8637,41.55972,0.83182),(10.86883,41.55413,0.81635),(10.87617,41.54551,0.80336),(10.88522,41.53445,0.79373),(10.89537,41.5217,0.78813),(10.90593,41.50813,0.78693),(10.91617,41.49467,0.79021),(10.9254,41.48222,0.79776),(10.93298,41.47164,0.80905),(10.93841,41.46366,0.82333),(10.94131,41.45881,0.8396),(10.94148,41.45742,0.85678),(10.93891,41.45959,0.87367),(10.93379,41.46518,0.88915),(10.92644,41.47379,0.90214),(10.91739,41.48485,0.91176),(11.56483,42.05496,0.95294),(11.55362,42.06765,0.94965),(11.54349,42.07939,0.9421),(11.53511,42.08936,0.93081),(11.52907,42.0969,0.91653),(11.52577,42.10149,0.90025),(11.52544,42.10281,0.88308),(11.52811,42.10077,0.86617),(11.53358,42.09552,0.8507),(11.54149,42.08742,0.83771),(11.55129,42.077,0.82808),(11.56233,42.065,0.82248),(11.57384,42.05221,0.82128),(11.58505,42.03952,0.82456),(11.59519,42.02778,0.83211),(11.60356,42.01781,0.84341),(11.6096,42.01027,0.85768),(11.6129,42.00568,0.87396),(11.61323,42.00436,0.89114),(11.61057,42.0064,0.90804),(11.6051,42.01164,0.92352),(11.59719,42.01975,0.93651),(11.58738,42.03016,0.94614),(11.57635,42.04217,0.95174),(12.18505,42.65389,0.98235),(12.17249,42.66564,0.98117),(12.16085,42.67707,0.9756),(12.15092,42.68738,0.96601),(12.14339,42.69589,0.95305),(12.13877,42.702,0.93762),(12.13737,42.70531,0.92075),(12.13928,42.70558,0.9036),(12.14438,42.7028,0.88734),(12.15232,42.69716,0.87308),(12.16256,42.68904,0.86178),(12.1744,42.67899,0.85423),(12.18703,42.66771,0.85092),(12.19959,42.65595,0.8521),(12.21123,42.64453,0.85767),(12.22116,42.63421,0.86726),(12.22869,42.62571,0.88021),(12.23331,42.61959,0.89565),(12.23471,42.61629,0.91252),(12.2328,42.61602,0.92967),(12.2277,42.6188,0.94593),(12.21976,42.62444,0.96019),(12.20952,42.63256,0.97149),(12.19768,42.6426,0.97904),(12.50717,42.95868,1.01599),(12.49695,42.96454,1.02857),(12.48495,42.97279,1.03777),(12.47198,42.98287,1.04298),(12.45893,42.99409,1.04383),(12.44669,43.0057,1.04027),(12.4361,43.01689,1.03254),(12.42787,43.02691,1.02117),(12.42256,43.03507,1.00693),(12.42055,43.04082,0.9908),(12.42196,43.04377,0.97386),(12.42669,43.04371,0.95728),(12.43444,43.04065,0.94219),(12.44466,43.03479,0.92961),(12.45666,43.02655,0.92041),(12.46963,43.01647,0.9152),(12.48268,43.00524,0.91435),(12.49492,42.99364,0.91791),(12.50551,42.98244,0.92564),(12.51374,42.97242,0.93701),(12.51905,42.96426,0.95125),(12.52106,42.95851,0.96738),(12.51965,42.95556,0.98432),(12.51491,42.95562,1.0009),(12.70986,43.34577,1.10915),(12.70741,43.35286,1.09364),(12.70835,43.35721,1.077),(12.7126,43.35853,1.06036),(12.71988,43.35672,1.04485),(12.72969,43.35191,1.03153),(12.74137,43.34443,1.02131),(12.75412,43.33478,1.01488),(12.76707,43.32362,1.01269),(12.77933,43.31172,1.01488),(12.79008,43.29989,1.02131),(12.79857,43.28892,1.03153),(12.80424,43.27957,1.04485),(12.80669,43.27248,1.06036),(12.80575,43.26813,1.077),(12.8015,43.26681,1.09364),(12.79422,43.26862,1.10915),(12.78441,43.27343,1.12247),(12.77273,43.28091,1.13269),(12.75998,43.29056,1.13912),(12.74703,43.30172,1.14131),(12.73477,43.31362,1.13912),(12.72402,43.32545,1.13269),(12.71553,43.33642,1.12247)),$);
#126= IFCTRIANGULATEDFACESET(#125,$,$,((1,2,3),(3,2,4),(3,4,5),(2,1,6),(6,1,7),(6,7,8),(8,7,9),(8,9,10),(10,9,11),(10,11,12),(12,11,13),(12,13,14),(14,13,15),(14,15,16),(16,15,17),(16,17,18),(18,17,19),(18,19,20),(20,19,21),(20,21,22),(22,21,23),(22,23,24),(24,23,25),(24,25,26),(26,25,27),(26,27,28),(28,27,29),(28,29,30),(30,29,31),(30,31,32),(32,31,33),(32,33,34),(34,33,35),(34,35,36),(36,35,37),(36,37,38),(38,37,39),(38,39,40),(40,39,41),(40,41,42),(42,41,43),(42,43,44),(44,43,45),(44,45,46),(46,45,47),(46,47,48),(48,47,49),(48,49,5),(5,49,3),(28,50,26),(26,50,51),(26,51,24),(24,51,52),(24,52,22),(22,52,53),(22,53,20),(20,53,54),(20,54,18),(18,54,55),(18,55,16),(16,55,56),(16,56,14),(14,56,57),(14,57,58),(50,28,59),(59,28,30),(59,30,60),(60,30,32),(60,32,61),(61,32,34),(61,34,62),(62,34,36),(62,36,63),(63,36,38),(63,38,40),(63,40,64),(64,40,42),(64,42,65),(65,42,44),(65,44,66),(66,44,46),(66,46,67),(67,46,48),(67,48,68),(68,48,5),(68,5,69),(69,5,4),(69,4,70),(70,4,2),(70,2,71),(71,2,6),(71,6,72),(72,6,8),(72,8,73),(73,8,10),(73,10,74),(74,10,12),(74,12,58),(58,12,14),(50,75,51),(51,75,76),(51,76,52),(52,76,77),(52,77,53),(53,77,78),(53,78,54),(54,78,79),(54,79,55),(55,79,80),(55,80,56),(56,80,81),(56,81,57),(57,81,58),(58,81,82),(58,82,74),(74,82,83),(74,83,73),(73,83,84),(73,84,72),(72,84,85),(72,85,71),(71,85,86),(71,86,70),(70,86,87),(70,87,69),(69,87,88),(69,88,68),(68,88,89),(68,89,67),(67,89,90),(67,90,66),(66,90,91),(66,91,65),(65,91,92),(65,92,64),(64,92,93),(64,93,63),(63,93,94),(63,94,95),(75,50,96),(96,50,59),(96,59,97),(97,59,60),(97,60,98),(98,60,61),(98,61,99),(99,61,62),(99,62,95),(95,62,63),(96,100,75),(75,100,101),(75,101,76),(76,101,102),(76,102,77),(77,102,103),(77,103,78),(78,103,104),(78,104,79),(79,104,105),(79,105,80),(80,105,106),(80,106,81),(81,106,107),(81,107,82),(82,107,108),(82,108,83),(83,108,109),(83,109,84),(84,109,110),(84,110,85),(85,110,111),(85,111,86),(86,111,112),(86,112,87),(87,112,88),(88,112,113),(88,113,89),(89,113,114),(89,114,90),(90,114,115),(90,115,91),(91,115,116),(91,116,92),(92,116,117),(92,117,93),(93,117,118),(93,118,94),(94,118,119),(94,119,95),(95,119,120),(95,120,99),(99,120,121),(99,121,98),(98,121,122),(98,122,97),(97,122,123),(97,123,96),(96,123,100),(111,124,112),(112,124,125),(112,125,126),(124,111,127),(127,111,110),(127,110,128),(128,110,109),(128,109,129),(129,109,108),(129,108,130),(130,108,107),(130,107,131),(131,107,106),(131,106,132),(132,106,105),(132,105,133),(133,105,104),(133,104,134),(134,104,103),(134,103,135),(135,103,102),(135,102,136),(136,102,101),(136,101,137),(137,101,100),(137,100,138),(138,100,123),(138,123,139),(139,123,122),(139,122,140),(140,122,121),(140,121,141),(141,121,120),(141,120,142),(142,120,119),(142,119,143),(143,119,118),(143,118,144),(144,118,117),(144,117,145),(145,117,116),(145,116,146),(146,116,115),(146,115,147),(147,115,114),(147,114,148),(148,114,113),(148,113,126),(126,113,112),(138,149,137),(137,149,150),(137,150,136),(136,150,151),(136,151,135),(135,151,152),(135,152,134),(134,152,153),(134,153,133),(133,153,154),(133,154,132),(132,154,155),(132,155,131),(131,155,156),(131,156,157),(149,138,158),(158,138,139),(158,139,159),(159,139,140),(159,140,160),(160,140,141),(160,141,161),(161,141,142),(161,142,162),(162,142,143),(162,143,144),(162,144,163),(163,144,145),(163,145,164),(164,145,146),(164,146,165),(165,146,147),(165,147,166),(166,147,148),(166,148,167),(167,148,126),(167,126,168),(168,126,125),(168,125,169),(169,125,124),(169,124,170),(170,124,127),(170,127,171),(171,127,128),(171,128,172),(172,128,129),(172,129,173),(173,129,130),(173,130,157),(157,130,131),(149,174,150),(150,174,175),(150,175,151),(151,175,176),(151,176,152),(152,176,177),(152,177,153),(153,177,178),(153,178,154),(154,178,179),(154,179,155),(155,179,180),(155,180,156),(156,180,157),(157,180,181),(157,181,173),(173,181,182),(173,182,172),(172,182,183),(172,183,171),(171,183,184),(171,184,170),(170,184,185),(170,185,169),(169,185,186),(169,186,168),(168,186,187),(168,187,167),(167,187,188),(167,188,166),(166,188,189),(166,189,165),(165,189,190),(165,190,164),(164,190,191),(164,191,163),(163,191,192),(163,192,162),(162,192,193),(162,193,194),(174,149,195),(195,149,158),(195,158,196),(196,158,159),(196,159,197),(197,159,160),(197,160,198),(198,160,161),(198,161,194),(194,161,162),(195,199,174),(174,199,200),(174,200,175),(175,200,201),(175,201,176),(176,201,202),(176,202,177),(177,202,203),(177,203,178),(178,203,204),(178,204,179),(179,204,205),(179,205,180),(180,205,206),(180,206,207),(199,195,208),(208,195,196),(208,196,209),(209,196,197),(209,197,210),(210,197,198),(210,198,211),(211,198,194),(211,194,212),(212,194,193),(212,193,192),(212,192,213),(213,192,191),(213,191,214),(214,191,190),(214,190,215),(215,190,189),(215,189,216),(216,189,188),(216,188,217),(217,188,187),(217,187,218),(218,187,186),(218,186,219),(219,186,185),(219,185,220),(220,185,184),(220,184,221),(221,184,183),(221,183,222),(222,183,182),(222,182,223),(223,182,181),(223,181,207),(207,181,180),(199,224,200),(200,224,225),(200,225,201),(201,225,226),(201,226,202),(202,226,227),(202,227,203),(203,227,228),(203,228,204),(204,228,229),(204,229,205),(205,229,230),(205,230,206),(206,230,231),(206,231,232),(224,199,233),(233,199,208),(233,208,234),(234,208,209),(234,209,235),(235,209,210),(235,210,236),(236,210,211),(236,211,237),(237,211,212),(237,212,213),(237,213,238),(238,213,214),(238,214,239),(239,214,215),(239,215,240),(240,215,216),(240,216,241),(241,216,217),(241,217,242),(242,217,218),(242,218,243),(243,218,219),(243,219,244),(244,219,220),(244,220,245),(245,220,221),(245,221,246),(246,221,222),(246,222,247),(247,222,223),(247,223,248),(248,223,207),(248,207,232),(232,207,206),(224,249,225),(225,249,250),(225,250,226),(226,250,251),(226,251,227),(227,251,252),(227,252,228),(228,252,253),(228,253,229),(229,253,254),(229,254,230),(230,254,255),(230,255,231),(231,255,232),(232,255,256),(232,256,248),(248,256,257),(248,257,247),(247,257,258),(247,258,246),(246,258,259),(246,259,245),(245,259,260),(245,260,244),(244,260,261),(244,261,243),(243,261,262),(243,262,242),(242,262,263),(242,263,241),(241,263,264),(241,264,240),(240,264,265),(240,265,239),(239,265,266),(239,266,238),(238,266,267),(238,267,237),(237,267,268),(237,268,269),(249,224,270),(270,224,233),(270,233,271),(271,233,234),(271,234,272),(272,234,235),(272,235,273),(273,235,236),(273,236,269),(269,236,237),(270,274,249),(249,274,275),(249,275,250),(250,275,276),(250,276,251),(251,276,277),(251,277,252),(252,277,278),(252,278,253),(253,278,279),(253,279,254),(254,279,280),(254,280,255),(255,280,281),(255,281,282),(274,270,283),(283,270,271),(283,271,284),(284,271,272),(284,272,285),(285,272,273),(285,273,286),(286,273,269),(286,269,287),(287,269,268),(287,268,267),(287,267,288),(288,267,266),(288,266,289),(289,266,265),(289,265,290),(290,265,264),(290,264,291),(291,264,263),(291,263,292),(292,263,262),(292,262,293),(293,262,261),(293,261,294),(294,261,260),(294,260,295),(295,260,259),(295,259,296),(296,259,258),(296,258,297),(297,258,257),(297,257,298),(298,257,256),(298,256,282),(282,256,255),(274,299,275),(275,299,300),(275,300,276),(276,300,301),(276,301,277),(277,301,302),(277,302,278),(278,302,303),(278,303,279),(279,303,304),(279,304,280),(280,304,305),(280,305,281),(281,305,306),(281,306,282),(282,306,307),(282,307,298),(298,307,308),(298,308,297),(297,308,309),(297,309,296),(296,309,310),(296,310,295),(295,310,311),(295,311,294),(294,311,293),(293,311,312),(293,312,292),(292,312,313),(292,313,291),(291,313,314),(291,314,290),(290,314,315),(290,315,289),(289,315,316),(289,316,288),(288,316,317),(288,317,287),(287,317,318),(287,318,286),(286,318,319),(286,319,285),(285,319,320),(285,320,284),(284,320,321),(284,321,283),(283,321,322),(283,322,274),(274,322,299),(310,323,311),(311,323,324),(311,324,325),(323,310,326),(326,310,309),(326,309,327),(327,309,308),(327,308,328),(328,308,307),(328,307,329),(329,307,306),(329,306,330),(330,306,305),(330,305,331),(331,305,304),(331,304,332),(332,304,303),(332,303,333),(333,303,302),(333,302,334),(334,302,301),(334,301,335),(335,301,300),(335,300,336),(336,300,299),(336,299,337),(337,299,322),(337,322,338),(338,322,321),(338,321,339),(339,321,320),(339,320,340),(340,320,319),(340,319,341),(341,319,318),(341,318,342),(342,318,317),(342,317,343),(343,317,316),(343,316,344),(344,316,315),(344,315,345),(345,315,314),(345,314,346),(346,314,313),(346,313,347),(347,313,312),(347,312,325),(325,312,311),(337,348,336),(336,348,349),(336,349,335),(335,349,350),(335,350,334),(334,350,351),(334,351,333),(333,351,352),(333,352,332),(332,352,353),(332,353,331),(331,353,354),(331,354,330),(330,354,329),(329,354,355),(329,355,328),(328,355,356),(328,356,327),(327,356,357),(327,357,326),(326,357,358),(326,358,323),(323,358,359),(323,359,324),(324,359,360),(324,360,325),(325,360,361),(325,361,347),(347,361,362),(347,362,346),(346,362,363),(346,363,345),(345,363,364),(345,364,344),(344,364,365),(344,365,343),(343,365,366),(343,366,342),(342,366,367),(342,367,368),(348,337,369),(369,337,338),(369,338,370),(370,338,339),(370,339,371),(371,339,340),(371,340,372),(372,340,341),(372,341,368),(368,341,342),(369,373,348),(348,373,374),(348,374,349),(349,374,375),(349,375,350),(350,375,376),(350,376,351),(351,376,377),(351,377,352),(352,377,378),(352,378,353),(353,378,379),(353,379,354),(354,379,380),(354,380,381),(373,369,382),(382,369,370),(382,370,383),(383,370,371),(383,371,384),(384,371,372),(384,372,385),(385,372,368),(385,368,386),(386,368,367),(386,367,366),(386,366,387),(387,366,365),(387,365,388),(388,365,364),(388,364,389),(389,364,363),(389,363,390),(390,363,362),(390,362,391),(391,362,361),(391,361,392),(392,361,360),(392,360,393),(393,360,359),(393,359,394),(394,359,358),(394,358,395),(395,358,357),(395,357,396),(396,357,356),(396,356,397),(397,356,355),(397,355,381),(381,355,354),(373,398,374),(374,398,399),(374,399,375),(375,399,400),(375,400,376),(376,400,401),(376,401,377),(377,401,402),(377,402,378),(378,402,403),(378,403,379),(379,403,404),(379,404,380),(380,404,405),(380,405,406),(398,373,407),(407,373,382),(407,382,408),(408,382,383),(408,383,409),(409,383,384),(409,384,410),(410,384,385),(410,385,411),(411,385,386),(411,386,387),(411,387,412),(412,387,388),(412,388,413),(413,388,389),(413,389,414),(414,389,390),(414,390,415),(415,390,391),(415,391,416),(416,391,392),(416,392,417),(417,392,393),(417,393,418),(418,393,394),(418,394,419),(419,394,395),(419,395,420),(420,395,396),(420,396,421),(421,396,397),(421,397,422),(422,397,381),(422,381,406),(406,381,380),(398,423,399),(399,423,424),(399,424,400),(400,424,425),(400,425,401),(401,425,426),(401,426,402),(402,426,427),(402,427,403),(403,427,428),(403,428,404),(404,428,429),(404,429,405),(405,429,406),(406,429,430),(406,430,422),(422,430,431),(422,431,421),(421,431,432),(421,432,420),(420,432,433),(420,433,419),(419,433,434),(419,434,418),(418,434,435),(418,435,417),(417,435,436),(417,436,416),(416,436,437),(416,437,415),(415,437,438),(415,438,414),(414,438,439),(414,439,413),(413,439,440),(413,440,412),(412,440,441),(412,441,411),(411,441,442),(411,442,443),(423,398,444),(444,398,407),(444,407,445),(445,407,408),(445,408,446),(446,408,409),(446,409,447),(447,409,410),(447,410,443),(443,410,411),(444,448,423),(423,448,449),(423,449,424),(424,449,450),(424,450,425),(425,450,451),(425,451,426),(426,451,452),(426,452,427),(427,452,453),(427,453,428),(428,453,454),(428,454,429),(429,454,455),(429,455,456),(448,444,457),(457,444,445),(457,445,458),(458,445,446),(458,446,459),(459,446,447),(459,447,460),(460,447,443),(460,443,461),(461,443,442),(461,442,441),(461,441,462),(462,441,440),(462,440,463),(463,440,439),(463,439,464),(464,439,438),(464,438,465),(465,438,437),(465,437,466),(466,437,436),(466,436,467),(467,436,435),(467,435,468),(468,435,434),(468,434,469),(469,434,433),(469,433,470),(470,433,432),(470,432,471),(471,432,431),(471,431,472),(472,431,430),(472,430,456),(456,430,429),(448,473,449),(449,473,474),(449,474,450),(450,474,475),(450,475,451),(451,475,476),(451,476,452),(452,476,477),(452,477,453),(453,477,478),(453,478,454),(454,478,479),(454,479,455),(455,479,456),(456,479,480),(456,480,472),(472,480,481),(472,481,471),(471,481,482),(471,482,470),(470,482,483),(470,483,469),(469,483,484),(469,484,468),(468,484,485),(468,485,467),(467,485,486),(467,486,466),(466,486,487),(466,487,465),(465,487,488),(465,488,464),(464,488,489),(464,489,463),(463,489,490),(463,490,462),(462,490,491),(462,491,461),(461,491,492),(461,492,493),(473,448,494),(494,448,457),(494,457,495),(495,457,458),(495,458,496),(496,458,459),(496,459,497),(497,459,460),(497,460,493),(493,460,461),(494,498,473),(473,498,499),(473,499,474),(474,499,500),(474,500,475),(475,500,501),(475,501,476),(476,501,502),(476,502,477),(477,502,503),(477,503,478),(478,503,504),(478,504,479),(479,504,480),(480,504,505),(480,505,481),(481,505,506),(481,506,482),(482,506,507),(482,507,483),(483,507,508),(483,508,484),(484,508,509),(484,509,485),(485,509,510),(485,510,486),(486,510,511),(486,511,487),(487,511,512),(487,512,488),(488,512,513),(488,513,489),(489,513,514),(489,514,490),(490,514,515),(490,515,491),(491,515,516),(491,516,492),(492,516,517),(492,517,518),(498,494,519),(519,494,495),(519,495,520),(520,495,496),(520,496,521),(521,496,497),(521,497,522),(522,497,493),(522,493,518),(518,493,492),(519,523,498),(498,523,524),(498,524,499),(499,524,525),(499,525,500),(500,525,526),(500,526,501),(501,526,527),(501,527,502),(502,527,528),(502,528,503),(503,528,529),(503,529,504),(504,529,530),(504,530,531),(523,519,532),(532,519,520),(532,520,533),(533,520,521),(533,521,534),(534,521,522),(534,522,535),(535,522,518),(535,518,536),(536,518,517),(536,517,516),(536,516,537),(537,516,515),(537,515,538),(538,515,514),(538,514,539),(539,514,513),(539,513,540),(540,513,512),(540,512,541),(541,512,511),(541,511,542),(542,511,510),(542,510,543),(543,510,509),(543,509,544),(544,509,508),(544,508,545),(545,508,507),(545,507,546),(546,507,506),(546,506,547),(547,506,505),(547,505,531),(531,505,504),(523,548,524),(524,548,549),(524,549,525),(525,549,550),(525,550,526),(526,550,551),(526,551,527),(527,551,552),(527,552,528),(528,552,553),(528,553,529),(529,553,554),(529,554,530),(530,554,531),(531,554,555),(531,555,547),(547,555,556),(547,556,546),(546,556,557),(546,557,545),(545,557,558),(545,558,544),(544,558,559),(544,559,543),(543,559,560),(543,560,542),(542,560,561),(542,561,541),(541,561,562),(541,562,540),(540,562,563),(540,563,539),(539,563,564),(539,564,538),(538,564,565),(538,565,537),(537,565,566),(537,566,536),(536,566,567),(536,567,568),(548,523,569),(569,523,532),(569,532,570),(570,532,533),(570,533,571),(571,533,534),(571,534,572),(572,534,535),(572,535,568),(568,535,536),(569,573,548),(548,573,574),(548,574,549),(549,574,575),(549,575,550),(550,575,576),(550,576,551),(551,576,577),(551,577,552),(552,577,578),(552,578,553),(553,578,579),(553,579,554),(554,579,580),(554,580,555),(555,580,581),(555,581,556),(556,581,582),(556,582,557),(557,582,583),(557,583,558),(558,583,584),(558,584,559),(559,584,585),(559,585,560),(560,585,561),(561,585,586),(561,586,562),(562,586,587),(562,587,563),(563,587,588),(563,588,564),(564,588,589),(564,589,565),(565,589,590),(565,590,566),(566,590,591),(566,591,567),(567,591,592),(567,592,568),(568,592,593),(568,593,572),(572,593,594),(572,594,571),(571,594,595),(571,595,570),(570,595,596),(570,596,569),(569,596,573),(584,597,585),(585,597,598),(585,598,586),(586,598,599),(586,599,587),(587,599,600),(587,600,588),(588,600,601),(588,601,589),(589,601,602),(589,602,590),(590,602,603),(590,603,591),(591,603,592),(592,603,604),(592,604,593),(593,604,605),(593,605,594),(594,605,606),(594,606,595),(595,606,607),(595,607,596),(596,607,608),(596,608,573),(573,608,609),(573,609,574),(574,609,610),(574,610,575),(575,610,611),(575,611,576),(576,611,612),(576,612,577),(577,612,613),(577,613,578),(578,613,614),(578,614,579),(579,614,615),(579,615,616),(597,584,617),(617,584,583),(617,583,618),(618,583,582),(618,582,619),(619,582,581),(619,581,620),(620,581,580),(620,580,616),(616,580,579),(617,621,597),(597,621,622),(597,622,598),(598,622,623),(598,623,599),(599,623,624),(599,624,600),(600,624,625),(600,625,601),(601,625,626),(601,626,602),(602,626,627),(602,627,603),(603,627,628),(603,628,629),(621,617,630),(630,617,618),(630,618,631),(631,618,619),(631,619,632),(632,619,620),(632,620,633),(633,620,616),(633,616,634),(634,616,615),(634,615,614),(634,614,635),(635,614,613),(635,613,636),(636,613,612),(636,612,637),(637,612,611),(637,611,638),(638,611,610),(638,610,639),(639,610,609),(639,609,640),(640,609,608),(640,608,641),(641,608,607),(641,607,642),(642,607,606),(642,606,643),(643,606,605),(643,605,644),(644,605,604),(644,604,629),(629,604,603),(621,645,622),(622,645,646),(622,646,623),(623,646,647),(623,647,624),(624,647,648),(624,648,625),(625,648,649),(625,649,626),(626,649,650),(626,650,627),(627,650,651),(627,651,628),(628,651,629),(629,651,652),(629,652,644),(644,652,653),(644,653,643),(643,653,654),(643,654,642),(642,654,655),(642,655,641),(641,655,656),(641,656,640),(640,656,657),(640,657,639),(639,657,658),(639,658,638),(638,658,659),(638,659,637),(637,659,660),(637,660,636),(636,660,661),(636,661,635),(635,661,662),(635,662,634),(634,662,663),(634,663,664),(645,621,665),(665,621,630),(665,630,666),(666,630,631),(666,631,667),(667,631,632),(667,632,668),(668,632,633),(668,633,664),(664,633,634),(665,669,645),(645,669,670),(645,670,646),(646,670,671),(646,671,647),(647,671,672),(647,672,648),(648,672,673),(648,673,649),(649,673,674),(649,674,650),(650,674,675),(650,675,651),(651,675,676),(651,676,677),(669,665,678),(678,665,666),(678,666,679),(679,666,667),(679,667,680),(680,667,668),(680,668,681),(681,668,664),(681,664,682),(682,664,663),(682,663,662),(682,662,683),(683,662,661),(683,661,684),(684,661,660),(684,660,685),(685,660,659),(685,659,686),(686,659,658),(686,658,687),(687,658,657),(687,657,688),(688,657,656),(688,656,689),(689,656,655),(689,655,690),(690,655,654),(690,654,691),(691,654,653),(691,653,692),(692,653,652),(692,652,677),(677,652,651),(669,693,670),(670,693,694),(670,694,695),(693,669,696),(696,669,678),(696,678,697),(697,678,679),(697,679,698),(698,679,680),(698,680,699),(699,680,681),(699,681,700),(700,681,682),(700,682,701),(701,682,683),(701,683,702),(702,683,684),(702,684,703),(703,684,685),(703,685,704),(704,685,686),(704,686,705),(705,686,687),(705,687,706),(706,687,688),(706,688,707),(707,688,689),(707,689,708),(708,689,690),(708,690,709),(709,690,691),(709,691,710),(710,691,692),(710,692,711),(711,692,677),(711,677,712),(712,677,676),(712,676,713),(713,676,675),(713,675,714),(714,675,674),(714,674,715),(715,674,673),(715,673,716),(716,673,672),(716,672,717),(717,672,671),(717,671,695),(695,671,670),(707,718,706),(706,718,719),(706,719,705),(705,719,720),(705,720,704),(704,720,721),(704,721,703),(703,721,722),(703,722,702),(702,722,723),(702,723,701),(701,723,724),(701,724,700),(700,724,725),(700,725,699),(699,725,726),(699,726,698),(698,726,727),(698,727,697),(697,727,728),(697,728,696),(696,728,729),(696,729,693),(693,729,730),(693,730,694),(694,730,695),(695,730,731),(695,731,717),(717,731,732),(717,732,716),(716,732,733),(716,733,715),(715,733,734),(715,734,714),(714,734,735),(714,735,713),(713,735,736),(713,736,712),(712,736,737),(712,737,711),(711,737,738),(711,738,710),(710,738,739),(710,739,709),(709,739,740),(709,740,708),(708,740,741),(708,741,707),(707,741,718),(729,742,730),(730,742,743),(730,743,731),(731,743,744),(731,744,732),(732,744,745),(732,745,733),(733,745,746),(733,746,734),(734,746,747),(734,747,735),(735,747,748),(735,748,736),(736,748,737),(737,748,749),(737,749,738),(738,749,750),(738,750,739),(739,750,751),(739,751,740),(740,751,752),(740,752,741),(741,752,753),(741,753,718),(718,753,754),(718,754,719),(719,754,755),(719,755,720),(720,755,756),(720,756,721),(721,756,757),(721,757,722),(722,757,758),(722,758,723),(723,758,759),(723,759,724),(724,759,760),(724,760,761),(742,729,762),(762,729,728),(762,728,763),(763,728,727),(763,727,764),(764,727,726),(764,726,765),(765,726,725),(765,725,761),(761,725,724),(762,766,742),(742,766,767),(742,767,743),(743,767,768),(743,768,744),(744,768,769),(744,769,745),(745,769,770),(745,770,746),(746,770,771),(746,771,747),(747,771,772),(747,772,748),(748,772,749),(749,772,773),(749,773,750),(750,773,774),(750,774,751),(751,774,775),(751,775,752),(752,775,776),(752,776,753),(753,776,777),(753,777,754),(754,777,778),(754,778,755),(755,778,779),(755,779,756),(756,779,780),(756,780,757),(757,780,781),(757,781,758),(758,781,782),(758,782,759),(759,782,783),(759,783,760),(760,783,784),(760,784,785),(766,762,786),(786,762,763),(786,763,787),(787,763,764),(787,764,788),(788,764,765),(788,765,789),(789,765,761),(789,761,785),(785,761,760),(786,790,766),(766,790,791),(766,791,792),(790,786,793),(793,786,787),(793,787,794),(794,787,788),(794,788,795),(795,788,789),(795,789,796),(796,789,785),(796,785,797),(797,785,784),(797,784,798),(798,784,783),(798,783,799),(799,783,782),(799,782,800),(800,782,781),(800,781,801),(801,781,780),(801,780,802),(802,780,779),(802,779,803),(803,779,778),(803,778,804),(804,778,777),(804,777,805),(805,777,776),(805,776,806),(806,776,775),(806,775,807),(807,775,774),(807,774,808),(808,774,773),(808,773,809),(809,773,772),(809,772,810),(810,772,771),(810,771,811),(811,771,770),(811,770,812),(812,770,769),(812,769,813),(813,769,768),(813,768,814),(814,768,767),(814,767,792),(792,767,766),(804,815,803),(803,815,816),(803,816,802),(802,816,817),(802,817,801),(801,817,818),(801,818,800),(800,818,819),(800,819,799),(799,819,820),(799,820,798),(798,820,821),(798,821,797),(797,821,822),(797,822,796),(796,822,823),(796,823,795),(795,823,824),(795,824,794),(794,824,825),(794,825,793),(793,825,826),(793,826,790),(790,826,827),(790,827,791),(791,827,792),(792,827,828),(792,828,814),(814,828,829),(814,829,813),(813,829,830),(813,830,812),(812,830,831),(812,831,811),(811,831,832),(811,832,810),(810,832,833),(810,833,809),(809,833,834),(809,834,808),(808,834,835),(808,835,807),(807,835,836),(807,836,806),(806,836,837),(806,837,805),(805,837,838),(805,838,804),(804,838,815),(826,839,827),(827,839,840),(827,840,828),(828,840,841),(828,841,829),(829,841,842),(829,842,830),(830,842,843),(830,843,831),(831,843,844),(831,844,832),(832,844,845),(832,845,833),(833,845,834),(834,845,846),(834,846,835),(835,846,847),(835,847,836),(836,847,848),(836,848,837),(837,848,849),(837,849,838),(838,849,850),(838,850,815),(815,850,851),(815,851,816),(816,851,852),(816,852,817),(817,852,853),(817,853,818),(818,853,854),(818,854,819),(819,854,855),(819,855,820),(820,855,856),(820,856,821),(821,856,857),(821,857,858),(839,826,859),(859,826,825),(859,825,860),(860,825,824),(860,824,861),(861,824,823),(861,823,862),(862,823,822),(862,822,858),(858,822,821),(859,863,839),(839,863,864),(839,864,840),(840,864,865),(840,865,841),(841,865,866),(841,866,842),(842,866,867),(842,867,843),(843,867,868),(843,868,844),(844,868,869),(844,869,845),(845,869,846),(846,869,870),(846,870,847),(847,870,871),(847,871,848),(848,871,872),(848,872,849),(849,872,873),(849,873,850),(850,873,874),(850,874,851),(851,874,875),(851,875,852),(852,875,876),(852,876,853),(853,876,877),(853,877,854),(854,877,878),(854,878,855),(855,878,879),(855,879,856),(856,879,880),(856,880,857),(857,880,881),(857,881,882),(863,859,883),(883,859,860),(883,860,884),(884,860,861),(884,861,885),(885,861,862),(885,862,886),(886,862,858),(886,858,882),(882,858,857),(883,887,863),(863,887,888),(863,888,864),(864,888,889),(864,889,865),(865,889,890),(865,890,866),(866,890,891),(866,891,867),(867,891,892),(867,892,868),(868,892,893),(868,893,869),(869,893,894),(869,894,895),(887,883,896),(896,883,884),(896,884,897),(897,884,885),(897,885,898),(898,885,886),(898,886,899),(899,886,882),(899,882,900),(900,882,881),(900,881,880),(900,880,901),(901,880,879),(901,879,902),(902,879,878),(902,878,903),(903,878,877),(903,877,904),(904,877,876),(904,876,905),(905,876,875),(905,875,906),(906,875,874),(906,874,907),(907,874,873),(907,873,908),(908,873,872),(908,872,909),(909,872,871),(909,871,910),(910,871,870),(910,870,895),(895,870,869),(887,911,888),(888,911,912),(888,912,913),(911,887,914),(914,887,896),(914,896,915),(915,896,897),(915,897,916),(916,897,898),(916,898,917),(917,898,899),(917,899,918),(918,899,900),(918,900,919),(919,900,901),(919,901,920),(920,901,902),(920,902,921),(921,902,903),(921,903,922),(922,903,904),(922,904,923),(923,904,905),(923,905,924),(924,905,906),(924,906,925),(925,906,907),(925,907,926),(926,907,908),(926,908,927),(927,908,909),(927,909,928),(928,909,910),(928,910,929),(929,910,895),(929,895,930),(930,895,894),(930,894,931),(931,894,893),(931,893,932),(932,893,892),(932,892,933),(933,892,891),(933,891,934),(934,891,890),(934,890,935),(935,890,889),(935,889,913),(913,889,888),(925,936,924),(924,936,937),(924,937,923),(923,937,938),(923,938,922),(922,938,939),(922,939,921),(921,939,940),(921,940,920),(920,940,941),(920,941,919),(919,941,942),(919,942,918),(918,942,943),(918,943,917),(917,943,944),(917,944,916),(916,944,945),(916,945,915),(915,945,946),(915,946,914),(914,946,947),(914,947,911),(911,947,948),(911,948,912),(912,948,913),(913,948,949),(913,949,935),(935,949,950),(935,950,934),(934,950,951),(934,951,933),(933,951,952),(933,952,932),(932,952,953),(932,953,931),(931,953,954),(931,954,930),(930,954,955),(930,955,929),(929,955,956),(929,956,928),(928,956,957),(928,957,927),(927,957,958),(927,958,926),(926,958,959),(926,959,925),(925,959,936),(947,960,948),(948,960,961),(948,961,949),(949,961,962),(949,962,950),(950,962,963),(950,963,951),(951,963,964),(951,964,952),(952,964,965),(952,965,953),(953,965,966),(953,966,954),(954,966,967),(954,967,955),(955,967,968),(955,968,956),(956,968,969),(956,969,957),(957,969,970),(957,970,958),(958,970,971),(958,971,959),(959,971,972),(959,972,936),(936,972,973),(936,973,937),(937,973,974),(937,974,938),(938,974,975),(938,975,939),(939,975,976),(939,976,940),(940,976,977),(940,977,941),(941,977,978),(941,978,942),(942,978,979),(942,979,943),(943,979,980),(943,980,944),(944,980,981),(944,981,945),(945,981,982),(945,982,946),(946,982,983),(946,983,947),(947,983,960),(965,984,966),(966,984,985),(966,985,967),(967,985,986),(967,986,968),(968,986,987),(968,987,969),(969,987,988),(969,988,970),(970,988,989),(970,989,971),(971,989,990),(971,990,972),(972,990,991),(972,991,973),(973,991,992),(973,992,974),(974,992,993),(974,993,975),(975,993,994),(975,994,976),(976,994,995),(976,995,977),(977,995,996),(977,996,978),(978,996,997),(978,997,979),(979,997,998),(979,998,980),(980,998,999),(980,999,981),(981,999,1000),(981,1000,982),(982,1000,1001),(982,1001,983),(983,1001,1002),(983,1002,960),(960,1002,1003),(960,1003,961),(961,1003,1004),(961,1004,962),(962,1004,1005),(962,1005,963),(963,1005,1006),(963,1006,964),(964,1006,1007),(964,1007,965),(965,1007,984),(1002,1008,1003),(1003,1008,1009),(1003,1009,1004),(1004,1009,1010),(1004,1010,1005),(1005,1010,1011),(1005,1011,1006),(1006,1011,1012),(1006,1012,1007),(1007,1012,1013),(1007,1013,984),(984,1013,1014),(984,1014,985),(985,1014,986),(986,1014,1015),(986,1015,987),(987,1015,1016),(987,1016,988),(988,1016,1017),(988,1017,989),(989,1017,1018),(989,1018,990),(990,1018,1019),(990,1019,991),(991,1019,1020),(991,1020,992),(992,1020,1021),(992,1021,993),(993,1021,1022),(993,1022,994),(994,1022,1023),(994,1023,995),(995,1023,1024),(995,1024,996),(996,1024,1025),(996,1025,997),(997,1025,1026),(997,1026,1027),(1008,1002,1028),(1028,1002,1001),(1028,1001,1029),(1029,1001,1000),(1029,1000,1030),(1030,1000,999),(1030,999,1031),(1031,999,998),(1031,998,1027),(1027,998,997),(1028,1032,1008),(1008,1032,1033),(1008,1033,1009),(1009,1033,1034),(1009,1034,1010),(1010,1034,1035),(1010,1035,1011),(1011,1035,1036),(1011,1036,1012),(1012,1036,1037),(1012,1037,1013),(1013,1037,1038),(1013,1038,1014),(1014,1038,1039),(1014,1039,1015),(1015,1039,1040),(1015,1040,1016),(1016,1040,1041),(1016,1041,1017),(1017,1041,1042),(1017,1042,1018),(1018,1042,1043),(1018,1043,1019),(1019,1043,1044),(1019,1044,1020),(1020,1044,1045),(1020,1045,1021),(1021,1045,1046),(1021,1046,1022),(1022,1046,1047),(1022,1047,1023),(1023,1047,1048),(1023,1048,1024),(1024,1048,1049),(1024,1049,1025),(1025,1049,1050),(1025,1050,1026),(1026,1050,1051),(1026,1051,1027),(1027,1051,1052),(1027,1052,1031),(1031,1052,1053),(1031,1053,1030),(1030,1053,1054),(1030,1054,1029),(1029,1054,1055),(1029,1055,1028),(1028,1055,1032),(1038,1056,1039),(1039,1056,1057),(1039,1057,1040),(1040,1057,1058),(1040,1058,1041),(1041,1058,1059),(1041,1059,1042),(1042,1059,1060),(1042,1060,1043),(1043,1060,1061),(1043,1061,1044),(1044,1061,1062),(1044,1062,1045),(1045,1062,1063),(1045,1063,1046),(1046,1063,1064),(1046,1064,1047),(1047,1064,1065),(1047,1065,1048),(1048,1065,1066),(1048,1066,1049),(1049,1066,1067),(1049,1067,1050),(1050,1067,1068),(1050,1068,1051),(1051,1068,1069),(1051,1069,1052),(1052,1069,1070),(1052,1070,1053),(1053,1070,1071),(1053,1071,1054),(1054,1071,1072),(1054,1072,1055),(1055,1072,1073),(1055,1073,1032),(1032,1073,1074),(1032,1074,1033),(1033,1074,1075),(1033,1075,1034),(1034,1075,1076),(1034,1076,1035),(1035,1076,1077),(1035,1077,1036),(1036,1077,1078),(1036,1078,1037),(1037,1078,1079),(1037,1079,1038),(1038,1079,1056),(1056,1080,1057),(1057,1080,1081),(1057,1081,1058),(1058,1081,1082),(1058,1082,1059),(1059,1082,1083),(1059,1083,1060),(1060,1083,1084),(1060,1084,1061),(1061,1084,1085),(1061,1085,1062),(1062,1085,1086),(1062,1086,1063),(1063,1086,1087),(1063,1087,1064),(1064,1087,1088),(1064,1088,1065),(1065,1088,1089),(1065,1089,1066),(1066,1089,1090),(1066,1090,1067),(1067,1090,1091),(1067,1091,1068),(1068,1091,1092),(1068,1092,1069),(1069,1092,1093),(1069,1093,1070),(1070,1093,1094),(1070,1094,1071),(1071,1094,1095),(1071,1095,1072),(1072,1095,1096),(1072,1096,1073),(1073,1096,1097),(1073,1097,1074),(1074,1097,1098),(1074,1098,1075),(1075,1098,1099),(1075,1099,1076),(1076,1099,1100),(1076,1100,1077),(1077,1100,1101),(1077,1101,1078),(1078,1101,1102),(1078,1102,1079),(1079,1102,1103),(1079,1103,1056),(1056,1103,1080),(1097,1104,1098),(1098,1104,1105),(1098,1105,1099),(1099,1105,1106),(1099,1106,1100),(1100,1106,1107),(1100,1107,1101),(1101,1107,1108),(1101,1108,1102),(1102,1108,1109),(1102,1109,1103),(1103,1109,1110),(1103,1110,1080),(1080,1110,1111),(1080,1111,1081),(1081,1111,1112),(1081,1112,1082),(1082,1112,1113),(1082,1113,1083),(1083,1113,1114),(1083,1114,1084),(1084,1114,1115),(1084,1115,1085),(1085,1115,1116),(1085,1116,1086),(1086,1116,1117),(1086,1117,1087),(1087,1117,1118),(1087,1118,1088),(1088,1118,1119),(1088,1119,1089),(1089,1119,1120),(1089,1120,1090),(1090,1120,1121),(1090,1121,1091),(1091,1121,1122),(1091,1122,1092),(1092,1122,1123),(1092,1123,1093),(1093,1123,1124),(1093,1124,1094),(1094,1124,1125),(1094,1125,1095),(1095,1125,1126),(1095,1126,1096),(1096,1126,1127),(1096,1127,1097),(1097,1127,1104),(1110,1128,1111),(1111,1128,1129),(1111,1129,1112),(1112,1129,1130),(1112,1130,1113),(1113,1130,1131),(1113,1131,1114),(1114,1131,1132),(1114,1132,1115),(1115,1132,1133),(1115,1133,1116),(1116,1133,1134),(1116,1134,1135),(1128,1110,1136),(1136,1110,1109),(1136,1109,1137),(1137,1109,1108),(1137,1108,1138),(1138,1108,1107),(1138,1107,1139),(1139,1107,1106),(1139,1106,1140),(1140,1106,1105),(1140,1105,1141),(1141,1105,1104),(1141,1104,1142),(1142,1104,1127),(1142,1127,1143),(1143,1127,1126),(1143,1126,1144),(1144,1126,1125),(1144,1125,1145),(1145,1125,1124),(1145,1124,1146),(1146,1124,1123),(1146,1123,1147),(1147,1123,1122),(1147,1122,1148),(1148,1122,1121),(1148,1121,1149),(1149,1121,1120),(1149,1120,1150),(1150,1120,1119),(1150,1119,1151),(1151,1119,1118),(1151,1118,1152),(1152,1118,1117),(1152,1117,1135),(1135,1117,1116),(1134,1153,1135),(1135,1153,1154),(1135,1154,1152),(1152,1154,1155),(1152,1155,1151),(1151,1155,1156),(1151,1156,1150),(1150,1156,1157),(1150,1157,1149),(1149,1157,1158),(1149,1158,1148),(1148,1158,1159),(1148,1159,1147),(1147,1159,1160),(1147,1160,1146),(1146,1160,1161),(1146,1161,1145),(1145,1161,1162),(1145,1162,1144),(1144,1162,1163),(1144,1163,1143),(1143,1163,1164),(1143,1164,1142),(1142,1164,1165),(1142,1165,1141),(1141,1165,1166),(1141,1166,1140),(1140,1166,1167),(1140,1167,1139),(1139,1167,1168),(1139,1168,1138),(1138,1168,1169),(1138,1169,1137),(1137,1169,1170),(1137,1170,1136),(1136,1170,1171),(1136,1171,1128),(1128,1171,1172),(1128,1172,1129),(1129,1172,1173),(1129,1173,1130),(1130,1173,1174),(1130,1174,1131),(1131,1174,1175),(1131,1175,1132),(1132,1175,1133),(1133,1175,1176),(1133,1176,1134),(1134,1176,1153),(1171,1177,1172),(1172,1177,1178),(1172,1178,1173),(1173,1178,1179),(1173,1179,1174),(1174,1179,1180),(1174,1180,1175),(1175,1180,1181),(1175,1181,1176),(1176,1181,1182),(1176,1182,1153),(1153,1182,1183),(1153,1183,1154),(1154,1183,1184),(1154,1184,1155),(1155,1184,1185),(1155,1185,1156),(1156,1185,1186),(1156,1186,1157),(1157,1186,1187),(1157,1187,1158),(1158,1187,1188),(1158,1188,1159),(1159,1188,1189),(1159,1189,1160),(1160,1189,1190),(1160,1190,1161),(1161,1190,1191),(1161,1191,1162),(1162,1191,1192),(1162,1192,1163),(1163,1192,1193),(1163,1193,1164),(1164,1193,1194),(1164,1194,1165),(1165,1194,1195),(1165,1195,1166),(1166,1195,1196),(1166,1196,1167),(1167,1196,1197),(1167,1197,1168),(1168,1197,1198),(1168,1198,1169),(1169,1198,1199),(1169,1199,1170),(1170,1199,1200),(1170,1200,1171),(1171,1200,1177),(1200,1201,1177),(1177,1201,1202),(1177,1202,1178),(1178,1202,1203),(1178,1203,1179),(1179,1203,1204),(1179,1204,1180),(1180,1204,1205),(1180,1205,1181),(1181,1205,1206),(1181,1206,1182),(1182,1206,1207),(1182,1207,1208),(1201,1200,1209),(1209,1200,1199),(1209,1199,1210),(1210,1199,1198),(1210,1198,1211),(1211,1198,1197),(1211,1197,1212),(1212,1197,1196),(1212,1196,1213),(1213,1196,1195),(1213,1195,1214),(1214,1195,1194),(1214,1194,1215),(1215,1194,1193),(1215,1193,1216),(1216,1193,1192),(1216,1192,1217),(1217,1192,1191),(1217,1191,1218),(1218,1191,1190),(1218,1190,1219),(1219,1190,1189),(1219,1189,1220),(1220,1189,1188),(1220,1188,1221),(1221,1188,1187),(1221,1187,1222),(1222,1187,1186),(1222,1186,1223),(1223,1186,1185),(1223,1185,1224),(1224,1185,1184),(1224,1184,1225),(1225,1184,1183),(1225,1183,1208),(1208,1183,1182),(1207,1226,1208),(1208,1226,1227),(1208,1227,1225),(1225,1227,1228),(1225,1228,1224),(1224,1228,1229),(1224,1229,1223),(1223,1229,1230),(1223,1230,1222),(1222,1230,1231),(1222,1231,1221),(1221,1231,1232),(1221,1232,1220),(1220,1232,1233),(1220,1233,1219),(1219,1233,1234),(1219,1234,1218),(1218,1234,1235),(1218,1235,1217),(1217,1235,1236),(1217,1236,1216),(1216,1236,1237),(1216,1237,1215),(1215,1237,1238),(1215,1238,1214),(1214,1238,1239),(1214,1239,1213),(1213,1239,1212),(1212,1239,1240),(1212,1240,1211),(1211,1240,1241),(1211,1241,1210),(1210,1241,1242),(1210,1242,1209),(1209,1242,1243),(1209,1243,1201),(1201,1243,1244),(1201,1244,1202),(1202,1244,1245),(1202,1245,1203),(1203,1245,1246),(1203,1246,1204),(1204,1246,1247),(1204,1247,1205),(1205,1247,1248),(1205,1248,1206),(1206,1248,1249),(1206,1249,1207),(1207,1249,1226),(1243,1250,1244),(1244,1250,1251),(1244,1251,1245),(1245,1251,1252),(1245,1252,1246),(1246,1252,1253),(1246,1253,1247),(1247,1253,1254),(1247,1254,1248),(1248,1254,1255),(1248,1255,1249),(1249,1255,1256),(1249,1256,1226),(1226,1256,1257),(1226,1257,1227),(1227,1257,1258),(1227,1258,1228),(1228,1258,1259),(1228,1259,1229),(1229,1259,1260),(1229,1260,1230),(1230,1260,1261),(1230,1261,1231),(1231,1261,1262),(1231,1262,1232),(1232,1262,1263),(1232,1263,1233),(1233,1263,1264),(1233,1264,1234),(1234,1264,1265),(1234,1265,1235),(1235,1265,1266),(1235,1266,1236),(1236,1266,1267),(1236,1267,1237),(1237,1267,1268),(1237,1268,1238),(1238,1268,1269),(1238,1269,1239),(1239,1269,1270),(1239,1270,1271),(1250,1243,1272),(1272,1243,1242),(1272,1242,1273),(1273,1242,1241),(1273,1241,1274),(1274,1241,1240),(1274,1240,1271),(1271,1240,1239),(1256,1275,1257),(1257,1275,1276),(1257,1276,1258),(1258,1276,1277),(1258,1277,1259),(1259,1277,1278),(1259,1278,1260),(1260,1278,1279),(1260,1279,1261),(1261,1279,1280),(1261,1280,1262),(1262,1280,1281),(1262,1281,1263),(1263,1281,1282),(1263,1282,1264),(1264,1282,1283),(1264,1283,1265),(1265,1283,1284),(1265,1284,1266),(1266,1284,1285),(1266,1285,1267),(1267,1285,1286),(1267,1286,1268),(1268,1286,1287),(1268,1287,1269),(1269,1287,1288),(1269,1288,1270),(1270,1288,1289),(1270,1289,1271),(1271,1289,1290),(1271,1290,1274),(1274,1290,1291),(1274,1291,1273),(1273,1291,1292),(1273,1292,1272),(1272,1292,1293),(1272,1293,1250),(1250,1293,1294),(1250,1294,1251),(1251,1294,1252),(1252,1294,1295),(1252,1295,1253),(1253,1295,1296),(1253,1296,1254),(1254,1296,1297),(1254,1297,1255),(1255,1297,1298),(1255,1298,1256),(1256,1298,1275),(1294,1299,1295),(1295,1299,1300),(1295,1300,1296),(1296,1300,1301),(1296,1301,1297),(1297,1301,1302),(1297,1302,1298),(1298,1302,1303),(1298,1303,1275),(1275,1303,1304),(1275,1304,1276),(1276,1304,1305),(1276,1305,1277),(1277,1305,1306),(1277,1306,1278),(1278,1306,1307),(1278,1307,1279),(1279,1307,1308),(1279,1308,1280),(1280,1308,1309),(1280,1309,1281),(1281,1309,1310),(1281,1310,1282),(1282,1310,1311),(1282,1311,1283),(1283,1311,1312),(1283,1312,1284),(1284,1312,1313),(1284,1313,1285),(1285,1313,1314),(1285,1314,1286),(1286,1314,1315),(1286,1315,1287),(1287,1315,1316),(1287,1316,1288),(1288,1316,1317),(1288,1317,1289),(1289,1317,1318),(1289,1318,1290),(1290,1318,1319),(1290,1319,1291),(1291,1319,1320),(1291,1320,1292),(1292,1320,1321),(1292,1321,1293),(1293,1321,1322),(1293,1322,1294),(1294,1322,1299),(1322,1323,1299),(1299,1323,1324),(1299,1324,1300),(1300,1324,1325),(1300,1325,1301),(1301,1325,1326),(1301,1326,1302),(1302,1326,1327),(1302,1327,1303),(1303,1327,1328),(1303,1328,1304),(1304,1328,1329),(1304,1329,1305),(1305,1329,1330),(1305,1330,1306),(1306,1330,1331),(1306,1331,1307),(1307,1331,1332),(1307,1332,1308),(1308,1332,1333),(1308,1333,1309),(1309,1333,1334),(1309,1334,1310),(1310,1334,1335),(1310,1335,1311),(1311,1335,1336),(1311,1336,1312),(1312,1336,1337),(1312,1337,1313),(1313,1337,1338),(1313,1338,1314),(1314,1338,1339),(1314,1339,1315),(1315,1339,1340),(1315,1340,1316),(1316,1340,1341),(1316,1341,1317),(1317,1341,1342),(1317,1342,1318),(1318,1342,1343),(1318,1343,1319),(1319,1343,1344),(1319,1344,1320),(1320,1344,1345),(1320,1345,1321),(1321,1345,1346),(1321,1346,1322),(1322,1346,1323),(1340,1347,1341),(1341,1347,1348),(1341,1348,1342),(1342,1348,1349),(1342,1349,1343),(1343,1349,1350),(1343,1350,1344),(1344,1350,1351),(1344,1351,1345),(1345,1351,1352),(1345,1352,1346),(1346,1352,1353),(1346,1353,1323),(1323,1353,1354),(1323,1354,1355),(1347,1340,1356),(1356,1340,1339),(1356,1339,1357),(1357,1339,1338),(1357,1338,1358),(1358,1338,1337),(1358,1337,1359),(1359,1337,1336),(1359,1336,1360),(1360,1336,1335),(1360,1335,1334),(1360,1334,1361),(1361,1334,1333),(1361,1333,1362),(1362,1333,1332),(1362,1332,1363),(1363,1332,1331),(1363,1331,1364),(1364,1331,1330),(1364,1330,1365),(1365,1330,1329),(1365,1329,1366),(1366,1329,1328),(1366,1328,1367),(1367,1328,1327),(1367,1327,1368),(1368,1327,1326),(1368,1326,1369),(1369,1326,1325),(1369,1325,1370),(1370,1325,1324),(1370,1324,1355),(1355,1324,1323),(1347,1371,1348),(1348,1371,1372),(1348,1372,1349),(1349,1372,1373),(1349,1373,1350),(1350,1373,1374),(1350,1374,1351),(1351,1374,1375),(1351,1375,1352),(1352,1375,1376),(1352,1376,1353),(1353,1376,1377),(1353,1377,1354),(1354,1377,1378),(1354,1378,1355),(1355,1378,1379),(1355,1379,1370),(1370,1379,1380),(1370,1380,1369),(1369,1380,1381),(1369,1381,1368),(1368,1381,1382),(1368,1382,1367),(1367,1382,1383),(1367,1383,1366),(1366,1383,1384),(1366,1384,1365),(1365,1384,1385),(1365,1385,1364),(1364,1385,1386),(1364,1386,1363),(1363,1386,1387),(1363,1387,1362),(1362,1387,1388),(1362,1388,1361),(1361,1388,1389),(1361,1389,1360),(1360,1389,1390),(1360,1390,1359),(1359,1390,1391),(1359,1391,1358),(1358,1391,1392),(1358,1392,1357),(1357,1392,1393),(1357,1393,1356),(1356,1393,1394),(1356,1394,1347),(1347,1394,1371),(1377,1395,1378),(1378,1395,1396),(1378,1396,1379),(1379,1396,1397),(1379,1397,1380),(1380,1397,1398),(1380,1398,1381),(1381,1398,1399),(1381,1399,1382),(1382,1399,1400),(1382,1400,1383),(1383,1400,1401),(1383,1401,1384),(1384,1401,1402),(1384,1402,1385),(1385,1402,1403),(1385,1403,1386),(1386,1403,1404),(1386,1404,1387),(1387,1404,1405),(1387,1405,1388),(1388,1405,1406),(1388,1406,1389),(1389,1406,1407),(1389,1407,1390),(1390,1407,1408),(1390,1408,1391),(1391,1408,1409),(1391,1409,1392),(1392,1409,1410),(1392,1410,1393),(1393,1410,1411),(1393,1411,1394),(1394,1411,1412),(1394,1412,1371),(1371,1412,1413),(1371,1413,1372),(1372,1413,1414),(1372,1414,1373),(1373,1414,1415),(1373,1415,1374),(1374,1415,1416),(1374,1416,1375),(1375,1416,1417),(1375,1417,1376),(1376,1417,1418),(1376,1418,1377),(1377,1418,1395),(1412,1419,1413),(1413,1419,1420),(1413,1420,1414),(1414,1420,1421),(1414,1421,1415),(1415,1421,1422),(1415,1422,1416),(1416,1422,1423),(1416,1423,1417),(1417,1423,1424),(1417,1424,1418),(1418,1424,1425),(1418,1425,1395),(1395,1425,1426),(1395,1426,1396),(1396,1426,1427),(1396,1427,1397),(1397,1427,1428),(1397,1428,1398),(1398,1428,1429),(1398,1429,1399),(1399,1429,1430),(1399,1430,1400),(1400,1430,1431),(1400,1431,1401),(1401,1431,1432),(1401,1432,1402),(1402,1432,1433),(1402,1433,1403),(1403,1433,1434),(1403,1434,1404),(1404,1434,1435),(1404,1435,1405),(1405,1435,1436),(1405,1436,1406),(1406,1436,1437),(1406,1437,1407),(1407,1437,1438),(1407,1438,1408),(1408,1438,1439),(1408,1439,1409),(1409,1439,1440),(1409,1440,1410),(1410,1440,1441),(1410,1441,1411),(1411,1441,1442),(1411,1442,1412),(1412,1442,1419),(1424,1443,1425),(1425,1443,1444),(1425,1444,1426),(1426,1444,1445),(1426,1445,1427),(1427,1445,1446),(1427,1446,1428),(1428,1446,1447),(1428,1447,1429),(1429,1447,1448),(1429,1448,1430),(1430,1448,1449),(1430,1449,1431),(1431,1449,1450),(1431,1450,1432),(1432,1450,1451),(1432,1451,1433),(1433,1451,1452),(1433,1452,1434),(1434,1452,1453),(1434,1453,1435),(1435,1453,1454),(1435,1454,1436),(1436,1454,1455),(1436,1455,1437),(1437,1455,1456),(1437,1456,1438),(1438,1456,1457),(1438,1457,1439),(1439,1457,1458),(1439,1458,1440),(1440,1458,1459),(1440,1459,1441),(1441,1459,1460),(1441,1460,1442),(1442,1460,1461),(1442,1461,1419),(1419,1461,1462),(1419,1462,1420),(1420,1462,1463),(1420,1463,1421),(1421,1463,1464),(1421,1464,1422),(1422,1464,1465),(1422,1465,1423),(1423,1465,1466),(1423,1466,1424),(1424,1466,1443),(1461,1467,1462),(1462,1467,1468),(1462,1468,1469),(1467,1461,1470),(1470,1461,1460),(1470,1460,1471),(1471,1460,1459),(1471,1459,1472),(1472,1459,1458),(1472,1458,1473),(1473,1458,1457),(1473,1457,1474),(1474,1457,1456),(1474,1456,1475),(1475,1456,1455),(1475,1455,1476),(1476,1455,1454),(1476,1454,1477),(1477,1454,1453),(1477,1453,1478),(1478,1453,1452),(1478,1452,1479),(1479,1452,1451),(1479,1451,1480),(1480,1451,1450),(1480,1450,1481),(1481,1450,1449),(1481,1449,1482),(1482,1449,1448),(1482,1448,1483),(1483,1448,1447),(1483,1447,1484),(1484,1447,1446),(1484,1446,1485),(1485,1446,1445),(1485,1445,1486),(1486,1445,1444),(1486,1444,1487),(1487,1444,1443),(1487,1443,1488),(1488,1443,1466),(1488,1466,1489),(1489,1466,1465),(1489,1465,1490),(1490,1465,1464),(1490,1464,1491),(1491,1464,1463),(1491,1463,1469),(1469,1463,1462),(1481,1492,1480),(1480,1492,1493),(1480,1493,1479),(1479,1493,1494),(1479,1494,1478),(1478,1494,1495),(1478,1495,1477),(1477,1495,1496),(1477,1496,1476),(1476,1496,1497),(1476,1497,1475),(1475,1497,1498),(1475,1498,1474),(1474,1498,1499),(1474,1499,1473),(1473,1499,1500),(1473,1500,1472),(1472,1500,1501),(1472,1501,1471),(1471,1501,1502),(1471,1502,1470),(1470,1502,1503),(1470,1503,1467),(1467,1503,1504),(1467,1504,1468),(1468,1504,1505),(1468,1505,1469),(1469,1505,1506),(1469,1506,1491),(1491,1506,1507),(1491,1507,1490),(1490,1507,1508),(1490,1508,1489),(1489,1508,1509),(1489,1509,1488),(1488,1509,1487),(1487,1509,1510),(1487,1510,1486),(1486,1510,1511),(1486,1511,1485),(1485,1511,1512),(1485,1512,1484),(1484,1512,1513),(1484,1513,1483),(1483,1513,1514),(1483,1514,1482),(1482,1514,1515),(1482,1515,1481),(1481,1515,1492),(1508,1516,1509),(1509,1516,1517),(1509,1517,1510),(1510,1517,1518),(1510,1518,1511),(1511,1518,1519),(1511,1519,1512),(1512,1519,1520),(1512,1520,1513),(1513,1520,1521),(1513,1521,1514),(1514,1521,1522),(1514,1522,1515),(1515,1522,1523),(1515,1523,1492),(1492,1523,1524),(1492,1524,1493),(1493,1524,1525),(1493,1525,1494),(1494,1525,1526),(1494,1526,1495),(1495,1526,1527),(1495,1527,1496),(1496,1527,1528),(1496,1528,1497),(1497,1528,1529),(1497,1529,1498),(1498,1529,1530),(1498,1530,1499),(1499,1530,1531),(1499,1531,1500),(1500,1531,1532),(1500,1532,1501),(1501,1532,1533),(1501,1533,1502),(1502,1533,1534),(1502,1534,1503),(1503,1534,1535),(1503,1535,1504),(1504,1535,1536),(1504,1536,1505),(1505,1536,1537),(1505,1537,1506),(1506,1537,1538),(1506,1538,1507),(1507,1538,1539),(1507,1539,1508),(1508,1539,1516),(1517,1540,1518),(1518,1540,1541),(1518,1541,1519),(1519,1541,1542),(1519,1542,1520),(1520,1542,1543),(1520,1543,1521),(1521,1543,1544),(1521,1544,1522),(1522,1544,1545),(1522,1545,1523),(1523,1545,1546),(1523,1546,1524),(1524,1546,1547),(1524,1547,1525),(1525,1547,1548),(1525,1548,1526),(1526,1548,1549),(1526,1549,1527),(1527,1549,1550),(1527,1550,1528),(1528,1550,1551),(1528,1551,1529),(1529,1551,1552),(1529,1552,1530),(1530,1552,1553),(1530,1553,1531),(1531,1553,1554),(1531,1554,1532),(1532,1554,1555),(1532,1555,1533),(1533,1555,1556),(1533,1556,1534),(1534,1556,1557),(1534,1557,1535),(1535,1557,1558),(1535,1558,1536),(1536,1558,1559),(1536,1559,1537),(1537,1559,1560),(1537,1560,1538),(1538,1560,1561),(1538,1561,1539),(1539,1561,1562),(1539,1562,1563),(1540,1517,1564),(1564,1517,1516),(1564,1516,1563),(1563,1516,1539),(1546,1565,1547),(1547,1565,1566),(1547,1566,1548),(1548,1566,1567),(1548,1567,1549),(1549,1567,1568),(1549,1568,1550),(1550,1568,1569),(1550,1569,1551),(1551,1569,1570),(1551,1570,1552),(1552,1570,1571),(1552,1571,1553),(1553,1571,1572),(1553,1572,1554),(1554,1572,1573),(1554,1573,1555),(1555,1573,1574),(1555,1574,1556),(1556,1574,1575),(1556,1575,1557),(1557,1575,1576),(1557,1576,1558),(1558,1576,1577),(1558,1577,1559),(1559,1577,1578),(1559,1578,1560),(1560,1578,1579),(1560,1579,1561),(1561,1579,1580),(1561,1580,1562),(1562,1580,1581),(1562,1581,1563),(1563,1581,1582),(1563,1582,1564),(1564,1582,1583),(1564,1583,1540),(1540,1583,1584),(1540,1584,1541),(1541,1584,1585),(1541,1585,1542),(1542,1585,1586),(1542,1586,1543),(1543,1586,1544),(1544,1586,1587),(1544,1587,1545),(1545,1587,1588),(1545,1588,1546),(1546,1588,1565),(1583,1589,1584),(1584,1589,1590),(1584,1590,1585),(1585,1590,1591),(1585,1591,1586),(1586,1591,1592),(1586,1592,1587),(1587,1592,1593),(1587,1593,1588),(1588,1593,1594),(1588,1594,1565),(1565,1594,1595),(1565,1595,1566),(1566,1595,1596),(1566,1596,1567),(1567,1596,1597),(1567,1597,1568),(1568,1597,1598),(1568,1598,1569),(1569,1598,1599),(1569,1599,1570),(1570,1599,1600),(1570,1600,1571),(1571,1600,1601),(1571,1601,1572),(1572,1601,1602),(1572,1602,1573),(1573,1602,1603),(1573,1603,1574),(1574,1603,1604),(1574,1604,1575),(1575,1604,1605),(1575,1605,1576),(1576,1605,1606),(1576,1606,1577),(1577,1606,1607),(1577,1607,1578),(1578,1607,1608),(1578,1608,1579),(1579,1608,1609),(1579,1609,1580),(1580,1609,1610),(1580,1610,1581),(1581,1610,1611),(1581,1611,1582),(1582,1611,1612),(1582,1612,1583),(1583,1612,1589),(1606,1613,1607),(1607,1613,1614),(1607,1614,1608),(1608,1614,1615),(1608,1615,1609),(1609,1615,1616),(1609,1616,1610),(1610,1616,1617),(1610,1617,1611),(1611,1617,1618),(1611,1618,1612),(1612,1618,1619),(1612,1619,1589),(1589,1619,1620),(1589,1620,1590),(1590,1620,1621),(1590,1621,1591),(1591,1621,1622),(1591,1622,1592),(1592,1622,1623),(1592,1623,1593),(1593,1623,1624),(1593,1624,1594),(1594,1624,1625),(1594,1625,1595),(1595,1625,1626),(1595,1626,1596),(1596,1626,1627),(1596,1627,1597),(1597,1627,1628),(1597,1628,1598),(1598,1628,1629),(1598,1629,1599),(1599,1629,1630),(1599,1630,1600),(1600,1630,1631),(1600,1631,1601),(1601,1631,1632),(1601,1632,1602),(1602,1632,1633),(1602,1633,1603),(1603,1633,1634),(1603,1634,1604),(1604,1634,1635),(1604,1635,1605),(1605,1635,1636),(1605,1636,1606),(1606,1636,1613),(1619,1637,1620),(1620,1637,1638),(1620,1638,1621),(1621,1638,1639),(1621,1639,1622),(1622,1639,1640),(1622,1640,1623),(1623,1640,1641),(1623,1641,1624),(1624,1641,1642),(1624,1642,1625),(1625,1642,1643),(1625,1643,1626),(1626,1643,1644),(1626,1644,1627),(1627,1644,1645),(1627,1645,1628),(1628,1645,1646),(1628,1646,1629),(1629,1646,1647),(1629,1647,1630),(1630,1647,1648),(1630,1648,1631),(1631,1648,1649),(1631,1649,1632),(1632,1649,1650),(1632,1650,1633),(1633,1650,1651),(1633,1651,1634),(1634,1651,1652),(1634,1652,1635),(1635,1652,1653),(1635,1653,1636),(1636,1653,1654),(1636,1654,1613),(1613,1654,1655),(1613,1655,1614),(1614,1655,1656),(1614,1656,1615),(1615,1656,1657),(1615,1657,1616),(1616,1657,1658),(1616,1658,1617),(1617,1658,1659),(1617,1659,1618),(1618,1659,1660),(1618,1660,1619),(1619,1660,1637),(1637,1661,1638),(1638,1661,1662),(1638,1662,1639),(1639,1662,1663),(1639,1663,1640),(1640,1663,1664),(1640,1664,1641),(1641,1664,1665),(1641,1665,1642),(1642,1665,1666),(1642,1666,1643),(1643,1666,1667),(1643,1667,1644),(1644,1667,1668),(1644,1668,1645),(1645,1668,1669),(1645,1669,1646),(1646,1669,1670),(1646,1670,1647),(1647,1670,1671),(1647,1671,1648),(1648,1671,1672),(1648,1672,1649),(1649,1672,1673),(1649,1673,1650),(1650,1673,1674),(1650,1674,1651),(1651,1674,1675),(1651,1675,1652),(1652,1675,1676),(1652,1676,1653),(1653,1676,1677),(1653,1677,1654),(1654,1677,1678),(1654,1678,1655),(1655,1678,1679),(1655,1679,1656),(1656,1679,1680),(1656,1680,1657),(1657,1680,1681),(1657,1681,1658),(1658,1681,1682),(1658,1682,1659),(1659,1682,1683),(1659,1683,1660),(1660,1683,1684),(1660,1684,1637),(1637,1684,1661),(1684,1685,1661),(1661,1685,1686),(1661,1686,1662),(1662,1686,1687),(1662,1687,1663),(1663,1687,1688),(1663,1688,1664),(1664,1688,1689),(1664,1689,1665),(1665,1689,1690),(1665,1690,1666),(1666,1690,1691),(1666,1691,1667),(1667,1691,1692),(1667,1692,1668),(1668,1692,1693),(1668,1693,1669),(1669,1693,1694),(1669,1694,1670),(1670,1694,1695),(1670,1695,1671),(1671,1695,1696),(1671,1696,1672),(1672,1696,1697),(1672,1697,1673),(1673,1697,1698),(1673,1698,1674),(1674,1698,1699),(1674,1699,1675),(1675,1699,1700),(1675,1700,1676),(1676,1700,1701),(1676,1701,1677),(1677,1701,1702),(1677,1702,1678),(1678,1702,1703),(1678,1703,1679),(1679,1703,1704),(1679,1704,1680),(1680,1704,1705),(1680,1705,1681),(1681,1705,1706),(1681,1706,1682),(1682,1706,1707),(1682,1707,1683),(1683,1707,1708),(1683,1708,1684),(1684,1708,1685),(1705,1709,1706),(1706,1709,1710),(1706,1710,1707),(1707,1710,1711),(1707,1711,1708),(1708,1711,1712),(1708,1712,1685),(1685,1712,1713),(1685,1713,1686),(1686,1713,1714),(1686,1714,1687),(1687,1714,1715),(1687,1715,1688),(1688,1715,1716),(1688,1716,1689),(1689,1716,1717),(1689,1717,1690),(1690,1717,1718),(1690,1718,1691),(1691,1718,1719),(1691,1719,1692),(1692,1719,1720),(1692,1720,1693),(1693,1720,1721),(1693,1721,1694),(1694,1721,1722),(1694,1722,1695),(1695,1722,1723),(1695,1723,1696),(1696,1723,1724),(1696,1724,1697),(1697,1724,1725),(1697,1725,1698),(1698,1725,1726),(1698,1726,1699),(1699,1726,1727),(1699,1727,1700),(1700,1727,1728),(1700,1728,1701),(1701,1728,1729),(1701,1729,1702),(1702,1729,1730),(1702,1730,1703),(1703,1730,1731),(1703,1731,1704),(1704,1731,1732),(1704,1732,1705),(1705,1732,1709),(1716,1733,1717),(1717,1733,1734),(1717,1734,1718),(1718,1734,1735),(1718,1735,1719),(1719,1735,1736),(1719,1736,1720),(1720,1736,1737),(1720,1737,1721),(1721,1737,1738),(1721,1738,1722),(1722,1738,1739),(1722,1739,1723),(1723,1739,1740),(1723,1740,1724),(1724,1740,1741),(1724,1741,1725),(1725,1741,1742),(1725,1742,1726),(1726,1742,1743),(1726,1743,1727),(1727,1743,1744),(1727,1744,1728),(1728,1744,1745),(1728,1745,1729),(1729,1745,1746),(1729,1746,1730),(1730,1746,1747),(1730,1747,1731),(1731,1747,1748),(1731,1748,1732),(1732,1748,1749),(1732,1749,1709),(1709,1749,1750),(1709,1750,1710),(1710,1750,1751),(1710,1751,1711),(1711,1751,1752),(1711,1752,1712),(1712,1752,1753),(1712,1753,1713),(1713,1753,1754),(1713,1754,1714),(1714,1754,1755),(1714,1755,1715),(1715,1755,1756),(1715,1756,1716),(1716,1756,1733),(49,47,3),(3,47,1),(1,47,7),(7,47,9),(9,47,45),(9,45,43),(43,41,9),(9,41,11),(11,41,39),(11,39,13),(13,39,15),(15,39,17),(17,39,37),(17,37,35),(35,33,17),(17,33,19),(19,33,21),(21,33,23),(23,33,31),(23,31,29),(29,27,23),(23,27,25),(1747,1746,1748),(1748,1746,1749),(1749,1746,1750),(1750,1746,1745),(1750,1745,1744),(1744,1743,1750),(1750,1743,1751),(1751,1743,1752),(1752,1743,1753),(1753,1743,1754),(1754,1743,1755),(1755,1743,1742),(1755,1742,1741),(1741,1740,1755),(1755,1740,1739),(1755,1739,1756),(1756,1739,1733),(1733,1739,1734),(1734,1739,1738),(1734,1738,1737),(1737,1736,1734),(1734,1736,1735)),$);
#127= IFCSHAPEREPRESENTATION(#28,'Body','Tessellation',(#126));
#128= IFCPRODUCTDEFINITIONSHAPE($,$,(#127));
#129= IFCLOCALPLACEMENT(#5,#22);
#130= IFCBUILTELEMENT('2qKpXXmkr7w88CLfNnEuxE',$,'KSR_120_VK',$,$,#129,#128,'DF5');
#131= IFCSTYLEDITEM(#126,(#105),'KSR_120_VK');
#132= IFCPROPERTYSET('3X5Pz73e1CYu0Fn8G69XGF',$,'Properties',$,(#44,#45,#46,#47,#48,#49,#50,#51,#52,#53,#54,#55,#56,#57,#58,#59,#60,#61,#62,#63,#64,#65,#66,#67,#69,#70,#134,#135));
#133= IFCRELDEFINESBYPROPERTIES('1aBBVHmhr0ZA3w5x_j0kKy',$,$,$,(#130),#132);
#134= IFCPROPERTYSINGLEVALUE('Area',$,IFCREAL(18.2167151231916),$);
#135= IFCPROPERTYSINGLEVALUE('Bounds',$,IFCLABEL('((2701731.92532398,1166114.37242938,1995.74905420685),(2701742.80677397,1166154.35853813,2001.44501373745))'),$);
#136= IFCPROPERTYSET('3gLd4AWlL5X8doqWsW76vL',$,'Misc',$,(#73,#74,#75,#76));
#137= IFCRELDEFINESBYPROPERTIES('351E2B3d9DiwnbotUB8BEf',$,$,$,(#130),#136);
#138= IFCPROPERTYSET('1BmOIGlyn7heqU52WWdyyt',$,'3D Visualization',$,(#79,#80,#81));
#139= IFCRELDEFINESBYPROPERTIES('3Ogc3wwVj6feSoqRELqR6g',$,$,$,(#130),#138);
#140= IFCPROPERTYSET('08c2rvKKTFtBvHlhuLIcTM',$,'General',$,(#84,#86,#87,#88,#89,#118));
#141= IFCRELDEFINESBYPROPERTIES('0tnWwZIdHE$QU125KFL8zu',$,$,$,(#130),#140);
#142= IFCPROPERTYSET('3HMvDkp69EPwM5n$aT1pU1',$,'Geometry',$,(#92));
#143= IFCRELDEFINESBYPROPERTIES('3n23xZLub4Pft$72sYpRb9',$,$,$,(#130),#142);
#144= IFCPROPERTYSET('3Sj_J0agH90eMu87qZK6Q9',$,'01_Info',$,(#123,#124));
#145= IFCRELDEFINESBYPROPERTIES('3DhAkZV_PA_hFPLGQYDB2K',$,$,$,(#130),#144);
#146= IFCCARTESIANPOINTLIST3D(((1.69398,3.43625,6.35667),(1.79316,3.99839,6.35975),(1.69681,3.43566,6.37366),(1.79601,3.9983,6.37654),(1.79474,3.99892,6.39258),(1.78618,3.99924,6.34424),(1.68692,3.43757,6.34101),(1.77552,4.00079,6.33104),(1.6761,3.43955,6.32775),(1.76191,4.00295,6.32103),(1.66227,3.44204,6.31778),(1.74625,4.00556,6.31489),(1.64637,3.44487,6.31178),(1.72958,4.00845,6.31301),(1.62948,3.44786,6.31017),(1.71301,4.01143,6.31552),(1.61275,3.45079,6.31306),(1.69764,4.01431,6.32226),(1.59732,3.45348,6.32024),(1.68449,4.01689,6.33277),(1.58424,3.45573,6.33124),(1.67444,4.01899,6.34636),(1.57441,3.45739,6.34529),(1.66817,4.02049,6.36212),(1.5685,3.45835,6.36144),(1.66607,4.02127,6.379),(1.5669,3.45854,6.37859),(1.66808,4.02131,6.39499),(1.56972,3.45796,6.39558),(1.67382,4.02067,6.41002),(1.57679,3.45663,6.41124),(1.68298,4.01938,6.4232),(1.5876,3.45466,6.42451),(1.695,4.01752,6.43376),(1.60143,3.45217,6.43448),(1.70916,4.0152,6.44105),(1.61733,3.44933,6.44047),(1.72463,4.01256,6.44466),(1.63422,3.44635,6.44208),(1.74048,4.00976,6.44436),(1.65095,3.44341,6.43919),(1.75577,4.00696,6.44017),(1.66638,3.44073,6.43201),(1.76959,4.00433,6.43234),(1.67946,3.43848,6.42102),(1.78112,4.00203,6.42134),(1.68929,3.43682,6.40697),(1.78967,4.00019,6.40782),(1.69521,3.43586,6.39081),(1.80219,4.78194,6.35363),(1.80014,4.78159,6.33767),(1.80217,4.78049,6.3208),(1.8084,4.77869,6.30505),(1.8184,4.77632,6.29148),(1.83151,4.77355,6.28098),(1.84686,4.77054,6.27425),(1.86342,4.76751,6.27174),(1.8801,4.76465,6.27362),(1.80799,4.78158,6.36865),(1.81719,4.78054,6.38182),(1.82925,4.77889,6.39236),(1.84344,4.77671,6.39965),(1.85891,4.77414,6.40325),(1.87476,4.77133,6.40295),(1.89004,4.76845,6.39877),(1.90384,4.76567,6.39095),(1.91533,4.76316,6.37996),(1.92383,4.76106,6.36645),(1.92885,4.7595,6.35123),(1.93007,4.75857,6.3352),(1.92716,4.75834,6.31843),(1.92012,4.7589,6.30293),(1.90943,4.7602,6.28975),(1.89578,4.76216,6.27976),(1.88981,5.29012,6.32021),(1.89167,5.28806,6.30337),(1.89774,5.28538,6.28766),(1.90761,5.28225,6.27411),(1.92061,5.27888,6.26363),(1.93589,5.2755,6.25691),(1.95243,5.27232,6.25441),(1.96913,5.26957,6.25628),(1.98487,5.26742,6.26241),(1.99862,5.26602,6.27238),(2.00944,5.26547,6.28554),(2.01664,5.26578,6.30101),(2.01971,5.26696,6.31775),(2.01865,5.26879,6.33374),(2.01379,5.2712,6.34893),(2.00542,5.27406,6.36241),(1.99403,5.2772,6.37338),(1.98031,5.28042,6.38119),(1.96508,5.28353,6.38537),(1.94923,5.28636,6.38567),(1.93372,5.28872,6.38207),(1.89202,5.29136,6.33614),(1.89797,5.29185,6.35113),(1.9073,5.29155,6.36427),(1.91946,5.29049,6.3748),(2.06548,6.28613,6.15157),(2.06656,6.283,6.13466),(2.07199,6.27927,6.11874),(2.08139,6.2752,6.10489),(2.09414,6.27107,6.09406),(2.10935,6.26715,6.08698),(2.12599,6.26372,6.08413),(2.14293,6.26101,6.08572),(2.15902,6.2592,6.09162),(2.17315,6.25842,6.10145),(2.18436,6.25872,6.11453),(2.1919,6.26008,6.12996),(2.19524,6.26241,6.1467),(2.19416,6.26554,6.16361),(2.18873,6.26927,6.17953),(2.17932,6.27334,6.19338),(2.16658,6.27747,6.20422),(2.15137,6.28139,6.2113),(2.13472,6.28482,6.21414),(2.11778,6.28753,6.21256),(2.1017,6.28934,6.20665),(2.08757,6.29012,6.19682),(2.07635,6.28982,6.18375),(2.06882,6.28846,6.16831),(2.21808,6.4082,6.10403),(2.2215,6.41136,6.12043),(2.22077,6.41508,6.1361),(2.21056,6.40606,6.08889),(2.19946,6.40506,6.076),(2.18551,6.40528,6.06623),(2.16964,6.40671,6.06023),(2.1529,6.40924,6.05839),(2.13642,6.41271,6.06084),(2.12127,6.41688,6.06742),(2.10849,6.42149,6.07769),(2.0989,6.42622,6.09096),(2.09316,6.43076,6.10635),(2.09165,6.43481,6.12284),(2.09419,6.43793,6.13845),(2.10045,6.44019,6.15313),(2.11006,6.44145,6.166),(2.12243,6.44163,6.17631),(2.13685,6.44072,6.18344),(2.15244,6.43878,6.18696),(2.16828,6.43592,6.18666),(2.18342,6.43231,6.18257),(2.19698,6.42817,6.17493),(2.20813,6.42374,6.16418),(2.21622,6.41929,6.15098),(2.12786,6.62886,6.08439),(2.12509,6.6245,6.06913),(2.12638,6.61915,6.05301),(2.13191,6.6134,6.03796),(2.14131,6.60762,6.02499),(2.15395,6.6022,6.01495),(2.169,6.59751,6.00852),(2.18545,6.59385,6.00612),(2.20222,6.59146,6.00792),(2.13432,6.63228,6.09874),(2.14411,6.63455,6.11133),(2.15663,6.63554,6.1214),(2.17114,6.6352,6.12837),(2.18678,6.63353,6.13181),(2.20261,6.63065,6.13153),(2.2177,6.62672,6.12753),(2.23115,6.62197,6.12005),(2.24216,6.6167,6.10955),(2.25006,6.6112,6.09664),(2.2544,6.60582,6.08209),(2.25492,6.60086,6.06677),(2.25126,6.59641,6.05074),(2.24354,6.59307,6.03593),(2.23226,6.59106,6.02334),(2.21817,6.59051,6.01378),(2.14962,6.76357,6.02007),(2.15061,6.75654,6.00454),(2.15586,6.74921,5.99005),(2.16502,6.74208,5.97755),(2.17748,6.73562,5.96788),(2.19241,6.73025,5.96169),(2.20882,6.72634,5.95938),(2.22561,6.72414,5.96111),(2.24167,6.7238,5.96676),(2.25594,6.72535,5.97596),(2.26745,6.72868,5.9881),(2.27544,6.73356,6.00236),(2.27939,6.73968,6.0178),(2.27916,6.74624,6.03256),(2.27509,6.75314,6.04657),(2.26742,6.75998,6.059),(2.25661,6.76635,6.06912),(2.2433,6.77188,6.07632),(2.22828,6.77623,6.08017),(2.21245,6.77914,6.08045),(2.19675,6.78045,6.07713),(2.15266,6.76952,6.03477),(2.15939,6.77443,6.04859),(2.1694,6.77802,6.06071),(2.18211,6.78007,6.07042),(2.17749,6.91032,5.95927),(2.17421,6.90305,5.94528),(2.17495,6.89462,5.93051),(2.17997,6.88599,5.91671),(2.18893,6.87773,5.90482),(2.20124,6.87039,5.89562),(2.21607,6.86447,5.88972),(2.23244,6.86034,5.88753),(2.24927,6.8583,5.88917),(2.18443,6.91648,5.97242),(2.19464,6.92116,5.98396),(2.2075,6.92408,5.9932),(2.22225,6.92507,5.99959),(2.238,6.92406,6.00274),(2.25383,6.92112,6.00248),(2.26879,6.91643,5.99881),(2.28198,6.91025,5.99196),(2.29263,6.90297,5.98233),(2.30011,6.895,5.9705),(2.30396,6.88684,5.95716),(2.30395,6.87896,5.94312),(2.29976,6.87144,5.92843),(2.29153,6.86527,5.91485),(2.27983,6.86085,5.90331),(2.26542,6.85847,5.89455),(2.21253,7.10909,5.84252),(2.20927,7.10187,5.8285),(2.21002,7.09351,5.81368),(2.21505,7.08494,5.79985),(2.22402,7.07673,5.78793),(2.23634,7.06943,5.77871),(2.25117,7.06353,5.7728),(2.26755,7.05942,5.77059),(2.28437,7.05737,5.77224),(2.21947,7.11519,5.85571),(2.22967,7.11982,5.86727),(2.24253,7.1227,5.87653),(2.25727,7.12366,5.88294),(2.27302,7.12264,5.8861),(2.28885,7.1197,5.88584),(2.30381,7.11502,5.88216),(2.31701,7.10888,5.87529),(2.32767,7.10164,5.86564),(2.33515,7.09372,5.85378),(2.339,7.08562,5.84041),(2.33901,7.07779,5.82633),(2.33483,7.07034,5.8116),(2.32662,7.06423,5.79799),(2.31492,7.05986,5.78641),(2.30052,7.05752,5.77764),(2.26697,7.42914,5.65673),(2.26763,7.42021,5.64221),(2.27257,7.41111,5.62866),(2.28146,7.40245,5.61698),(2.29371,7.39481,5.60794),(2.30851,7.38868,5.60215),(2.32486,7.38448,5.59999),(2.3417,7.3825,5.6016),(2.35788,7.38285,5.60689),(2.37234,7.38552,5.61549),(2.38412,7.39034,5.62684),(2.39242,7.39697,5.64017),(2.3967,7.40498,5.65461),(2.39679,7.41334,5.6684),(2.39302,7.42196,5.6815),(2.38562,7.43032,5.69313),(2.37503,7.43793,5.70259),(2.36187,7.44434,5.70932),(2.34694,7.44916,5.71292),(2.33111,7.45211,5.71318),(2.31534,7.45301,5.71008),(2.27033,7.43689,5.67047),(2.27736,7.4435,5.6834),(2.28764,7.44857,5.69473),(2.30055,7.4518,5.70381),(2.311,7.66753,5.51001),(2.3074,7.65839,5.49723),(2.30779,7.64799,5.48374),(2.31249,7.63753,5.47114),(2.32117,7.62768,5.46027),(2.33326,7.61912,5.45187),(2.34796,7.61241,5.44649),(2.36428,7.60799,5.44448),(2.38114,7.60617,5.44598),(2.31826,7.67545,5.52202),(2.32874,7.68166,5.53256),(2.34182,7.68581,5.541),(2.35671,7.68765,5.54683),(2.37254,7.68707,5.54971),(2.38836,7.68409,5.54947),(2.40323,7.67891,5.54612),(2.41627,7.67182,5.53986),(2.42669,7.66325,5.53107),(2.43389,7.65371,5.52026),(2.43742,7.64377,5.50808),(2.43709,7.63402,5.49526),(2.43255,7.62454,5.48184),(2.42401,7.61656,5.46944),(2.41203,7.6106,5.45889),(2.39742,7.60706,5.4509),(2.36184,7.96688,5.2414),(2.36152,7.95579,5.22821),(2.36563,7.94458,5.2158),(2.37388,7.93399,5.205),(2.38573,7.92476,5.19655),(2.40035,7.91752,5.19103),(2.41676,7.91275,5.18881),(2.43383,7.91079,5.19004),(2.45041,7.91176,5.19465),(2.46535,7.9156,5.20231),(2.47765,7.92205,5.21251),(2.48647,7.93067,5.22455),(2.49119,7.94087,5.2376),(2.49152,7.95195,5.25079),(2.48741,7.96317,5.2632),(2.47915,7.97375,5.274),(2.4673,7.98298,5.28245),(2.45268,7.99023,5.28797),(2.43627,7.995,5.29019),(2.4192,7.99696,5.28896),(2.40263,7.99599,5.28435),(2.38768,7.99215,5.27669),(2.37538,7.9857,5.26649),(2.36657,7.97708,5.25445),(2.55332,8.30948,4.90255),(2.55795,8.31945,4.91556),(2.55837,8.32967,4.92799),(2.5447,8.30105,4.89054),(2.53265,8.2947,4.88031),(2.51799,8.29086,4.87256),(2.50168,8.28979,4.8678),(2.48481,8.29156,4.86634),(2.4685,8.29605,4.86829),(2.45384,8.30296,4.87351),(2.4418,8.31183,4.88165),(2.43319,8.32207,4.89218),(2.42858,8.333,4.90439),(2.42827,8.3439,4.91747),(2.43196,8.35351,4.92985),(2.43929,8.36186,4.9415),(2.44984,8.36847,4.95171),(2.46297,8.37293,4.95989),(2.47791,8.37498,4.96554),(2.49376,8.3745,4.96833),(2.50957,8.37152,4.9681),(2.52442,8.36621,4.96486),(2.53742,8.35889,4.95879),(2.54779,8.35,4.95027),(2.55491,8.34007,4.93979),(2.53172,8.93058,4.44387),(2.53208,8.91998,4.43055),(2.53674,8.90933,4.41811),(2.5454,8.89933,4.40738),(2.55747,8.89065,4.39909),(2.57215,8.88386,4.39377),(2.58846,8.87942,4.39179),(2.60533,8.87762,4.39327),(2.62162,8.87858,4.39813),(2.63625,8.88223,4.40602),(2.64826,8.88835,4.41643),(2.65683,8.89651,4.42867),(2.6614,8.90617,4.44192),(2.66177,8.91611,4.45458),(2.65827,8.92623,4.46661),(2.6511,8.93593,4.47728),(2.6407,8.94462,4.48596),(2.62768,8.9518,4.49214),(2.61282,8.95703,4.49544),(2.597,8.96001,4.49568),(2.58116,8.96055,4.49283),(2.53536,8.9399,4.45648),(2.54264,8.94799,4.46834),(2.55315,8.95436,4.47875),(2.56625,8.95863,4.48708),(2.59857,9.29841,4.17918),(2.59503,9.28962,4.16616),(2.59549,9.27958,4.15241),(2.60024,9.26944,4.13957),(2.60897,9.25989,4.1285),(2.6211,9.25155,4.11994),(2.63582,9.24498,4.11445),(2.65215,9.24062,4.1124),(2.66901,9.23876,4.11394),(2.60577,9.30601,4.19142),(2.6162,9.31194,4.20216),(2.62924,9.31587,4.21076),(2.64411,9.31755,4.2167),(2.65992,9.31689,4.21964),(2.67575,9.31392,4.21939),(2.69063,9.30883,4.21598),(2.7037,9.30191,4.2096),(2.71416,9.29357,4.20064),(2.72141,9.28432,4.18963),(2.725,9.2747,4.17722),(2.72473,9.26529,4.16415),(2.72025,9.25618,4.15047),(2.71177,9.24853,4.13784),(2.69984,9.24285,4.12709),(2.68526,9.23952,4.11894),(3.13474,12.33921,2.12159),(3.13136,12.33133,2.10795),(3.13199,12.32227,2.09353),(3.13691,12.31305,2.08008),(3.14578,12.30428,2.06848),(3.15802,12.29655,2.0595),(3.17281,12.29037,2.05375),(3.18916,12.28615,2.05161),(3.206,12.28418,2.05321),(3.14179,12.34593,2.13442),(3.15209,12.35111,2.14567),(3.16502,12.35442,2.15469),(3.17981,12.35568,2.16091),(3.19559,12.35481,2.16399),(3.21142,12.35186,2.16374),(3.22635,12.34701,2.16016),(3.23949,12.34054,2.15348),(3.25007,12.33284,2.14408),(3.25745,12.32437,2.13254),(3.2612,12.31564,2.11954),(3.26109,12.30715,2.10584),(3.25678,12.29901,2.09151),(3.24846,12.29225,2.07827),(3.23666,12.28734,2.067),(3.22219,12.28458,2.05846),(3.22852,12.88234,1.79499),(3.22932,12.87422,1.78004),(3.23439,12.86588,1.76609),(3.24339,12.85786,1.75406),(3.25573,12.85072,1.74475),(3.27059,12.84491,1.73879),(3.28697,12.84084,1.73656),(3.30378,12.83876,1.73823),(3.31992,12.83882,1.74367),(3.33429,12.84102,1.75253),(3.34596,12.8452,1.76421),(3.35413,12.85109,1.77794),(3.35827,12.8583,1.7928),(3.35822,12.86589,1.807),(3.35433,12.87378,1.82049),(3.34681,12.8815,1.83246),(3.33612,12.88858,1.8422),(3.3229,12.89462,1.84913),(3.30793,12.89924,1.85284),(3.29211,12.90217,1.85311),(3.27636,12.90324,1.84992),(3.23175,12.88933,1.80913),(3.23865,12.89522,1.82244),(3.24881,12.89966,1.83411),(3.26164,12.90239,1.84346),(3.3747,13.70003,1.40302),(3.37176,13.69468,1.38805),(3.37286,13.68829,1.37224),(3.37821,13.68155,1.35748),(3.38746,13.67493,1.34475),(3.39999,13.66886,1.33491),(3.41497,13.66375,1.3286),(3.43139,13.65993,1.32625),(3.44818,13.65766,1.32801),(3.38133,13.70438,1.41709),(3.39125,13.70748,1.42944),(3.40389,13.70912,1.43933),(3.41848,13.70923,1.44616),(3.43416,13.70779,1.44954),(3.44999,13.70489,1.44925),(3.46504,13.7007,1.44533),(3.4784,13.69547,1.438),(3.48928,13.68951,1.4277),(3.49704,13.68317,1.41503),(3.50122,13.67684,1.40076),(3.50155,13.67089,1.38574),(3.49771,13.6654,1.37002),(3.48982,13.66109,1.35549),(3.4784,13.65826,1.34313),(3.4642,13.65709,1.33376),(3.46882,14.24516,1.22802),(3.4704,14.24148,1.21142),(3.4762,14.23729,1.19592),(3.48584,14.23286,1.18256),(3.49867,14.22848,1.17222),(3.51384,14.22445,1.1656),(3.53033,14.22104,1.16313),(3.54706,14.21846,1.16497),(3.56291,14.21691,1.17102),(3.57682,14.21647,1.18086),(3.58787,14.21717,1.19383),(3.59533,14.21898,1.20908),(3.59869,14.22176,1.2256),(3.59789,14.22513,1.24137),(3.59329,14.22901,1.25635),(3.58515,14.23316,1.26965),(3.57395,14.23735,1.28047),(3.56036,14.24132,1.28817),(3.5452,14.24484,1.29229),(3.52936,14.24769,1.29258),(3.51378,14.24971,1.28904),(3.4713,14.24793,1.24374),(3.47751,14.24986,1.25852),(3.48706,14.25083,1.27148),(3.4994,14.25078,1.28186),(3.70798,15.60151,1.06366),(3.70986,15.59948,1.04686),(3.71593,15.59683,1.03117),(3.7258,15.59372,1.01765),(3.73881,15.59037,1.00719),(3.75409,15.587,1.00048),(3.77063,15.58383,0.99798),(3.78733,15.58107,0.99985),(3.80307,15.57891,1.00597),(3.81681,15.5775,1.01593),(3.82763,15.57692,1.02906),(3.83482,15.57721,1.04449),(3.83789,15.57835,1.0612),(3.83682,15.58016,1.07717),(3.83195,15.58255,1.09233),(3.82358,15.58538,1.10579),(3.81219,15.5885,1.11674),(3.79847,15.5917,1.12453),(3.78324,15.59481,1.1287),(3.76739,15.59764,1.129),(3.75188,15.60001,1.12541),(3.71019,15.60273,1.07956),(3.71614,15.60319,1.09452),(3.72546,15.60287,1.10764),(3.73762,15.60179,1.11815),(3.72525,15.68814,1.07265),(3.7232,15.6878,1.05667),(3.72523,15.6867,1.03979),(3.73146,15.68492,1.02404),(3.74146,15.68256,1.01045),(3.75457,15.67979,0.99994),(3.76992,15.67679,0.99321),(3.78649,15.67375,0.9907),(3.80317,15.6709,0.99258),(3.73105,15.68777,1.08767),(3.74025,15.68673,1.10085),(3.7523,15.68506,1.1114),(3.76649,15.68288,1.1187),(3.78197,15.68031,1.1223),(3.79782,15.6775,1.122),(3.81309,15.67463,1.11781),(3.82689,15.67185,1.10998),(3.83838,15.66934,1.09899),(3.84689,15.66725,1.08547),(3.85191,15.6657,1.07024),(3.85313,15.66478,1.0542),(3.85022,15.66456,1.03742),(3.84319,15.66512,1.02191),(3.83249,15.66643,1.00872),(3.81885,15.6684,0.99872),(3.79704,16.10657,1.05388),(3.79922,16.10628,1.037),(3.80557,16.10524,1.02124),(3.81569,16.10352,1.00765),(3.82889,16.10125,0.99714),(3.84429,16.09857,0.9904),(3.86088,16.09566,0.98789),(3.87754,16.09271,0.98977),(3.89317,16.08992,0.99592),(3.90673,16.08748,1.00592),(3.91732,16.08554,1.01912),(3.92422,16.08425,1.03463),(3.92699,16.08367,1.05142),(3.92563,16.08383,1.06746),(3.92049,16.08466,1.08269),(3.91187,16.08611,1.09621),(3.90028,16.08809,1.10721),(3.88642,16.0905,1.11504),(3.87111,16.09317,1.11923),(3.85526,16.09597,1.11953),(3.83981,16.09871,1.11593),(3.79896,16.10615,1.06986),(3.80463,16.10507,1.08489),(3.81372,16.1034,1.09808),(3.82568,16.10124,1.10863),(4.05935,17.59395,1.08161),(4.06097,17.59384,1.06446),(4.0669,17.59296,1.0483),(4.07674,17.59137,1.03425),(4.08983,17.58918,1.02326),(4.10526,17.58653,1.01608),(4.12199,17.58361,1.01319),(4.13888,17.58061,1.0148),(4.15478,17.57775,1.02079),(4.1686,17.57521,1.03076),(4.1794,17.57317,1.04403),(4.18645,17.57176,1.05969),(4.18926,17.57109,1.07668),(4.18765,17.5712,1.09383),(4.18172,17.57208,1.10998),(4.17187,17.57367,1.12403),(4.15879,17.57587,1.13503),(4.14335,17.57852,1.14221),(4.12662,17.58144,1.1451),(4.10973,17.58443,1.14349),(4.09383,17.5873,1.13749),(4.08001,17.58984,1.12752),(4.06921,17.59188,1.11426),(4.06216,17.59328,1.0986),(4.60761,19.94368,1.08517),(4.60601,19.94385,1.10233),(4.60009,19.9448,1.11848),(4.59026,19.94644,1.13253),(4.57718,19.94868,1.14352),(4.56175,19.95136,1.15071),(4.54502,19.95429,1.15359),(4.52813,19.95728,1.15198),(4.51223,19.96012,1.14599),(4.4984,19.96262,1.13602),(4.48759,19.96461,1.12275),(4.48053,19.96595,1.10709),(4.47771,19.96655,1.09011),(4.47931,19.96638,1.07295),(4.48523,19.96544,1.0568),(4.49506,19.96379,1.04275),(4.50814,19.96155,1.03176),(4.52357,19.95888,1.02457),(4.5403,19.95595,1.02169),(4.55719,19.95296,1.0233),(4.60479,19.94428,1.06819),(4.59773,19.94563,1.05253),(4.58692,19.94761,1.03926),(4.57309,19.95012,1.02929),(4.67231,20.32718,1.0716),(4.67514,20.32662,1.08859),(4.67354,20.32684,1.10574),(4.66763,20.32783,1.12189),(4.6578,20.32951,1.13594),(4.64473,20.33178,1.14694),(4.6293,20.33447,1.15412),(4.61257,20.33741,1.15701),(4.59568,20.3404,1.1554),(4.66524,20.32849,1.05594),(4.65442,20.33044,1.04267),(4.64059,20.33291,1.0327),(4.62469,20.33574,1.02671),(4.60779,20.33873,1.0251),(4.59106,20.34166,1.02798),(4.57564,20.34436,1.03517),(4.56257,20.34662,1.04616),(4.55274,20.34831,1.06021),(4.54683,20.34929,1.07637),(4.54523,20.34951,1.09352),(4.54806,20.34895,1.11051),(4.55513,20.34765,1.12617),(4.56594,20.3457,1.13943),(4.57978,20.34322,1.1494),(4.73412,20.66111,1.08799),(4.73255,20.66149,1.10515),(4.72666,20.66262,1.1213),(4.71686,20.66443,1.13535),(4.7038,20.66679,1.14634),(4.68839,20.66955,1.15353),(4.67166,20.67252,1.15641),(4.65477,20.67549,1.15481),(4.63885,20.67826,1.14881),(4.62501,20.68064,1.13884),(4.61417,20.68248,1.12557),(4.60708,20.68364,1.10991),(4.60422,20.68405,1.09293),(4.60579,20.68367,1.07577),(4.61167,20.68254,1.05962),(4.62148,20.68073,1.04557),(4.63453,20.67837,1.03458),(4.64995,20.67561,1.02739),(4.66667,20.67264,1.02451),(4.68357,20.66967,1.02612),(4.73126,20.66152,1.07101),(4.72417,20.66268,1.05535),(4.71333,20.66452,1.04208),(4.69948,20.6669,1.03211),(5.2254,23.46392,1.04377),(5.22829,23.4637,1.06076),(5.22675,23.46426,1.07791),(5.2209,23.46557,1.09406),(5.21112,23.46753,1.10811),(5.19809,23.47002,1.1191),(5.18269,23.47286,1.12628),(5.16597,23.47585,1.12917),(5.14907,23.47881,1.12756),(5.21828,23.46491,1.02811),(5.20741,23.4666,1.01485),(5.19355,23.46888,1.00488),(5.17762,23.47158,0.99889),(5.16072,23.47453,0.99728),(5.144,23.47753,1.00016),(5.1286,23.48037,1.00735),(5.11557,23.48285,1.01834),(5.10579,23.48482,1.03239),(5.09993,23.48612,1.04854),(5.0984,23.48669,1.06569),(5.10129,23.48647,1.08268),(5.10841,23.48548,1.09833),(5.11928,23.48379,1.1116),(5.13314,23.48151,1.12157),(5.29329,23.84861,1.03461),(5.29609,23.84823,1.0514),(5.29477,23.84857,1.06744),(5.28635,23.84974,1.0191),(5.27574,23.85152,1.0059),(5.26216,23.85385,0.9959),(5.24652,23.85657,0.98975),(5.22985,23.85949,0.98787),(5.21327,23.86243,0.99038),(5.19788,23.86519,0.99712),(5.1847,23.86758,1.00763),(5.17462,23.86945,1.02122),(5.16829,23.87067,1.03698),(5.16614,23.87116,1.05387),(5.1681,23.87092,1.06985),(5.1738,23.87001,1.08488),(5.18291,23.86849,1.09806),(5.1949,23.86644,1.10862),(5.20904,23.864,1.11592),(5.2245,23.8613,1.11952),(5.24035,23.8585,1.11922),(5.25565,23.85577,1.11503),(5.2695,23.85328,1.1072),(5.28106,23.85117,1.0962),(5.28965,23.84957,1.08268),(5.26829,24.45016,1.0629),(5.26989,24.44999,1.04574),(5.27581,24.44905,1.02959),(5.28564,24.4474,1.01554),(5.29872,24.44517,1.00455),(5.31415,24.44249,0.99736),(5.33088,24.43956,0.99448),(5.34777,24.43657,0.99609),(5.36368,24.43373,1.00208),(5.3775,24.43123,1.01205),(5.38831,24.42924,1.02532),(5.39537,24.4279,1.04098),(5.3982,24.42729,1.05796),(5.39659,24.42746,1.07512),(5.39067,24.42841,1.09127),(5.38084,24.43005,1.10532),(5.36776,24.43229,1.11631),(5.35233,24.43496,1.1235),(5.3356,24.43789,1.12638),(5.31871,24.44088,1.12477),(5.30281,24.44372,1.11878),(5.28898,24.44623,1.10881),(5.27817,24.44822,1.09554),(5.27111,24.44956,1.07988),(5.57125,25.40871,1.05927),(5.56967,25.40901,1.07643),(5.56377,25.41007,1.09258),(5.55395,25.41182,1.10663),(5.54089,25.41413,1.11762),(5.52547,25.41686,1.12481),(5.50874,25.41981,1.12769),(5.49184,25.42279,1.12608),(5.47594,25.42559,1.12009),(5.4621,25.42802,1.11012),(5.45127,25.42991,1.09685),(5.44419,25.43114,1.08119),(5.44134,25.43162,1.06421),(5.44292,25.43132,1.04705),(5.44882,25.43026,1.0309),(5.45864,25.42851,1.01685),(5.4717,25.4262,1.00586),(5.48712,25.42347,0.99867),(5.50385,25.42051,0.99579),(5.52075,25.41754,0.99739),(5.5684,25.40919,1.04229),(5.56132,25.41042,1.02663),(5.55049,25.41231,1.01336),(5.53665,25.41474,1.00339),(5.62364,25.70584,1.05815),(5.62207,25.70618,1.0753),(5.61617,25.70728,1.09145),(5.60636,25.70907,1.1055),(5.5933,25.71141,1.1165),(5.57789,25.71416,1.12368),(5.56116,25.71712,1.12657),(5.54427,25.72009,1.12496),(5.52835,25.72287,1.11896),(5.51451,25.72528,1.10899),(5.50368,25.72714,1.09573),(5.49659,25.72833,1.08007),(5.49374,25.72876,1.06308),(5.49531,25.72842,1.04593),(5.5012,25.72732,1.02977),(5.51101,25.72554,1.01572),(5.52407,25.72319,1.00473),(5.53949,25.72045,0.99755),(5.55622,25.71749,0.99466),(5.57311,25.71452,0.99627),(5.62079,25.70628,1.04116),(5.6137,25.70747,1.0255),(5.60287,25.70933,1.01223),(5.58902,25.71173,1.00226),(5.65954,25.92574,1.04052),(5.66237,25.92547,1.05731),(5.66106,25.92592,1.07335),(5.65259,25.92675,1.02502),(5.64196,25.92845,1.01182),(5.62837,25.93071,1.00182),(5.61272,25.93338,0.99567),(5.59605,25.93629,0.99379),(5.57947,25.93925,0.99631),(5.56409,25.94206,1.00304),(5.55092,25.94452,1.01355),(5.54085,25.94648,1.02714),(5.53455,25.94781,1.0429),(5.53242,25.94842,1.05978),(5.53439,25.94829,1.07576),(5.54011,25.94749,1.09079),(5.54925,25.94606,1.10397),(5.56124,25.94408,1.11452),(5.57539,25.94169,1.12182),(5.59085,25.93901,1.12542),(5.6067,25.93621,1.12512),(5.622,25.93346,1.12093),(5.63584,25.93091,1.11311),(5.64739,25.92872,1.10211),(5.65597,25.92703,1.08859),(5.62205,26.45645,1.05026),(5.62356,26.45575,1.03312),(5.62939,26.45432,1.01697),(5.63915,26.45224,1.00292),(5.65217,26.44967,0.99193),(5.66756,26.44677,0.98475),(5.68428,26.44375,0.98186),(5.70118,26.44081,0.98347),(5.71711,26.43816,0.98946),(5.73099,26.43596,0.99943),(5.74187,26.43438,1.0127),(5.74902,26.43351,1.02835),(5.75193,26.43343,1.04533),(5.75042,26.43413,1.06248),(5.74459,26.43556,1.07863),(5.73483,26.43764,1.09268),(5.72181,26.44021,1.10366),(5.70642,26.44311,1.11085),(5.68971,26.44613,1.11373),(5.6728,26.44907,1.11212),(5.65687,26.45172,1.10613),(5.64299,26.45392,1.09616),(5.63211,26.4555,1.0829),(5.62496,26.45637,1.06725),(6.1352,28.60703,0.98681),(6.13369,28.60772,1.00396),(6.12785,28.60915,1.0201),(6.11809,28.61122,1.03415),(6.10507,28.61378,1.04514),(6.08968,28.61668,1.05232),(6.07296,28.61969,1.05521),(6.05606,28.62264,1.0536),(6.04013,28.6253,1.04761),(6.02625,28.6275,1.03764),(6.01537,28.62909,1.02438),(6.00823,28.62996,1.00872),(6.00531,28.63006,0.99174),(6.00683,28.62937,0.97459),(6.01266,28.62794,0.95844),(6.02242,28.62587,0.9444),(6.03544,28.62331,0.93341),(6.05083,28.62042,0.92622),(6.06755,28.6174,0.92334),(6.08445,28.61446,0.92495),(6.13228,28.60713,0.96983),(6.12514,28.608,0.95417),(6.11426,28.60959,0.94091),(6.10038,28.61179,0.93094),(6.17925,28.85685,0.98121),(6.17772,28.85745,0.99836),(6.17187,28.8588,1.01451),(6.1621,28.8608,1.02856),(6.14907,28.86331,1.03955),(6.13367,28.86617,1.04673),(6.11695,28.86917,1.04962),(6.10005,28.87212,1.04801),(6.08413,28.87481,1.04201),(6.07026,28.87706,1.03205),(6.05939,28.87872,1.01878),(6.05226,28.87967,1.00312),(6.04936,28.87985,0.98614),(6.05089,28.87924,0.96899),(6.05673,28.87789,0.95284),(6.06651,28.87589,0.93879),(6.07953,28.87338,0.9278),(6.09493,28.87052,0.92062),(6.11165,28.86752,0.91773),(6.12855,28.86457,0.91934),(6.17635,28.85702,0.96422),(6.16922,28.85797,0.94857),(6.15835,28.85963,0.9353),(6.14448,28.86188,0.92533),(6.42801,30.28427,0.94021),(6.43091,30.2841,0.95719),(6.42938,30.2847,0.97434),(6.42353,30.28605,0.99049),(6.41376,30.28805,1.00454),(6.40073,30.29057,1.01553),(6.38534,30.29342,1.02272),(6.36862,30.29643,1.0256),(6.35172,30.29937,1.02399),(6.42088,30.28522,0.92455),(6.41001,30.28688,0.91129),(6.39614,30.28913,0.90132),(6.38021,30.29182,0.89533),(6.36331,30.29477,0.89372),(6.3466,30.29777,0.8966),(6.3312,30.30063,0.90379),(6.31817,30.30314,0.91478),(6.3084,30.30514,0.92883),(6.30255,30.30649,0.94498),(6.30102,30.3071,0.96213),(6.30392,30.30692,0.97911),(6.31105,30.30597,0.99477),(6.32192,30.30432,1.00803),(6.33579,30.30207,1.018),(6.56128,31.03972,0.92341),(6.56409,31.03941,0.9402),(6.56278,31.03983,0.95624),(6.55433,31.04077,0.9079),(6.5437,31.04249,0.89471),(6.53012,31.04477,0.8847),(6.51447,31.04746,0.87856),(6.4978,31.05038,0.87668),(6.48122,31.05333,0.87919),(6.46584,31.05612,0.88592),(6.45267,31.05856,0.89643),(6.44259,31.06049,0.91002),(6.43628,31.06179,0.92578),(6.43415,31.06235,0.94267),(6.43611,31.06219,0.95864),(6.44183,31.06135,0.97367),(6.45095,31.05989,0.98686),(6.46295,31.0579,0.99741),(6.47709,31.05548,1.00471),(6.49255,31.0528,1.00831),(6.5084,31.05,1.00801),(6.5237,31.04726,1.00382),(6.53754,31.04473,0.99599),(6.5491,31.04256,0.98499),(6.55768,31.0409,0.97147),(6.45219,31.16444,0.94511),(6.45377,31.16412,0.92796),(6.45967,31.16304,0.91181),(6.46948,31.16127,0.89776),(6.48254,31.15894,0.88676),(6.49796,31.1562,0.87958),(6.51469,31.15324,0.87669),(6.53158,31.15027,0.8783),(6.54749,31.14748,0.8843),(6.56133,31.14506,0.89427),(6.57216,31.14319,0.90753),(6.57925,31.14198,0.92319),(6.5821,31.14152,0.94018),(6.58052,31.14185,0.95733),(6.57462,31.14293,0.97349),(6.56481,31.14469,0.98754),(6.55175,31.14703,0.99853),(6.53633,31.14976,1.00572),(6.5196,31.15272,1.0086),(6.50271,31.1557,1.00699),(6.4868,31.15849,1.001),(6.47296,31.1609,0.99103),(6.46213,31.16278,0.97776),(6.45504,31.16398,0.9621),(6.68741,31.74354,0.92889),(6.68796,31.74349,0.94611),(6.68409,31.74414,0.96289),(6.67607,31.74544,0.97808),(6.66443,31.74731,0.99066),(6.64998,31.74961,0.99975),(6.63369,31.7522,1.00474),(6.61668,31.75489,1.0053),(6.6001,31.7575,1.00138),(6.58509,31.75986,0.99326),(6.57267,31.7618,0.98147),(6.56368,31.76319,0.96684),(6.55875,31.76393,0.95035),(6.55819,31.76399,0.93313),(6.56206,31.76334,0.91635),(6.57008,31.76204,0.90116),(6.58172,31.76017,0.88859),(6.59617,31.75787,0.8795),(6.61246,31.75528,0.8745),(6.62947,31.75259,0.87394),(6.64605,31.74998,0.87786),(6.66106,31.74762,0.88599),(6.67348,31.74568,0.89777),(6.68247,31.74429,0.9124),(6.72372,32.33211,1.0032),(6.7069,32.33446,1.00609),(6.68991,32.33684,1.00448),(6.67392,32.3391,0.99849),(6.66,32.34109,0.98852),(6.64912,32.34265,0.97525),(6.64202,32.3437,0.95959),(6.63916,32.34415,0.9426),(6.64076,32.34399,0.92545),(6.6467,32.34321,0.9093),(6.65658,32.34187,0.89524),(6.66973,32.34006,0.88425),(6.68524,32.33791,0.87707),(6.70206,32.33557,0.87418),(6.71905,32.33318,0.87579),(6.73504,32.33092,0.88178),(6.74896,32.32894,0.89175),(6.75984,32.32738,0.90501),(6.76695,32.32633,0.92067),(6.7698,32.32587,0.93766),(6.7682,32.32604,0.95481),(6.76226,32.32682,0.97097),(6.75238,32.32816,0.98502),(6.73923,32.32996,0.99601),(6.80516,32.57839,0.93908),(6.80354,32.57841,0.95624),(6.79758,32.57906,0.97239),(6.78769,32.58028,0.98644),(6.77453,32.582,0.99744),(6.75901,32.58409,1.00462),(6.74218,32.58641,1.00751),(6.7252,32.58881,1.0059),(6.70921,32.59112,0.99991),(6.69531,32.59318,0.98994),(6.68444,32.59486,0.97667),(6.67735,32.59603,0.96101),(6.67452,32.59662,0.94403),(6.67614,32.5966,0.92688),(6.6821,32.59595,0.91072),(6.692,32.59473,0.89667),(6.70515,32.59301,0.88568),(6.72067,32.59092,0.87849),(6.7375,32.5886,0.87561),(6.75448,32.5862,0.87721),(6.80233,32.57898,0.9221),(6.79524,32.58015,0.90644),(6.78437,32.58183,0.89317),(6.77047,32.58389,0.88321),(6.83414,32.78867,0.93704),(6.834,32.78847,0.95427),(6.82943,32.78873,0.97088),(6.82074,32.78945,0.98574),(6.80852,32.79056,0.99784),(6.7936,32.792,1.00635),(6.777,32.79367,1.0107),(6.75985,32.79544,1.01058),(6.74332,32.79721,1.006),(6.72854,32.79885,0.99729),(6.71651,32.80025,0.98502),(6.70806,32.80131,0.97004),(6.70375,32.80197,0.95337),(6.70389,32.80217,0.93614),(6.70846,32.8019,0.91953),(6.71715,32.80119,0.90467),(6.72937,32.80007,0.89257),(6.74429,32.79863,0.88406),(6.76089,32.79697,0.87972),(6.77804,32.79519,0.87984),(6.79457,32.79342,0.88441),(6.80935,32.79178,0.89313),(6.82138,32.79039,0.90539),(6.82983,32.78932,0.92037),(6.8406,33.83776,1.01896),(6.82349,33.83864,1.01709),(6.80745,33.83948,1.01085),(6.79358,33.84022,1.00066),(6.7828,33.84081,0.98723),(6.77587,33.84122,0.97146),(6.77325,33.84141,0.95443),(6.77512,33.84138,0.9373),(6.78136,33.84111,0.92124),(6.79153,33.84064,0.90735),(6.80495,33.84,0.89656),(6.82071,33.83922,0.88962),(6.83772,33.83836,0.88699),(6.85482,33.83749,0.88887),(6.87086,33.83665,0.89511),(6.88474,33.83591,0.90529),(6.89551,33.83531,0.91873),(6.90245,33.83491,0.9345),(6.90507,33.83472,0.95153),(6.90319,33.83475,0.96865),(6.89696,33.83501,0.98471),(6.88678,33.83548,0.99861),(6.87336,33.83613,1.0094),(6.85761,33.83691,1.01634),(6.83806,34.23473,1.01708),(6.82193,34.23528,1.01107),(6.80789,34.23578,1.00109),(6.79692,34.23619,0.98781),(6.78976,34.23649,0.97214),(6.78689,34.23666,0.95515),(6.78852,34.23668,0.938),(6.79452,34.23655,0.92185),(6.8045,34.23629,0.90781),(6.81778,34.2359,0.89683),(6.83344,34.23542,0.88966),(6.85042,34.23488,0.88679),(6.86756,34.23431,0.88841),(6.8837,34.23376,0.89442),(6.89773,34.23326,0.90441),(6.9087,34.23285,0.91768),(6.91587,34.23255,0.93335),(6.91873,34.23238,0.95034),(6.91711,34.23236,0.96749),(6.9111,34.23249,0.98364),(6.90112,34.23275,0.99768),(6.88785,34.23314,1.00866),(6.87219,34.23362,1.01583),(6.85521,34.23416,1.0187),(6.92894,34.62685,0.94037),(6.93088,34.6266,0.95749),(6.92833,34.62656,0.97453),(6.92146,34.62673,0.99033),(6.91074,34.6271,1.00382),(6.8969,34.62764,1.01407),(6.88088,34.62832,1.02038),(6.86378,34.62909,1.02233),(6.84676,34.6299,1.01979),(6.83097,34.63069,1.01292),(6.81751,34.63142,1.00219),(6.80727,34.63202,0.98835),(6.80097,34.63246,0.97232),(6.79903,34.63271,0.9552),(6.80158,34.63275,0.93816),(6.80845,34.63259,0.92236),(6.81917,34.63222,0.90887),(6.83301,34.63167,0.89862),(6.84902,34.63099,0.89231),(6.86613,34.63022,0.89036),(6.88315,34.62941,0.8929),(6.89893,34.62862,0.89977),(6.9124,34.62789,0.9105),(6.92263,34.62729,0.92435),(6.90385,35.11006,1.02634),(6.88779,35.11106,1.02664),(6.87213,35.11198,1.02303),(6.85781,35.11278,1.01573),(6.84567,35.11341,1.00517),(6.83644,35.11383,0.99199),(6.83067,35.11401,0.97696),(6.8287,35.11395,0.96098),(6.91936,35.10906,1.02216),(6.9334,35.1081,1.01434),(6.94513,35.10725,1.00334),(6.95385,35.10656,0.98983),(6.95904,35.10607,0.9746),(6.9604,35.1058,0.95856),(6.95758,35.10578,0.94176),(6.95057,35.10604,0.92625),(6.93982,35.10655,0.91304),(6.92607,35.10728,0.90303),(6.91021,35.10819,0.89687),(6.89332,35.10921,0.89499),(6.87651,35.11028,0.89749),(6.8609,35.11132,0.90423),(6.84754,35.11226,0.91474),(6.8373,35.11305,0.92833),(6.83088,35.11362,0.94409),(6.8341,35.20133,0.95919),(6.83603,35.20057,0.94209),(6.84231,35.1994,0.92609),(6.85251,35.19792,0.91227),(6.86593,35.19621,0.90159),(6.88166,35.19439,0.89477),(6.89862,35.1926,0.89227),(6.91567,35.19094,0.89427),(6.93163,35.18954,0.90062),(6.94543,35.18849,0.9109),(6.95612,35.18786,0.92441),(6.96297,35.18769,0.94022),(6.96551,35.188,0.95726),(6.96358,35.18876,0.97436),(6.9573,35.18993,0.99037),(6.9471,35.19142,1.00418),(6.93368,35.19313,1.01486),(6.91795,35.19494,1.02169),(6.90099,35.19674,1.02418),(6.88394,35.1984,1.02219),(6.86798,35.1998,1.01583),(6.85418,35.20085,1.00555),(6.84349,35.20148,0.99204),(6.83664,35.20164,0.97623),(7.03621,36.04933,0.99318),(7.01939,36.05258,0.99514),(7.00261,36.05566,0.99261),(6.98702,36.05838,0.98575),(6.97368,36.06054,0.97504),(6.96351,36.062,0.9612),(6.95718,36.06266,0.94519),(6.95515,36.06247,0.92808),(6.95754,36.06145,0.91105),(6.96419,36.05967,0.89525),(6.97465,36.05724,0.88177),(6.98821,36.05434,0.87151),(7.00393,36.05115,0.86519),(7.02076,36.04791,0.86323),(7.03754,36.04482,0.86577),(7.05313,36.0421,0.87262),(7.06646,36.03994,0.88333),(7.07664,36.03848,0.89717),(7.08296,36.03782,0.91319),(7.08499,36.03801,0.9303),(7.0826,36.03903,0.94733),(7.07595,36.04081,0.96312),(7.06549,36.04324,0.97661),(7.05194,36.04615,0.98686),(7.16367,36.61377,0.97597),(7.14804,36.6175,0.97622),(7.1328,36.62105,0.97258),(7.11885,36.62423,0.96527),(7.10702,36.62683,0.95472),(7.098,36.62871,0.94155),(7.09234,36.62976,0.92655),(7.09036,36.6299,0.91061),(7.17875,36.61009,0.97185),(7.19241,36.60668,0.9641),(7.20382,36.60373,0.95317),(7.21231,36.60144,0.93973),(7.21738,36.59992,0.92455),(7.21872,36.59927,0.90856),(7.21599,36.59958,0.89172),(7.20916,36.60089,0.87614),(7.19867,36.60312,0.86287),(7.18524,36.60611,0.85278),(7.16976,36.60968,0.84656),(7.15326,36.61357,0.84462),(7.13685,36.61753,0.84709),(7.12163,36.62129,0.8538),(7.1086,36.62461,0.86431),(7.09865,36.62726,0.87791),(7.09243,36.62907,0.89369),(7.15726,36.91047,0.91063),(7.15883,36.90985,0.89348),(7.16461,36.90803,0.87735),(7.17422,36.90512,0.86334),(7.187,36.90132,0.8524),(7.20207,36.8969,0.84528),(7.21841,36.89216,0.84246),(7.23491,36.88741,0.84413),(7.25044,36.88299,0.85019),(7.26394,36.87918,0.86021),(7.27449,36.87626,0.87352),(7.28138,36.87443,0.88921),(7.28414,36.87379,0.90621),(7.28257,36.87441,0.92335),(7.27679,36.87624,0.93948),(7.26718,36.87915,0.95349),(7.2544,36.88294,0.96443),(7.23933,36.88736,0.97156),(7.22299,36.89211,0.97438),(7.20649,36.89685,0.9727),(7.19097,36.90128,0.96665),(7.17746,36.90508,0.95662),(7.16691,36.908,0.94331),(7.16002,36.90984,0.92763),(7.37205,37.30857,0.96901),(7.35685,37.31376,0.96925),(7.34201,37.31872,0.96561),(7.32841,37.32316,0.95829),(7.31687,37.32682,0.94774),(7.30805,37.32948,0.93458),(7.3025,37.33099,0.91958),(7.30052,37.33125,0.90364),(7.30248,37.33015,0.88672),(7.30848,37.3277,0.87093),(7.31812,37.32406,0.85733),(7.33077,37.31949,0.84683),(7.34557,37.31427,0.84012),(7.36154,37.30877,0.83766),(7.3776,37.30335,0.83961),(7.39269,37.29838,0.84584),(7.40579,37.29417,0.85594),(7.41603,37.29103,0.86922),(7.42273,37.28915,0.8848),(7.42543,37.28866,0.90165),(7.42416,37.2895,0.91764),(7.38671,37.30347,0.96489),(7.39997,37.29876,0.95715),(7.41104,37.29471,0.94624),(7.41927,37.29156,0.9328),(7.42768,37.70249,0.8983),(7.42732,37.70219,0.88107),(7.43115,37.7003,0.86438),(7.4389,37.69697,0.84935),(7.45004,37.69243,0.83702),(7.46382,37.68697,0.82823),(7.47929,37.68097,0.82356),(7.49541,37.67485,0.82335),(7.51106,37.66901,0.8276),(7.52519,37.66386,0.83603),(7.53684,37.65974,0.84805),(7.5452,37.65695,0.86287),(7.54972,37.65566,0.87945),(7.55007,37.65597,0.89667),(7.54624,37.65785,0.91337),(7.53849,37.66118,0.92839),(7.52735,37.66573,0.94072),(7.51357,37.67119,0.94952),(7.4981,37.67718,0.95418),(7.48199,37.68331,0.9544),(7.46633,37.68915,0.95015),(7.4522,37.6943,0.94172),(7.44055,37.69841,0.92969),(7.43219,37.70121,0.91488),(7.52923,37.80308,0.95269),(7.51409,37.80962,0.94771),(7.50063,37.81539,0.93864),(7.48977,37.82,0.92608),(7.48225,37.82313,0.9109),(7.47858,37.82458,0.89412),(7.47902,37.82424,0.8769),(7.48354,37.82213,0.86041),(7.49181,37.8184,0.84576),(7.50329,37.81331,0.83397),(7.51719,37.80719,0.82583),(7.53256,37.80047,0.82189),(7.54836,37.79361,0.82243),(7.5635,37.78707,0.82741),(7.57696,37.7813,0.83649),(7.58782,37.77669,0.84904),(7.59534,37.77356,0.86423),(7.59901,37.77211,0.881),(7.59857,37.77245,0.89822),(7.59405,37.77456,0.91472),(7.58578,37.77829,0.92936),(7.5743,37.78338,0.94115),(7.5604,37.7895,0.9493),(7.54503,37.79622,0.95323),(7.59434,37.91734,0.95274),(7.57871,37.92436,0.95098),(7.56401,37.93093,0.94484),(7.55126,37.93661,0.93474),(7.54132,37.94101,0.92137),(7.53487,37.94383,0.90565),(7.53234,37.94487,0.88864),(7.53391,37.94407,0.8715),(7.53948,37.94148,0.8554),(7.54866,37.93728,0.84144),(7.56083,37.93175,0.83057),(7.57516,37.92527,0.82353),(7.59067,37.91828,0.82079),(7.60631,37.91126,0.82256),(7.621,37.90469,0.8287),(7.63375,37.89901,0.8388),(7.6437,37.89461,0.85216),(7.65015,37.8918,0.86789),(7.65268,37.89075,0.8849),(7.6511,37.89155,0.90204),(7.64553,37.89414,0.91814),(7.63635,37.89834,0.9321),(7.62418,37.90387,0.94297),(7.60985,37.91035,0.95001),(7.86108,38.36095,0.86597),(7.8636,38.35988,0.88298),(7.86201,38.36065,0.90012),(7.85643,38.36321,0.91622),(7.84724,38.36739,0.93018),(7.83506,38.3729,0.94105),(7.82072,38.37937,0.94809),(7.80521,38.38635,0.95083),(7.78958,38.39338,0.94906),(7.85464,38.3638,0.85025),(7.84471,38.36822,0.83688),(7.83197,38.37392,0.82678),(7.81728,38.3805,0.82064),(7.80164,38.38752,0.81888),(7.78613,38.39451,0.82161),(7.7718,38.40097,0.82865),(7.75962,38.40649,0.83952),(7.75043,38.41066,0.85349),(7.74485,38.41323,0.86958),(7.74326,38.414,0.88672),(7.74577,38.41292,0.90373),(7.75221,38.41008,0.91946),(7.76214,38.40566,0.93282),(7.77489,38.39996,0.94292),(7.91154,38.4718,0.86771),(7.91351,38.47084,0.88479),(7.91147,38.47192,0.90187),(7.90555,38.47496,0.91776),(7.89616,38.47976,0.9314),(7.88394,38.48599,0.94184),(7.86971,38.49323,0.94838),(7.85446,38.50097,0.95057),(7.83921,38.50871,0.94826),(7.82502,38.5159,0.94161),(7.81284,38.52205,0.93108),(7.8035,38.52676,0.91737),(7.79765,38.52969,0.90143),(7.79568,38.53065,0.88434),(7.79772,38.52957,0.86727),(7.80364,38.52653,0.85137),(7.81303,38.52173,0.83774),(7.82526,38.5155,0.8273),(7.83948,38.50827,0.82076),(7.85473,38.50052,0.81857),(7.86998,38.49279,0.82088),(7.88418,38.4856,0.82752),(7.89636,38.47944,0.83806),(7.90569,38.47474,0.85176),(8.17863,39.06713,0.94927),(8.16373,39.0756,0.9475),(8.14975,39.08358,0.94135),(8.13763,39.09051,0.93125),(8.12821,39.09593,0.91789),(8.12212,39.09946,0.90216),(8.11978,39.10086,0.88515),(8.12135,39.10005,0.86801),(8.12672,39.09707,0.85191),(8.13553,39.09213,0.83795),(8.14717,39.08556,0.82708),(8.16086,39.07781,0.82004),(8.17566,39.06941,0.81732),(8.19055,39.06094,0.81908),(8.20454,39.05297,0.82523),(8.21665,39.04603,0.83533),(8.22607,39.04062,0.8487),(8.23216,39.03709,0.86442),(8.2345,39.03568,0.88144),(8.23293,39.03649,0.89857),(8.22756,39.03947,0.91467),(8.21875,39.04442,0.92863),(8.20711,39.05099,0.9395),(8.19342,39.05873,0.94654),(8.33789,39.21802,0.87973),(8.33717,39.21835,0.89694),(8.33272,39.22106,0.91336),(8.32482,39.22596,0.92788),(8.31402,39.23271,0.9395),(8.30105,39.24085,0.94743),(8.2868,39.24984,0.95114),(8.27224,39.25906,0.95036),(8.25836,39.26787,0.94516),(8.24611,39.27568,0.93588),(8.23632,39.28196,0.92316),(8.22966,39.28628,0.90786),(8.22658,39.28834,0.89104),(8.22729,39.28801,0.87382),(8.23175,39.2853,0.8574),(8.23965,39.28041,0.84288),(8.25045,39.27366,0.83126),(8.26341,39.26551,0.82333),(8.27766,39.25652,0.81962),(8.29222,39.24731,0.8204),(8.3061,39.2385,0.82561),(8.31835,39.23068,0.83489),(8.32815,39.2244,0.84761),(8.33481,39.22008,0.8629),(8.56207,39.61969,0.94941),(8.54814,39.62945,0.95215),(8.5341,39.63928,0.95039),(8.52091,39.64851,0.94426),(8.50946,39.6565,0.93417),(8.50053,39.66271,0.9208),(8.49473,39.66673,0.90508),(8.49247,39.66826,0.88807),(8.49388,39.66722,0.87093),(8.49889,39.66367,0.85483),(8.50713,39.65785,0.84087),(8.51806,39.65016,0.82999),(8.53093,39.64112,0.82294),(8.54486,39.63136,0.82021),(8.5589,39.62153,0.82196),(8.57209,39.6123,0.8281),(8.58354,39.60431,0.83819),(8.59247,39.5981,0.85155),(8.59826,39.59408,0.86728),(8.60053,39.59255,0.88429),(8.59911,39.59359,0.90143),(8.59411,39.59714,0.91753),(8.58587,39.60296,0.93149),(8.57494,39.61065,0.94237),(8.78691,39.86336,0.8651),(8.78927,39.86197,0.88211),(8.78796,39.86316,0.89924),(8.78306,39.86685,0.91534),(8.7749,39.87279,0.92931),(8.76403,39.88057,0.94018),(8.75121,39.88967,0.94723),(8.7373,39.89946,0.94997),(8.72325,39.90927,0.94821),(8.78102,39.86723,0.84937),(8.77201,39.87333,0.83601),(8.7605,39.88124,0.82592),(8.74727,39.89041,0.81979),(8.73321,39.90022,0.81803),(8.7193,39.91001,0.82077),(8.70648,39.91911,0.82781),(8.69562,39.92689,0.83869),(8.68745,39.93283,0.85265),(8.68255,39.93652,0.86875),(8.68124,39.93771,0.88589),(8.68361,39.93632,0.9029),(8.68949,39.93245,0.91862),(8.6985,39.92635,0.93198),(8.71001,39.91845,0.94207),(8.83031,39.92171,0.87303),(8.8309,39.92212,0.89025),(8.82794,39.92525,0.90694),(8.82163,39.93088,0.92197),(8.81241,39.93863,0.93431),(8.80089,39.94798,0.94312),(8.78787,39.95828,0.9478),(8.77423,39.96884,0.94804),(8.7609,39.97893,0.94381),(8.7488,39.98787,0.9354),(8.73874,39.99505,0.92339),(8.73141,39.99997,0.90859),(8.72731,40.00231,0.89202),(8.72672,40.00191,0.87481),(8.72968,39.99878,0.85811),(8.73599,39.99315,0.84309),(8.74522,39.9854,0.83075),(8.75673,39.97605,0.82193),(8.76975,39.96575,0.81725),(8.78339,39.95519,0.81702),(8.79672,39.9451,0.82125),(8.80882,39.93616,0.82966),(8.81888,39.92898,0.84167),(8.82621,39.92405,0.85646),(9.36825,40.59914,0.88621),(9.35715,40.61015,0.8935),(9.34488,40.62189,0.89651),(9.33228,40.63357,0.89504),(9.32019,40.64439,0.88918),(9.30945,40.65361,0.87934),(9.30078,40.6606,0.86618),(9.29479,40.6649,0.85061),(9.29186,40.66619,0.83367),(9.29222,40.6644,0.81654),(9.29582,40.65965,0.80037),(9.30243,40.65227,0.78627),(9.31159,40.64274,0.7752),(9.32269,40.63174,0.76791),(9.33496,40.61999,0.7649),(9.34756,40.60831,0.76637),(9.35965,40.5975,0.77223),(9.37039,40.58828,0.78207),(9.37906,40.58128,0.79523),(9.38505,40.57699,0.8108),(9.38798,40.57569,0.82773),(9.38762,40.57748,0.84487),(9.38402,40.58223,0.86103),(9.37741,40.58962,0.87513),(9.52151,40.78539,0.88057),(9.51036,40.79687,0.88072),(9.49945,40.80798,0.87701),(9.48941,40.81806,0.86966),(9.48085,40.82652,0.85911),(9.47426,40.83287,0.84596),(9.47004,40.83672,0.83099),(9.46842,40.83786,0.8151),(9.46969,40.836,0.79811),(9.47397,40.83107,0.78226),(9.48098,40.82341,0.76862),(9.49023,40.81354,0.75812),(9.50111,40.80212,0.75145),(9.51289,40.78992,0.74906),(9.52478,40.77776,0.75112),(9.53596,40.76647,0.75749),(9.5457,40.75679,0.76774),(9.55333,40.74938,0.78117),(9.55834,40.74474,0.79689),(9.56039,40.74319,0.81384),(9.55951,40.74462,0.82977),(9.55598,40.74875,0.84484),(9.53225,40.77421,0.87656),(9.54194,40.76399,0.86894),(9.55001,40.75533,0.85816),(9.91734,41.27262,0.83831),(9.91703,41.27354,0.82111),(9.9197,41.27108,0.80427),(9.92514,41.26543,0.78893),(9.933,41.25696,0.77614),(9.94274,41.24625,0.76677),(9.9537,41.23404,0.76147),(9.96512,41.22114,0.76058),(9.97624,41.20845,0.76418),(9.98629,41.19683,0.77202),(9.99458,41.18707,0.78356),(10.00056,41.17983,0.79801),(10.00381,41.17561,0.8144),(10.00412,41.1747,0.8316),(10.00145,41.17715,0.84845),(9.99601,41.1828,0.86379),(9.98815,41.19127,0.87658),(9.97841,41.20198,0.88594),(9.96745,41.2142,0.89125),(9.95603,41.22709,0.89213),(9.94491,41.23978,0.88853),(9.93486,41.2514,0.8807),(9.92657,41.26116,0.86916),(9.92059,41.2684,0.8547),(10.53118,41.68076,0.91108),(10.5205,41.69415,0.90919),(10.5106,41.70679,0.90294),(10.50216,41.71783,0.89275),(10.49576,41.7265,0.87931),(10.49182,41.73223,0.86355),(10.49061,41.73461,0.84652),(10.49223,41.73349,0.82941),(10.49656,41.72894,0.81336),(10.5033,41.72127,0.79948),(10.51199,41.71101,0.78871),(10.52205,41.69885,0.78179),(10.53278,41.68563,0.77918),(10.54346,41.67224,0.78106),(10.55335,41.6596,0.78732),(10.56179,41.64856,0.79751),(10.5682,41.63989,0.81094),(10.57214,41.63417,0.82671),(10.57334,41.63178,0.84373),(10.57172,41.63291,0.86085),(10.5674,41.63745,0.8769),(10.56066,41.64512,0.89078),(10.55197,41.65538,0.90155),(10.54191,41.66754,0.90847),(10.6717,41.71193,0.83933),(10.67149,41.71102,0.85654),(10.66857,41.71367,0.87331),(10.66314,41.71971,0.8885),(10.65556,41.72871,0.90109),(10.64636,41.74007,0.91021),(10.63615,41.75302,0.91524),(10.62564,41.76666,0.91583),(10.61555,41.78008,0.91195),(10.60655,41.79235,0.90387),(10.59926,41.80264,0.89212),(10.59418,41.81025,0.87752),(10.59166,41.81467,0.86106),(10.59187,41.81558,0.84385),(10.59479,41.81292,0.82708),(10.60022,41.80689,0.81189),(10.6078,41.79789,0.7993),(10.617,41.78653,0.79018),(10.62721,41.77358,0.78515),(10.63772,41.75994,0.78456),(10.64782,41.74652,0.78844),(10.65682,41.73425,0.79652),(10.6641,41.72396,0.80827),(10.66918,41.71634,0.82287),(10.67421,41.7988,0.91859),(10.66396,41.81229,0.91543),(10.6547,41.82478,0.908),(10.64707,41.83543,0.89681),(10.64158,41.84351,0.88261),(10.63862,41.84846,0.86637),(10.63839,41.84996,0.84921),(10.64089,41.8479,0.83229),(10.64596,41.84242,0.81676),(10.65326,41.83389,0.80369),(10.66228,41.8229,0.79396),(10.67242,41.81019,0.78823),(10.68297,41.79663,0.7869),(10.69323,41.78314,0.79006),(10.70249,41.77065,0.79749),(10.71012,41.76,0.80869),(10.7156,41.75192,0.82288),(10.71856,41.74697,0.83912),(10.7188,41.74547,0.85628),(10.71629,41.74753,0.8732),(10.71122,41.75301,0.88873),(10.70393,41.76154,0.90181),(10.6949,41.77253,0.91154),(10.68477,41.78524,0.91726),(11.3332,42.31346,0.95172),(11.32169,42.32625,0.95294),(11.31048,42.33894,0.94968),(11.30034,42.35069,0.94216),(11.29197,42.36069,0.93088),(11.28592,42.36826,0.91662),(11.28262,42.37288,0.90035),(11.28229,42.37424,0.88318),(11.28495,42.37224,0.86628),(11.29043,42.36702,0.85079),(11.29833,42.35894,0.83778),(11.30814,42.34855,0.82813),(11.31918,42.33655,0.8225),(11.33069,42.32377,0.82127),(11.3419,42.31107,0.82453),(11.35204,42.29932,0.83206),(11.36041,42.28932,0.84333),(11.36646,42.28176,0.85759),(11.36976,42.27714,0.87386),(11.37009,42.27578,0.89103),(11.36743,42.27778,0.90794),(11.36196,42.28299,0.92343),(11.35405,42.29107,0.93644),(11.34424,42.30147,0.94609),(11.91949,42.89873,0.98205),(11.90685,42.91046,0.98171),(11.895,42.92203,0.97694),(11.88474,42.93265,0.96806),(11.87678,42.9416,0.95568),(11.87166,42.94828,0.94063),(11.86972,42.95221,0.92395),(11.87111,42.95314,0.90677),(11.87571,42.951,0.89026),(11.88323,42.94594,0.87555),(11.89315,42.9383,0.86364),(11.90478,42.92861,0.85534),(11.91735,42.91752,0.85122),(11.92999,42.90579,0.85156),(11.94184,42.89422,0.85633),(11.9521,42.8836,0.86521),(11.96006,42.87464,0.87759),(11.96518,42.86797,0.89264),(11.96711,42.86404,0.90932),(11.96573,42.86311,0.9265),(11.96112,42.86525,0.94301),(11.95361,42.87031,0.95772),(11.94369,42.87794,0.96963),(11.93205,42.88764,0.97792),(12.23331,43.19294,1.01346),(12.22366,43.19731,1.02706),(12.21186,43.20417,1.03761),(12.19872,43.21306,1.04436),(12.18513,43.22336,1.04686),(12.17202,43.23437,1.04495),(12.16028,43.24535,1.03875),(12.15071,43.25555,1.02868),(12.14396,43.26427,1.01544),(12.1405,43.27091,0.99992),(12.14055,43.27503,0.98318),(12.14412,43.27634,0.96636),(12.15096,43.27475,0.95061),(12.16061,43.27038,0.937),(12.17241,43.26352,0.92646),(12.18555,43.25463,0.9197),(12.19914,43.24433,0.9172),(12.21225,43.23332,0.91911),(12.22399,43.22234,0.92531),(12.23356,43.21214,0.93538),(12.24031,43.20342,0.94862),(12.24377,43.19678,0.96414),(12.24372,43.19266,0.98089),(12.24015,43.19135,0.9977),(12.48721,43.51336,1.09363),(12.47977,43.5145,1.10913),(12.46956,43.51842,1.12244),(12.45726,43.52484,1.13265),(12.44372,43.53335,1.13907),(12.42986,43.54335,1.14126),(12.41662,43.55416,1.13907),(12.40492,43.56505,1.13265),(12.39553,43.57527,1.12244),(12.38911,43.58413,1.10913),(12.3861,43.59103,1.09363),(12.38669,43.59549,1.077),(12.39084,43.59721,1.06037),(12.39829,43.59607,1.04487),(12.4085,43.59216,1.03156),(12.4208,43.58573,1.02135),(12.43434,43.57723,1.01493),(12.4482,43.56723,1.01274),(12.46144,43.55642,1.01493),(12.47314,43.54553,1.02135),(12.48253,43.5353,1.03156),(12.48894,43.52644,1.04487),(12.49196,43.51954,1.06037),(12.49137,43.51508,1.077)),$);
#147= IFCTRIANGULATEDFACESET(#146,$,$,((1,2,3),(3,2,4),(3,4,5),(2,1,6),(6,1,7),(6,7,8),(8,7,9),(8,9,10),(10,9,11),(10,11,12),(12,11,13),(12,13,14),(14,13,15),(14,15,16),(16,15,17),(16,17,18),(18,17,19),(18,19,20),(20,19,21),(20,21,22),(22,21,23),(22,23,24),(24,23,25),(24,25,26),(26,25,27),(26,27,28),(28,27,29),(28,29,30),(30,29,31),(30,31,32),(32,31,33),(32,33,34),(34,33,35),(34,35,36),(36,35,37),(36,37,38),(38,37,39),(38,39,40),(40,39,41),(40,41,42),(42,41,43),(42,43,44),(44,43,45),(44,45,46),(46,45,47),(46,47,48),(48,47,49),(48,49,5),(5,49,3),(28,50,26),(26,50,51),(26,51,24),(24,51,52),(24,52,22),(22,52,53),(22,53,20),(20,53,54),(20,54,18),(18,54,55),(18,55,16),(16,55,56),(16,56,14),(14,56,57),(14,57,58),(50,28,59),(59,28,30),(59,30,60),(60,30,32),(60,32,61),(61,32,34),(61,34,62),(62,34,36),(62,36,63),(63,36,38),(63,38,40),(63,40,64),(64,40,42),(64,42,65),(65,42,44),(65,44,66),(66,44,46),(66,46,67),(67,46,48),(67,48,68),(68,48,5),(68,5,69),(69,5,4),(69,4,70),(70,4,2),(70,2,71),(71,2,6),(71,6,72),(72,6,8),(72,8,73),(73,8,10),(73,10,74),(74,10,12),(74,12,58),(58,12,14),(50,75,51),(51,75,76),(51,76,52),(52,76,77),(52,77,53),(53,77,78),(53,78,54),(54,78,79),(54,79,55),(55,79,80),(55,80,56),(56,80,81),(56,81,57),(57,81,58),(58,81,82),(58,82,74),(74,82,83),(74,83,73),(73,83,84),(73,84,72),(72,84,85),(72,85,71),(71,85,86),(71,86,70),(70,86,87),(70,87,69),(69,87,88),(69,88,68),(68,88,89),(68,89,67),(67,89,90),(67,90,66),(66,90,91),(66,91,65),(65,91,92),(65,92,64),(64,92,93),(64,93,63),(63,93,94),(63,94,95),(75,50,96),(96,50,59),(96,59,97),(97,59,60),(97,60,98),(98,60,61),(98,61,99),(99,61,62),(99,62,95),(95,62,63),(96,100,75),(75,100,101),(75,101,76),(76,101,102),(76,102,77),(77,102,103),(77,103,78),(78,103,104),(78,104,79),(79,104,105),(79,105,80),(80,105,106),(80,106,81),(81,106,107),(81,107,82),(82,107,108),(82,108,83),(83,108,109),(83,109,84),(84,109,110),(84,110,85),(85,110,111),(85,111,86),(86,111,112),(86,112,87),(87,112,88),(88,112,113),(88,113,89),(89,113,114),(89,114,90),(90,114,115),(90,115,91),(91,115,116),(91,116,92),(92,116,117),(92,117,93),(93,117,118),(93,118,94),(94,118,119),(94,119,95),(95,119,120),(95,120,99),(99,120,121),(99,121,98),(98,121,122),(98,122,97),(97,122,123),(97,123,96),(96,123,100),(111,124,112),(112,124,125),(112,125,126),(124,111,127),(127,111,110),(127,110,128),(128,110,109),(128,109,129),(129,109,108),(129,108,130),(130,108,107),(130,107,131),(131,107,106),(131,106,132),(132,106,105),(132,105,133),(133,105,104),(133,104,134),(134,104,103),(134,103,135),(135,103,102),(135,102,136),(136,102,101),(136,101,137),(137,101,100),(137,100,138),(138,100,123),(138,123,139),(139,123,122),(139,122,140),(140,122,121),(140,121,141),(141,121,120),(141,120,142),(142,120,119),(142,119,143),(143,119,118),(143,118,144),(144,118,117),(144,117,145),(145,117,116),(145,116,146),(146,116,115),(146,115,147),(147,115,114),(147,114,148),(148,114,113),(148,113,126),(126,113,112),(138,149,137),(137,149,150),(137,150,136),(136,150,151),(136,151,135),(135,151,152),(135,152,134),(134,152,153),(134,153,133),(133,153,154),(133,154,132),(132,154,155),(132,155,131),(131,155,156),(131,156,157),(149,138,158),(158,138,139),(158,139,159),(159,139,140),(159,140,160),(160,140,141),(160,141,161),(161,141,142),(161,142,162),(162,142,143),(162,143,144),(162,144,163),(163,144,145),(163,145,164),(164,145,146),(164,146,165),(165,146,147),(165,147,166),(166,147,148),(166,148,167),(167,148,126),(167,126,168),(168,126,125),(168,125,169),(169,125,124),(169,124,170),(170,124,127),(170,127,171),(171,127,128),(171,128,172),(172,128,129),(172,129,173),(173,129,130),(173,130,157),(157,130,131),(149,174,150),(150,174,175),(150,175,151),(151,175,176),(151,176,152),(152,176,177),(152,177,153),(153,177,178),(153,178,154),(154,178,179),(154,179,155),(155,179,180),(155,180,156),(156,180,157),(157,180,181),(157,181,173),(173,181,182),(173,182,172),(172,182,183),(172,183,171),(171,183,184),(171,184,170),(170,184,185),(170,185,169),(169,185,186),(169,186,168),(168,186,187),(168,187,167),(167,187,188),(167,188,166),(166,188,189),(166,189,165),(165,189,190),(165,190,164),(164,190,191),(164,191,163),(163,191,192),(163,192,162),(162,192,193),(162,193,194),(174,149,195),(195,149,158),(195,158,196),(196,158,159),(196,159,197),(197,159,160),(197,160,198),(198,160,161),(198,161,194),(194,161,162),(195,199,174),(174,199,200),(174,200,175),(175,200,201),(175,201,176),(176,201,202),(176,202,177),(177,202,203),(177,203,178),(178,203,204),(178,204,179),(179,204,205),(179,205,180),(180,205,206),(180,206,207),(199,195,208),(208,195,196),(208,196,209),(209,196,197),(209,197,210),(210,197,198),(210,198,211),(211,198,194),(211,194,212),(212,194,193),(212,193,192),(212,192,213),(213,192,191),(213,191,214),(214,191,190),(214,190,215),(215,190,189),(215,189,216),(216,189,188),(216,188,217),(217,188,187),(217,187,218),(218,187,186),(218,186,219),(219,186,185),(219,185,220),(220,185,184),(220,184,221),(221,184,183),(221,183,222),(222,183,182),(222,182,223),(223,182,181),(223,181,207),(207,181,180),(199,224,200),(200,224,225),(200,225,201),(201,225,226),(201,226,202),(202,226,227),(202,227,203),(203,227,228),(203,228,204),(204,228,229),(204,229,205),(205,229,230),(205,230,206),(206,230,231),(206,231,232),(224,199,233),(233,199,208),(233,208,234),(234,208,209),(234,209,235),(235,209,210),(235,210,236),(236,210,211),(236,211,237),(237,211,212),(237,212,213),(237,213,238),(238,213,214),(238,214,239),(239,214,215),(239,215,240),(240,215,216),(240,216,241),(241,216,217),(241,217,242),(242,217,218),(242,218,243),(243,218,219),(243,219,244),(244,219,220),(244,220,245),(245,220,221),(245,221,246),(246,221,222),(246,222,247),(247,222,223),(247,223,248),(248,223,207),(248,207,232),(232,207,206),(224,249,225),(225,249,250),(225,250,226),(226,250,251),(226,251,227),(227,251,252),(227,252,228),(228,252,253),(228,253,229),(229,253,254),(229,254,230),(230,254,255),(230,255,231),(231,255,232),(232,255,256),(232,256,248),(248,256,257),(248,257,247),(247,257,258),(247,258,246),(246,258,259),(246,259,245),(245,259,260),(245,260,244),(244,260,261),(244,261,243),(243,261,262),(243,262,242),(242,262,263),(242,263,241),(241,263,264),(241,264,240),(240,264,265),(240,265,239),(239,265,266),(239,266,238),(238,266,267),(238,267,237),(237,267,268),(237,268,269),(249,224,270),(270,224,233),(270,233,271),(271,233,234),(271,234,272),(272,234,235),(272,235,273),(273,235,236),(273,236,269),(269,236,237),(270,274,249),(249,274,275),(249,275,250),(250,275,276),(250,276,251),(251,276,277),(251,277,252),(252,277,278),(252,278,253),(253,278,279),(253,279,254),(254,279,280),(254,280,255),(255,280,281),(255,281,282),(274,270,283),(283,270,271),(283,271,284),(284,271,272),(284,272,285),(285,272,273),(285,273,286),(286,273,269),(286,269,287),(287,269,268),(287,268,267),(287,267,288),(288,267,266),(288,266,289),(289,266,265),(289,265,290),(290,265,264),(290,264,291),(291,264,263),(291,263,292),(292,263,262),(292,262,293),(293,262,261),(293,261,294),(294,261,260),(294,260,295),(295,260,259),(295,259,296),(296,259,258),(296,258,297),(297,258,257),(297,257,298),(298,257,256),(298,256,282),(282,256,255),(274,299,275),(275,299,300),(275,300,276),(276,300,301),(276,301,277),(277,301,302),(277,302,278),(278,302,303),(278,303,279),(279,303,304),(279,304,280),(280,304,305),(280,305,281),(281,305,306),(281,306,282),(282,306,307),(282,307,298),(298,307,308),(298,308,297),(297,308,309),(297,309,296),(296,309,310),(296,310,295),(295,310,311),(295,311,294),(294,311,293),(293,311,312),(293,312,292),(292,312,313),(292,313,291),(291,313,314),(291,314,290),(290,314,315),(290,315,289),(289,315,316),(289,316,288),(288,316,317),(288,317,287),(287,317,318),(287,318,286),(286,318,319),(286,319,285),(285,319,320),(285,320,284),(284,320,321),(284,321,283),(283,321,322),(283,322,274),(274,322,299),(310,323,311),(311,323,324),(311,324,325),(323,310,326),(326,310,309),(326,309,327),(327,309,308),(327,308,328),(328,308,307),(328,307,329),(329,307,306),(329,306,330),(330,306,305),(330,305,331),(331,305,304),(331,304,332),(332,304,303),(332,303,333),(333,303,302),(333,302,334),(334,302,301),(334,301,335),(335,301,300),(335,300,336),(336,300,299),(336,299,337),(337,299,322),(337,322,338),(338,322,321),(338,321,339),(339,321,320),(339,320,340),(340,320,319),(340,319,341),(341,319,318),(341,318,342),(342,318,317),(342,317,343),(343,317,316),(343,316,344),(344,316,315),(344,315,345),(345,315,314),(345,314,346),(346,314,313),(346,313,347),(347,313,312),(347,312,325),(325,312,311),(337,348,336),(336,348,349),(336,349,335),(335,349,350),(335,350,334),(334,350,351),(334,351,333),(333,351,352),(333,352,332),(332,352,353),(332,353,331),(331,353,354),(331,354,330),(330,354,329),(329,354,355),(329,355,328),(328,355,356),(328,356,327),(327,356,357),(327,357,326),(326,357,358),(326,358,323),(323,358,359),(323,359,324),(324,359,360),(324,360,325),(325,360,361),(325,361,347),(347,361,362),(347,362,346),(346,362,363),(346,363,345),(345,363,364),(345,364,344),(344,364,365),(344,365,343),(343,365,366),(343,366,342),(342,366,367),(342,367,368),(348,337,369),(369,337,338),(369,338,370),(370,338,339),(370,339,371),(371,339,340),(371,340,372),(372,340,341),(372,341,368),(368,341,342),(369,373,348),(348,373,374),(348,374,349),(349,374,375),(349,375,350),(350,375,376),(350,376,351),(351,376,377),(351,377,352),(352,377,378),(352,378,353),(353,378,379),(353,379,354),(354,379,380),(354,380,381),(373,369,382),(382,369,370),(382,370,383),(383,370,371),(383,371,384),(384,371,372),(384,372,385),(385,372,368),(385,368,386),(386,368,367),(386,367,366),(386,366,387),(387,366,365),(387,365,388),(388,365,364),(388,364,389),(389,364,363),(389,363,390),(390,363,362),(390,362,391),(391,362,361),(391,361,392),(392,361,360),(392,360,393),(393,360,359),(393,359,394),(394,359,358),(394,358,395),(395,358,357),(395,357,396),(396,357,356),(396,356,397),(397,356,355),(397,355,381),(381,355,354),(373,398,374),(374,398,399),(374,399,375),(375,399,400),(375,400,376),(376,400,401),(376,401,377),(377,401,402),(377,402,378),(378,402,403),(378,403,379),(379,403,404),(379,404,380),(380,404,405),(380,405,406),(398,373,407),(407,373,382),(407,382,408),(408,382,383),(408,383,409),(409,383,384),(409,384,410),(410,384,385),(410,385,411),(411,385,386),(411,386,387),(411,387,412),(412,387,388),(412,388,413),(413,388,389),(413,389,414),(414,389,390),(414,390,415),(415,390,391),(415,391,416),(416,391,392),(416,392,417),(417,392,393),(417,393,418),(418,393,394),(418,394,419),(419,394,395),(419,395,420),(420,395,396),(420,396,421),(421,396,397),(421,397,422),(422,397,381),(422,381,406),(406,381,380),(398,423,399),(399,423,424),(399,424,400),(400,424,425),(400,425,401),(401,425,426),(401,426,402),(402,426,427),(402,427,403),(403,427,428),(403,428,404),(404,428,429),(404,429,405),(405,429,406),(406,429,430),(406,430,422),(422,430,431),(422,431,421),(421,431,432),(421,432,420),(420,432,433),(420,433,419),(419,433,434),(419,434,418),(418,434,435),(418,435,417),(417,435,436),(417,436,416),(416,436,437),(416,437,415),(415,437,438),(415,438,414),(414,438,439),(414,439,413),(413,439,440),(413,440,412),(412,440,441),(412,441,411),(411,441,442),(411,442,443),(423,398,444),(444,398,407),(444,407,445),(445,407,408),(445,408,446),(446,408,409),(446,409,447),(447,409,410),(447,410,443),(443,410,411),(444,448,423),(423,448,449),(423,449,424),(424,449,450),(424,450,425),(425,450,451),(425,451,426),(426,451,452),(426,452,427),(427,452,453),(427,453,428),(428,453,454),(428,454,429),(429,454,455),(429,455,456),(448,444,457),(457,444,445),(457,445,458),(458,445,446),(458,446,459),(459,446,447),(459,447,460),(460,447,443),(460,443,461),(461,443,442),(461,442,441),(461,441,462),(462,441,440),(462,440,463),(463,440,439),(463,439,464),(464,439,438),(464,438,465),(465,438,437),(465,437,466),(466,437,436),(466,436,467),(467,436,435),(467,435,468),(468,435,434),(468,434,469),(469,434,433),(469,433,470),(470,433,432),(470,432,471),(471,432,431),(471,431,472),(472,431,430),(472,430,456),(456,430,429),(448,473,449),(449,473,474),(449,474,450),(450,474,475),(450,475,451),(451,475,476),(451,476,452),(452,476,477),(452,477,453),(453,477,478),(453,478,454),(454,478,479),(454,479,455),(455,479,456),(456,479,480),(456,480,472),(472,480,481),(472,481,471),(471,481,482),(471,482,470),(470,482,483),(470,483,469),(469,483,484),(469,484,468),(468,484,485),(468,485,467),(467,485,486),(467,486,466),(466,486,487),(466,487,465),(465,487,488),(465,488,464),(464,488,489),(464,489,463),(463,489,490),(463,490,462),(462,490,491),(462,491,461),(461,491,492),(461,492,493),(473,448,494),(494,448,457),(494,457,495),(495,457,458),(495,458,496),(496,458,459),(496,459,497),(497,459,460),(497,460,493),(493,460,461),(494,498,473),(473,498,499),(473,499,474),(474,499,500),(474,500,475),(475,500,501),(475,501,476),(476,501,502),(476,502,477),(477,502,503),(477,503,478),(478,503,504),(478,504,479),(479,504,480),(480,504,505),(480,505,481),(481,505,506),(481,506,482),(482,506,507),(482,507,483),(483,507,508),(483,508,484),(484,508,509),(484,509,485),(485,509,510),(485,510,486),(486,510,511),(486,511,487),(487,511,512),(487,512,488),(488,512,513),(488,513,489),(489,513,514),(489,514,490),(490,514,515),(490,515,491),(491,515,516),(491,516,492),(492,516,517),(492,517,518),(498,494,519),(519,494,495),(519,495,520),(520,495,496),(520,496,521),(521,496,497),(521,497,522),(522,497,493),(522,493,518),(518,493,492),(519,523,498),(498,523,524),(498,524,499),(499,524,525),(499,525,500),(500,525,526),(500,526,501),(501,526,527),(501,527,502),(502,527,528),(502,528,503),(503,528,529),(503,529,504),(504,529,530),(504,530,531),(523,519,532),(532,519,520),(532,520,533),(533,520,521),(533,521,534),(534,521,522),(534,522,535),(535,522,518),(535,518,536),(536,518,517),(536,517,516),(536,516,537),(537,516,515),(537,515,538),(538,515,514),(538,514,539),(539,514,513),(539,513,540),(540,513,512),(540,512,541),(541,512,511),(541,511,542),(542,511,510),(542,510,543),(543,510,509),(543,509,544),(544,509,508),(544,508,545),(545,508,507),(545,507,546),(546,507,506),(546,506,547),(547,506,505),(547,505,531),(531,505,504),(523,548,524),(524,548,549),(524,549,525),(525,549,550),(525,550,526),(526,550,551),(526,551,527),(527,551,552),(527,552,528),(528,552,553),(528,553,529),(529,553,554),(529,554,530),(530,554,531),(531,554,555),(531,555,547),(547,555,556),(547,556,546),(546,556,557),(546,557,545),(545,557,558),(545,558,544),(544,558,559),(544,559,543),(543,559,560),(543,560,542),(542,560,561),(542,561,541),(541,561,562),(541,562,540),(540,562,563),(540,563,539),(539,563,564),(539,564,538),(538,564,565),(538,565,537),(537,565,566),(537,566,536),(536,566,567),(536,567,568),(548,523,569),(569,523,532),(569,532,570),(570,532,533),(570,533,571),(571,533,534),(571,534,572),(572,534,535),(572,535,568),(568,535,536),(569,573,548),(548,573,574),(548,574,549),(549,574,575),(549,575,550),(550,575,576),(550,576,551),(551,576,577),(551,577,552),(552,577,578),(552,578,553),(553,578,579),(553,579,554),(554,579,580),(554,580,555),(555,580,581),(555,581,556),(556,581,582),(556,582,557),(557,582,583),(557,583,558),(558,583,584),(558,584,559),(559,584,585),(559,585,560),(560,585,561),(561,585,586),(561,586,562),(562,586,587),(562,587,563),(563,587,588),(563,588,564),(564,588,589),(564,589,565),(565,589,590),(565,590,566),(566,590,591),(566,591,567),(567,591,592),(567,592,568),(568,592,593),(568,593,572),(572,593,594),(572,594,571),(571,594,595),(571,595,570),(570,595,596),(570,596,569),(569,596,573),(584,597,585),(585,597,598),(585,598,586),(586,598,599),(586,599,587),(587,599,600),(587,600,588),(588,600,601),(588,601,589),(589,601,602),(589,602,590),(590,602,603),(590,603,591),(591,603,592),(592,603,604),(592,604,593),(593,604,605),(593,605,594),(594,605,606),(594,606,595),(595,606,607),(595,607,596),(596,607,608),(596,608,573),(573,608,609),(573,609,574),(574,609,610),(574,610,575),(575,610,611),(575,611,576),(576,611,612),(576,612,577),(577,612,613),(577,613,578),(578,613,614),(578,614,579),(579,614,615),(579,615,616),(597,584,617),(617,584,583),(617,583,618),(618,583,582),(618,582,619),(619,582,581),(619,581,620),(620,581,580),(620,580,616),(616,580,579),(617,621,597),(597,621,622),(597,622,598),(598,622,623),(598,623,599),(599,623,624),(599,624,600),(600,624,625),(600,625,601),(601,625,626),(601,626,602),(602,626,627),(602,627,603),(603,627,628),(603,628,629),(621,617,630),(630,617,618),(630,618,631),(631,618,619),(631,619,632),(632,619,620),(632,620,633),(633,620,616),(633,616,634),(634,616,615),(634,615,614),(634,614,635),(635,614,613),(635,613,636),(636,613,612),(636,612,637),(637,612,611),(637,611,638),(638,611,610),(638,610,639),(639,610,609),(639,609,640),(640,609,608),(640,608,641),(641,608,607),(641,607,642),(642,607,606),(642,606,643),(643,606,605),(643,605,644),(644,605,604),(644,604,629),(629,604,603),(621,645,622),(622,645,646),(622,646,623),(623,646,647),(623,647,624),(624,647,648),(624,648,625),(625,648,649),(625,649,626),(626,649,650),(626,650,627),(627,650,651),(627,651,628),(628,651,629),(629,651,652),(629,652,644),(644,652,653),(644,653,643),(643,653,654),(643,654,642),(642,654,655),(642,655,641),(641,655,656),(641,656,640),(640,656,657),(640,657,639),(639,657,658),(639,658,638),(638,658,659),(638,659,637),(637,659,660),(637,660,636),(636,660,661),(636,661,635),(635,661,662),(635,662,634),(634,662,663),(634,663,664),(645,621,665),(665,621,630),(665,630,666),(666,630,631),(666,631,667),(667,631,632),(667,632,668),(668,632,633),(668,633,664),(664,633,634),(665,669,645),(645,669,670),(645,670,646),(646,670,671),(646,671,647),(647,671,672),(647,672,648),(648,672,673),(648,673,649),(649,673,674),(649,674,650),(650,674,675),(650,675,651),(651,675,676),(651,676,677),(669,665,678),(678,665,666),(678,666,679),(679,666,667),(679,667,680),(680,667,668),(680,668,681),(681,668,664),(681,664,682),(682,664,663),(682,663,662),(682,662,683),(683,662,661),(683,661,684),(684,661,660),(684,660,685),(685,660,659),(685,659,686),(686,659,658),(686,658,687),(687,658,657),(687,657,688),(688,657,656),(688,656,689),(689,656,655),(689,655,690),(690,655,654),(690,654,691),(691,654,653),(691,653,692),(692,653,652),(692,652,677),(677,652,651),(669,693,670),(670,693,694),(670,694,695),(693,669,696),(696,669,678),(696,678,697),(697,678,679),(697,679,698),(698,679,680),(698,680,699),(699,680,681),(699,681,700),(700,681,682),(700,682,701),(701,682,683),(701,683,702),(702,683,684),(702,684,703),(703,684,685),(703,685,704),(704,685,686),(704,686,705),(705,686,687),(705,687,706),(706,687,688),(706,688,707),(707,688,689),(707,689,708),(708,689,690),(708,690,709),(709,690,691),(709,691,710),(710,691,692),(710,692,711),(711,692,677),(711,677,712),(712,677,676),(712,676,713),(713,676,675),(713,675,714),(714,675,674),(714,674,715),(715,674,673),(715,673,716),(716,673,672),(716,672,717),(717,672,671),(717,671,695),(695,671,670),(707,718,706),(706,718,719),(706,719,705),(705,719,720),(705,720,704),(704,720,721),(704,721,703),(703,721,722),(703,722,702),(702,722,723),(702,723,701),(701,723,724),(701,724,700),(700,724,725),(700,725,699),(699,725,726),(699,726,698),(698,726,727),(698,727,697),(697,727,728),(697,728,696),(696,728,729),(696,729,693),(693,729,730),(693,730,694),(694,730,695),(695,730,731),(695,731,717),(717,731,732),(717,732,716),(716,732,733),(716,733,715),(715,733,734),(715,734,714),(714,734,735),(714,735,713),(713,735,736),(713,736,712),(712,736,737),(712,737,711),(711,737,738),(711,738,710),(710,738,739),(710,739,709),(709,739,740),(709,740,708),(708,740,741),(708,741,707),(707,741,718),(729,742,730),(730,742,743),(730,743,731),(731,743,744),(731,744,732),(732,744,745),(732,745,733),(733,745,746),(733,746,734),(734,746,747),(734,747,735),(735,747,748),(735,748,736),(736,748,737),(737,748,749),(737,749,738),(738,749,750),(738,750,739),(739,750,751),(739,751,740),(740,751,752),(740,752,741),(741,752,753),(741,753,718),(718,753,754),(718,754,719),(719,754,755),(719,755,720),(720,755,756),(720,756,721),(721,756,757),(721,757,722),(722,757,758),(722,758,723),(723,758,759),(723,759,724),(724,759,760),(724,760,761),(742,729,762),(762,729,728),(762,728,763),(763,728,727),(763,727,764),(764,727,726),(764,726,765),(765,726,725),(765,725,761),(761,725,724),(762,766,742),(742,766,767),(742,767,743),(743,767,768),(743,768,744),(744,768,769),(744,769,745),(745,769,770),(745,770,746),(746,770,771),(746,771,747),(747,771,772),(747,772,748),(748,772,749),(749,772,773),(749,773,750),(750,773,774),(750,774,751),(751,774,775),(751,775,752),(752,775,776),(752,776,753),(753,776,777),(753,777,754),(754,777,778),(754,778,755),(755,778,779),(755,779,756),(756,779,780),(756,780,757),(757,780,781),(757,781,758),(758,781,782),(758,782,759),(759,782,783),(759,783,760),(760,783,784),(760,784,785),(766,762,786),(786,762,763),(786,763,787),(787,763,764),(787,764,788),(788,764,765),(788,765,789),(789,765,761),(789,761,785),(785,761,760),(786,790,766),(766,790,791),(766,791,792),(790,786,793),(793,786,787),(793,787,794),(794,787,788),(794,788,795),(795,788,789),(795,789,796),(796,789,785),(796,785,797),(797,785,784),(797,784,798),(798,784,783),(798,783,799),(799,783,782),(799,782,800),(800,782,781),(800,781,801),(801,781,780),(801,780,802),(802,780,779),(802,779,803),(803,779,778),(803,778,804),(804,778,777),(804,777,805),(805,777,776),(805,776,806),(806,776,775),(806,775,807),(807,775,774),(807,774,808),(808,774,773),(808,773,809),(809,773,772),(809,772,810),(810,772,771),(810,771,811),(811,771,770),(811,770,812),(812,770,769),(812,769,813),(813,769,768),(813,768,814),(814,768,767),(814,767,792),(792,767,766),(804,815,803),(803,815,816),(803,816,802),(802,816,817),(802,817,801),(801,817,818),(801,818,800),(800,818,819),(800,819,799),(799,819,820),(799,820,798),(798,820,821),(798,821,797),(797,821,822),(797,822,796),(796,822,823),(796,823,795),(795,823,824),(795,824,794),(794,824,825),(794,825,793),(793,825,826),(793,826,790),(790,826,827),(790,827,791),(791,827,792),(792,827,828),(792,828,814),(814,828,829),(814,829,813),(813,829,830),(813,830,812),(812,830,831),(812,831,811),(811,831,832),(811,832,810),(810,832,833),(810,833,809),(809,833,834),(809,834,808),(808,834,835),(808,835,807),(807,835,836),(807,836,806),(806,836,837),(806,837,805),(805,837,838),(805,838,804),(804,838,815),(826,839,827),(827,839,840),(827,840,828),(828,840,841),(828,841,829),(829,841,842),(829,842,830),(830,842,843),(830,843,831),(831,843,844),(831,844,832),(832,844,845),(832,845,833),(833,845,834),(834,845,846),(834,846,835),(835,846,847),(835,847,836),(836,847,848),(836,848,837),(837,848,849),(837,849,838),(838,849,850),(838,850,815),(815,850,851),(815,851,816),(816,851,852),(816,852,817),(817,852,853),(817,853,818),(818,853,854),(818,854,819),(819,854,855),(819,855,820),(820,855,856),(820,856,821),(821,856,857),(821,857,858),(839,826,859),(859,826,825),(859,825,860),(860,825,824),(860,824,861),(861,824,823),(861,823,862),(862,823,822),(862,822,858),(858,822,821),(859,863,839),(839,863,864),(839,864,840),(840,864,865),(840,865,841),(841,865,866),(841,866,842),(842,866,867),(842,867,843),(843,867,868),(843,868,844),(844,868,869),(844,869,845),(845,869,846),(846,869,870),(846,870,847),(847,870,871),(847,871,848),(848,871,872),(848,872,849),(849,872,873),(849,873,850),(850,873,874),(850,874,851),(851,874,875),(851,875,852),(852,875,876),(852,876,853),(853,876,877),(853,877,854),(854,877,878),(854,878,855),(855,878,879),(855,879,856),(856,879,880),(856,880,857),(857,880,881),(857,881,882),(863,859,883),(883,859,860),(883,860,884),(884,860,861),(884,861,885),(885,861,862),(885,862,886),(886,862,858),(886,858,882),(882,858,857),(883,887,863),(863,887,888),(863,888,864),(864,888,889),(864,889,865),(865,889,890),(865,890,866),(866,890,891),(866,891,867),(867,891,892),(867,892,868),(868,892,893),(868,893,869),(869,893,894),(869,894,895),(887,883,896),(896,883,884),(896,884,897),(897,884,885),(897,885,898),(898,885,886),(898,886,899),(899,886,882),(899,882,900),(900,882,881),(900,881,880),(900,880,901),(901,880,879),(901,879,902),(902,879,878),(902,878,903),(903,878,877),(903,877,904),(904,877,876),(904,876,905),(905,876,875),(905,875,906),(906,875,874),(906,874,907),(907,874,873),(907,873,908),(908,873,872),(908,872,909),(909,872,871),(909,871,910),(910,871,870),(910,870,895),(895,870,869),(887,911,888),(888,911,912),(888,912,913),(911,887,914),(914,887,896),(914,896,915),(915,896,897),(915,897,916),(916,897,898),(916,898,917),(917,898,899),(917,899,918),(918,899,900),(918,900,919),(919,900,901),(919,901,920),(920,901,902),(920,902,921),(921,902,903),(921,903,922),(922,903,904),(922,904,923),(923,904,905),(923,905,924),(924,905,906),(924,906,925),(925,906,907),(925,907,926),(926,907,908),(926,908,927),(927,908,909),(927,909,928),(928,909,910),(928,910,929),(929,910,895),(929,895,930),(930,895,894),(930,894,931),(931,894,893),(931,893,932),(932,893,892),(932,892,933),(933,892,891),(933,891,934),(934,891,890),(934,890,935),(935,890,889),(935,889,913),(913,889,888),(925,936,924),(924,936,937),(924,937,923),(923,937,938),(923,938,922),(922,938,939),(922,939,921),(921,939,940),(921,940,920),(920,940,941),(920,941,919),(919,941,942),(919,942,918),(918,942,943),(918,943,917),(917,943,944),(917,944,916),(916,944,945),(916,945,915),(915,945,946),(915,946,914),(914,946,947),(914,947,911),(911,947,948),(911,948,912),(912,948,913),(913,948,949),(913,949,935),(935,949,950),(935,950,934),(934,950,951),(934,951,933),(933,951,952),(933,952,932),(932,952,953),(932,953,931),(931,953,954),(931,954,930),(930,954,955),(930,955,929),(929,955,956),(929,956,928),(928,956,957),(928,957,927),(927,957,958),(927,958,926),(926,958,959),(926,959,925),(925,959,936),(947,960,948),(948,960,961),(948,961,949),(949,961,962),(949,962,950),(950,962,963),(950,963,951),(951,963,964),(951,964,952),(952,964,965),(952,965,953),(953,965,966),(953,966,954),(954,966,967),(954,967,955),(955,967,968),(955,968,956),(956,968,969),(956,969,957),(957,969,970),(957,970,958),(958,970,971),(958,971,959),(959,971,972),(959,972,936),(936,972,973),(936,973,937),(937,973,974),(937,974,938),(938,974,975),(938,975,939),(939,975,976),(939,976,940),(940,976,977),(940,977,941),(941,977,978),(941,978,942),(942,978,979),(942,979,943),(943,979,980),(943,980,944),(944,980,981),(944,981,945),(945,981,982),(945,982,946),(946,982,983),(946,983,947),(947,983,960),(965,984,966),(966,984,985),(966,985,967),(967,985,986),(967,986,968),(968,986,987),(968,987,969),(969,987,988),(969,988,970),(970,988,989),(970,989,971),(971,989,990),(971,990,972),(972,990,991),(972,991,973),(973,991,992),(973,992,974),(974,992,993),(974,993,975),(975,993,994),(975,994,976),(976,994,995),(976,995,977),(977,995,996),(977,996,978),(978,996,997),(978,997,979),(979,997,998),(979,998,980),(980,998,999),(980,999,981),(981,999,1000),(981,1000,982),(982,1000,1001),(982,1001,983),(983,1001,1002),(983,1002,960),(960,1002,1003),(960,1003,961),(961,1003,1004),(961,1004,962),(962,1004,1005),(962,1005,963),(963,1005,1006),(963,1006,964),(964,1006,1007),(964,1007,965),(965,1007,984),(1002,1008,1003),(1003,1008,1009),(1003,1009,1004),(1004,1009,1010),(1004,1010,1005),(1005,1010,1011),(1005,1011,1006),(1006,1011,1012),(1006,1012,1007),(1007,1012,1013),(1007,1013,984),(984,1013,1014),(984,1014,985),(985,1014,986),(986,1014,1015),(986,1015,987),(987,1015,1016),(987,1016,988),(988,1016,1017),(988,1017,989),(989,1017,1018),(989,1018,990),(990,1018,1019),(990,1019,991),(991,1019,1020),(991,1020,992),(992,1020,1021),(992,1021,993),(993,1021,1022),(993,1022,994),(994,1022,1023),(994,1023,995),(995,1023,1024),(995,1024,996),(996,1024,1025),(996,1025,997),(997,1025,1026),(997,1026,1027),(1008,1002,1028),(1028,1002,1001),(1028,1001,1029),(1029,1001,1000),(1029,1000,1030),(1030,1000,999),(1030,999,1031),(1031,999,998),(1031,998,1027),(1027,998,997),(1028,1032,1008),(1008,1032,1033),(1008,1033,1009),(1009,1033,1034),(1009,1034,1010),(1010,1034,1035),(1010,1035,1011),(1011,1035,1036),(1011,1036,1012),(1012,1036,1037),(1012,1037,1013),(1013,1037,1038),(1013,1038,1014),(1014,1038,1039),(1014,1039,1015),(1015,1039,1040),(1015,1040,1016),(1016,1040,1041),(1016,1041,1017),(1017,1041,1042),(1017,1042,1018),(1018,1042,1043),(1018,1043,1019),(1019,1043,1044),(1019,1044,1020),(1020,1044,1045),(1020,1045,1021),(1021,1045,1046),(1021,1046,1022),(1022,1046,1047),(1022,1047,1023),(1023,1047,1048),(1023,1048,1024),(1024,1048,1049),(1024,1049,1025),(1025,1049,1050),(1025,1050,1026),(1026,1050,1051),(1026,1051,1027),(1027,1051,1052),(1027,1052,1031),(1031,1052,1053),(1031,1053,1030),(1030,1053,1054),(1030,1054,1029),(1029,1054,1055),(1029,1055,1028),(1028,1055,1032),(1038,1056,1039),(1039,1056,1057),(1039,1057,1040),(1040,1057,1058),(1040,1058,1041),(1041,1058,1059),(1041,1059,1042),(1042,1059,1060),(1042,1060,1043),(1043,1060,1061),(1043,1061,1044),(1044,1061,1062),(1044,1062,1045),(1045,1062,1063),(1045,1063,1046),(1046,1063,1064),(1046,1064,1047),(1047,1064,1065),(1047,1065,1048),(1048,1065,1066),(1048,1066,1049),(1049,1066,1067),(1049,1067,1050),(1050,1067,1068),(1050,1068,1051),(1051,1068,1069),(1051,1069,1052),(1052,1069,1070),(1052,1070,1053),(1053,1070,1071),(1053,1071,1054),(1054,1071,1072),(1054,1072,1055),(1055,1072,1073),(1055,1073,1032),(1032,1073,1074),(1032,1074,1033),(1033,1074,1075),(1033,1075,1034),(1034,1075,1076),(1034,1076,1035),(1035,1076,1077),(1035,1077,1036),(1036,1077,1078),(1036,1078,1037),(1037,1078,1079),(1037,1079,1038),(1038,1079,1056),(1056,1080,1057),(1057,1080,1081),(1057,1081,1058),(1058,1081,1082),(1058,1082,1059),(1059,1082,1083),(1059,1083,1060),(1060,1083,1084),(1060,1084,1061),(1061,1084,1085),(1061,1085,1062),(1062,1085,1086),(1062,1086,1063),(1063,1086,1087),(1063,1087,1064),(1064,1087,1088),(1064,1088,1065),(1065,1088,1089),(1065,1089,1066),(1066,1089,1090),(1066,1090,1067),(1067,1090,1091),(1067,1091,1068),(1068,1091,1092),(1068,1092,1069),(1069,1092,1093),(1069,1093,1070),(1070,1093,1094),(1070,1094,1071),(1071,1094,1095),(1071,1095,1072),(1072,1095,1096),(1072,1096,1073),(1073,1096,1097),(1073,1097,1074),(1074,1097,1098),(1074,1098,1075),(1075,1098,1099),(1075,1099,1076),(1076,1099,1100),(1076,1100,1077),(1077,1100,1101),(1077,1101,1078),(1078,1101,1102),(1078,1102,1079),(1079,1102,1103),(1079,1103,1056),(1056,1103,1080),(1096,1104,1097),(1097,1104,1105),(1097,1105,1098),(1098,1105,1106),(1098,1106,1099),(1099,1106,1107),(1099,1107,1100),(1100,1107,1108),(1100,1108,1101),(1101,1108,1109),(1101,1109,1102),(1102,1109,1110),(1102,1110,1103),(1103,1110,1111),(1103,1111,1080),(1080,1111,1112),(1080,1112,1081),(1081,1112,1113),(1081,1113,1082),(1082,1113,1114),(1082,1114,1083),(1083,1114,1115),(1083,1115,1084),(1084,1115,1116),(1084,1116,1085),(1085,1116,1117),(1085,1117,1086),(1086,1117,1118),(1086,1118,1087),(1087,1118,1119),(1087,1119,1088),(1088,1119,1120),(1088,1120,1089),(1089,1120,1121),(1089,1121,1090),(1090,1121,1122),(1090,1122,1091),(1091,1122,1123),(1091,1123,1092),(1092,1123,1124),(1092,1124,1093),(1093,1124,1125),(1093,1125,1094),(1094,1125,1126),(1094,1126,1095),(1095,1126,1127),(1095,1127,1096),(1096,1127,1104),(1110,1128,1111),(1111,1128,1129),(1111,1129,1112),(1112,1129,1130),(1112,1130,1113),(1113,1130,1131),(1113,1131,1114),(1114,1131,1132),(1114,1132,1115),(1115,1132,1133),(1115,1133,1116),(1116,1133,1134),(1116,1134,1135),(1128,1110,1136),(1136,1110,1109),(1136,1109,1137),(1137,1109,1108),(1137,1108,1138),(1138,1108,1107),(1138,1107,1139),(1139,1107,1106),(1139,1106,1140),(1140,1106,1105),(1140,1105,1141),(1141,1105,1104),(1141,1104,1142),(1142,1104,1127),(1142,1127,1143),(1143,1127,1126),(1143,1126,1144),(1144,1126,1125),(1144,1125,1145),(1145,1125,1124),(1145,1124,1146),(1146,1124,1123),(1146,1123,1147),(1147,1123,1122),(1147,1122,1148),(1148,1122,1121),(1148,1121,1149),(1149,1121,1120),(1149,1120,1150),(1150,1120,1119),(1150,1119,1151),(1151,1119,1118),(1151,1118,1152),(1152,1118,1117),(1152,1117,1135),(1135,1117,1116),(1134,1153,1135),(1135,1153,1154),(1135,1154,1152),(1152,1154,1155),(1152,1155,1151),(1151,1155,1156),(1151,1156,1150),(1150,1156,1157),(1150,1157,1149),(1149,1157,1158),(1149,1158,1148),(1148,1158,1147),(1147,1158,1159),(1147,1159,1146),(1146,1159,1160),(1146,1160,1145),(1145,1160,1161),(1145,1161,1144),(1144,1161,1162),(1144,1162,1143),(1143,1162,1163),(1143,1163,1142),(1142,1163,1164),(1142,1164,1141),(1141,1164,1165),(1141,1165,1140),(1140,1165,1166),(1140,1166,1139),(1139,1166,1167),(1139,1167,1138),(1138,1167,1168),(1138,1168,1137),(1137,1168,1169),(1137,1169,1136),(1136,1169,1170),(1136,1170,1128),(1128,1170,1171),(1128,1171,1129),(1129,1171,1172),(1129,1172,1130),(1130,1172,1173),(1130,1173,1131),(1131,1173,1174),(1131,1174,1132),(1132,1174,1175),(1132,1175,1133),(1133,1175,1176),(1133,1176,1134),(1134,1176,1153),(1170,1177,1171),(1171,1177,1178),(1171,1178,1172),(1172,1178,1179),(1172,1179,1173),(1173,1179,1180),(1173,1180,1174),(1174,1180,1181),(1174,1181,1175),(1175,1181,1182),(1175,1182,1176),(1176,1182,1183),(1176,1183,1153),(1153,1183,1184),(1153,1184,1154),(1154,1184,1185),(1154,1185,1155),(1155,1185,1186),(1155,1186,1156),(1156,1186,1187),(1156,1187,1157),(1157,1187,1188),(1157,1188,1158),(1158,1188,1189),(1158,1189,1159),(1159,1189,1190),(1159,1190,1160),(1160,1190,1191),(1160,1191,1161),(1161,1191,1192),(1161,1192,1162),(1162,1192,1193),(1162,1193,1163),(1163,1193,1194),(1163,1194,1164),(1164,1194,1195),(1164,1195,1165),(1165,1195,1196),(1165,1196,1166),(1166,1196,1197),(1166,1197,1167),(1167,1197,1198),(1167,1198,1168),(1168,1198,1199),(1168,1199,1169),(1169,1199,1200),(1169,1200,1170),(1170,1200,1177),(1177,1201,1178),(1178,1201,1202),(1178,1202,1179),(1179,1202,1203),(1179,1203,1180),(1180,1203,1204),(1180,1204,1181),(1181,1204,1205),(1181,1205,1182),(1182,1205,1206),(1182,1206,1183),(1183,1206,1207),(1183,1207,1208),(1201,1177,1209),(1209,1177,1200),(1209,1200,1210),(1210,1200,1199),(1210,1199,1211),(1211,1199,1198),(1211,1198,1212),(1212,1198,1197),(1212,1197,1213),(1213,1197,1196),(1213,1196,1214),(1214,1196,1195),(1214,1195,1215),(1215,1195,1194),(1215,1194,1216),(1216,1194,1193),(1216,1193,1217),(1217,1193,1192),(1217,1192,1218),(1218,1192,1191),(1218,1191,1219),(1219,1191,1190),(1219,1190,1220),(1220,1190,1189),(1220,1189,1221),(1221,1189,1188),(1221,1188,1222),(1222,1188,1187),(1222,1187,1223),(1223,1187,1186),(1223,1186,1224),(1224,1186,1185),(1224,1185,1225),(1225,1185,1184),(1225,1184,1208),(1208,1184,1183),(1207,1226,1208),(1208,1226,1227),(1208,1227,1225),(1225,1227,1228),(1225,1228,1224),(1224,1228,1229),(1224,1229,1223),(1223,1229,1230),(1223,1230,1222),(1222,1230,1231),(1222,1231,1221),(1221,1231,1232),(1221,1232,1220),(1220,1232,1233),(1220,1233,1219),(1219,1233,1234),(1219,1234,1218),(1218,1234,1235),(1218,1235,1217),(1217,1235,1236),(1217,1236,1216),(1216,1236,1237),(1216,1237,1215),(1215,1237,1238),(1215,1238,1214),(1214,1238,1213),(1213,1238,1239),(1213,1239,1212),(1212,1239,1240),(1212,1240,1211),(1211,1240,1241),(1211,1241,1210),(1210,1241,1242),(1210,1242,1209),(1209,1242,1243),(1209,1243,1201),(1201,1243,1244),(1201,1244,1202),(1202,1244,1245),(1202,1245,1203),(1203,1245,1246),(1203,1246,1204),(1204,1246,1247),(1204,1247,1205),(1205,1247,1248),(1205,1248,1206),(1206,1248,1249),(1206,1249,1207),(1207,1249,1226),(1243,1250,1244),(1244,1250,1251),(1244,1251,1245),(1245,1251,1252),(1245,1252,1246),(1246,1252,1253),(1246,1253,1247),(1247,1253,1254),(1247,1254,1248),(1248,1254,1255),(1248,1255,1249),(1249,1255,1256),(1249,1256,1226),(1226,1256,1257),(1226,1257,1227),(1227,1257,1258),(1227,1258,1228),(1228,1258,1259),(1228,1259,1229),(1229,1259,1260),(1229,1260,1230),(1230,1260,1261),(1230,1261,1231),(1231,1261,1262),(1231,1262,1232),(1232,1262,1263),(1232,1263,1233),(1233,1263,1264),(1233,1264,1234),(1234,1264,1265),(1234,1265,1235),(1235,1265,1266),(1235,1266,1236),(1236,1266,1267),(1236,1267,1237),(1237,1267,1268),(1237,1268,1238),(1238,1268,1269),(1238,1269,1270),(1250,1243,1271),(1271,1243,1242),(1271,1242,1272),(1272,1242,1241),(1272,1241,1273),(1273,1241,1240),(1273,1240,1274),(1274,1240,1239),(1274,1239,1270),(1270,1239,1238),(1256,1275,1257),(1257,1275,1276),(1257,1276,1258),(1258,1276,1277),(1258,1277,1259),(1259,1277,1278),(1259,1278,1260),(1260,1278,1279),(1260,1279,1261),(1261,1279,1280),(1261,1280,1262),(1262,1280,1281),(1262,1281,1263),(1263,1281,1282),(1263,1282,1264),(1264,1282,1283),(1264,1283,1265),(1265,1283,1284),(1265,1284,1266),(1266,1284,1285),(1266,1285,1267),(1267,1285,1286),(1267,1286,1268),(1268,1286,1287),(1268,1287,1269),(1269,1287,1288),(1269,1288,1270),(1270,1288,1289),(1270,1289,1274),(1274,1289,1290),(1274,1290,1273),(1273,1290,1291),(1273,1291,1272),(1272,1291,1292),(1272,1292,1271),(1271,1292,1293),(1271,1293,1250),(1250,1293,1251),(1251,1293,1294),(1251,1294,1252),(1252,1294,1295),(1252,1295,1253),(1253,1295,1296),(1253,1296,1254),(1254,1296,1297),(1254,1297,1255),(1255,1297,1298),(1255,1298,1256),(1256,1298,1275),(1294,1299,1295),(1295,1299,1300),(1295,1300,1296),(1296,1300,1301),(1296,1301,1297),(1297,1301,1302),(1297,1302,1298),(1298,1302,1303),(1298,1303,1275),(1275,1303,1304),(1275,1304,1276),(1276,1304,1305),(1276,1305,1277),(1277,1305,1306),(1277,1306,1278),(1278,1306,1307),(1278,1307,1279),(1279,1307,1308),(1279,1308,1280),(1280,1308,1309),(1280,1309,1281),(1281,1309,1310),(1281,1310,1282),(1282,1310,1311),(1282,1311,1283),(1283,1311,1312),(1283,1312,1284),(1284,1312,1313),(1284,1313,1285),(1285,1313,1314),(1285,1314,1286),(1286,1314,1315),(1286,1315,1287),(1287,1315,1316),(1287,1316,1288),(1288,1316,1317),(1288,1317,1289),(1289,1317,1318),(1289,1318,1290),(1290,1318,1319),(1290,1319,1291),(1291,1319,1320),(1291,1320,1292),(1292,1320,1321),(1292,1321,1293),(1293,1321,1322),(1293,1322,1294),(1294,1322,1299),(1322,1323,1299),(1299,1323,1324),(1299,1324,1300),(1300,1324,1325),(1300,1325,1301),(1301,1325,1326),(1301,1326,1302),(1302,1326,1327),(1302,1327,1303),(1303,1327,1328),(1303,1328,1304),(1304,1328,1329),(1304,1329,1305),(1305,1329,1330),(1305,1330,1306),(1306,1330,1331),(1306,1331,1307),(1307,1331,1332),(1307,1332,1308),(1308,1332,1333),(1308,1333,1309),(1309,1333,1334),(1309,1334,1310),(1310,1334,1335),(1310,1335,1311),(1311,1335,1336),(1311,1336,1312),(1312,1336,1337),(1312,1337,1313),(1313,1337,1338),(1313,1338,1314),(1314,1338,1339),(1314,1339,1315),(1315,1339,1340),(1315,1340,1316),(1316,1340,1341),(1316,1341,1317),(1317,1341,1342),(1317,1342,1318),(1318,1342,1343),(1318,1343,1319),(1319,1343,1344),(1319,1344,1320),(1320,1344,1345),(1320,1345,1321),(1321,1345,1346),(1321,1346,1322),(1322,1346,1323),(1340,1347,1341),(1341,1347,1348),(1341,1348,1342),(1342,1348,1349),(1342,1349,1343),(1343,1349,1350),(1343,1350,1344),(1344,1350,1351),(1344,1351,1345),(1345,1351,1352),(1345,1352,1346),(1346,1352,1353),(1346,1353,1323),(1323,1353,1354),(1323,1354,1355),(1347,1340,1356),(1356,1340,1339),(1356,1339,1357),(1357,1339,1338),(1357,1338,1358),(1358,1338,1337),(1358,1337,1359),(1359,1337,1336),(1359,1336,1360),(1360,1336,1335),(1360,1335,1334),(1360,1334,1361),(1361,1334,1333),(1361,1333,1362),(1362,1333,1332),(1362,1332,1363),(1363,1332,1331),(1363,1331,1364),(1364,1331,1330),(1364,1330,1365),(1365,1330,1329),(1365,1329,1366),(1366,1329,1328),(1366,1328,1367),(1367,1328,1327),(1367,1327,1368),(1368,1327,1326),(1368,1326,1369),(1369,1326,1325),(1369,1325,1370),(1370,1325,1324),(1370,1324,1355),(1355,1324,1323),(1347,1371,1348),(1348,1371,1372),(1348,1372,1349),(1349,1372,1373),(1349,1373,1350),(1350,1373,1374),(1350,1374,1351),(1351,1374,1375),(1351,1375,1352),(1352,1375,1376),(1352,1376,1353),(1353,1376,1377),(1353,1377,1354),(1354,1377,1378),(1354,1378,1355),(1355,1378,1379),(1355,1379,1370),(1370,1379,1380),(1370,1380,1369),(1369,1380,1381),(1369,1381,1368),(1368,1381,1382),(1368,1382,1367),(1367,1382,1383),(1367,1383,1366),(1366,1383,1384),(1366,1384,1365),(1365,1384,1385),(1365,1385,1364),(1364,1385,1386),(1364,1386,1363),(1363,1386,1387),(1363,1387,1362),(1362,1387,1388),(1362,1388,1361),(1361,1388,1389),(1361,1389,1360),(1360,1389,1390),(1360,1390,1359),(1359,1390,1391),(1359,1391,1358),(1358,1391,1392),(1358,1392,1357),(1357,1392,1393),(1357,1393,1356),(1356,1393,1394),(1356,1394,1347),(1347,1394,1371),(1377,1395,1378),(1378,1395,1396),(1378,1396,1379),(1379,1396,1397),(1379,1397,1380),(1380,1397,1398),(1380,1398,1381),(1381,1398,1399),(1381,1399,1382),(1382,1399,1400),(1382,1400,1383),(1383,1400,1401),(1383,1401,1384),(1384,1401,1402),(1384,1402,1385),(1385,1402,1403),(1385,1403,1386),(1386,1403,1404),(1386,1404,1387),(1387,1404,1405),(1387,1405,1388),(1388,1405,1406),(1388,1406,1389),(1389,1406,1407),(1389,1407,1390),(1390,1407,1408),(1390,1408,1391),(1391,1408,1409),(1391,1409,1392),(1392,1409,1410),(1392,1410,1393),(1393,1410,1411),(1393,1411,1394),(1394,1411,1412),(1394,1412,1371),(1371,1412,1413),(1371,1413,1372),(1372,1413,1414),(1372,1414,1373),(1373,1414,1415),(1373,1415,1374),(1374,1415,1416),(1374,1416,1375),(1375,1416,1417),(1375,1417,1376),(1376,1417,1418),(1376,1418,1377),(1377,1418,1395),(1412,1419,1413),(1413,1419,1420),(1413,1420,1414),(1414,1420,1421),(1414,1421,1415),(1415,1421,1422),(1415,1422,1416),(1416,1422,1423),(1416,1423,1417),(1417,1423,1424),(1417,1424,1418),(1418,1424,1425),(1418,1425,1395),(1395,1425,1426),(1395,1426,1396),(1396,1426,1427),(1396,1427,1397),(1397,1427,1428),(1397,1428,1398),(1398,1428,1429),(1398,1429,1399),(1399,1429,1430),(1399,1430,1400),(1400,1430,1431),(1400,1431,1401),(1401,1431,1432),(1401,1432,1402),(1402,1432,1433),(1402,1433,1403),(1403,1433,1434),(1403,1434,1404),(1404,1434,1435),(1404,1435,1405),(1405,1435,1436),(1405,1436,1406),(1406,1436,1437),(1406,1437,1407),(1407,1437,1438),(1407,1438,1408),(1408,1438,1439),(1408,1439,1409),(1409,1439,1440),(1409,1440,1410),(1410,1440,1441),(1410,1441,1411),(1411,1441,1442),(1411,1442,1412),(1412,1442,1419),(1424,1443,1425),(1425,1443,1444),(1425,1444,1426),(1426,1444,1445),(1426,1445,1427),(1427,1445,1446),(1427,1446,1428),(1428,1446,1447),(1428,1447,1429),(1429,1447,1448),(1429,1448,1430),(1430,1448,1449),(1430,1449,1431),(1431,1449,1450),(1431,1450,1432),(1432,1450,1451),(1432,1451,1433),(1433,1451,1452),(1433,1452,1434),(1434,1452,1453),(1434,1453,1435),(1435,1453,1454),(1435,1454,1436),(1436,1454,1455),(1436,1455,1437),(1437,1455,1456),(1437,1456,1438),(1438,1456,1457),(1438,1457,1439),(1439,1457,1458),(1439,1458,1440),(1440,1458,1459),(1440,1459,1441),(1441,1459,1460),(1441,1460,1442),(1442,1460,1461),(1442,1461,1419),(1419,1461,1462),(1419,1462,1420),(1420,1462,1463),(1420,1463,1421),(1421,1463,1464),(1421,1464,1422),(1422,1464,1465),(1422,1465,1423),(1423,1465,1466),(1423,1466,1424),(1424,1466,1443),(1461,1467,1462),(1462,1467,1468),(1462,1468,1463),(1463,1468,1469),(1463,1469,1464),(1464,1469,1470),(1464,1470,1465),(1465,1470,1471),(1465,1471,1466),(1466,1471,1472),(1466,1472,1443),(1443,1472,1473),(1443,1473,1444),(1444,1473,1474),(1444,1474,1475),(1467,1461,1476),(1476,1461,1460),(1476,1460,1477),(1477,1460,1459),(1477,1459,1478),(1478,1459,1458),(1478,1458,1479),(1479,1458,1457),(1479,1457,1480),(1480,1457,1456),(1480,1456,1455),(1480,1455,1481),(1481,1455,1454),(1481,1454,1482),(1482,1454,1453),(1482,1453,1483),(1483,1453,1452),(1483,1452,1484),(1484,1452,1451),(1484,1451,1485),(1485,1451,1450),(1485,1450,1486),(1486,1450,1449),(1486,1449,1487),(1487,1449,1448),(1487,1448,1488),(1488,1448,1447),(1488,1447,1489),(1489,1447,1446),(1489,1446,1490),(1490,1446,1445),(1490,1445,1475),(1475,1445,1444),(1467,1491,1468),(1468,1491,1492),(1468,1492,1469),(1469,1492,1493),(1469,1493,1470),(1470,1493,1494),(1470,1494,1471),(1471,1494,1495),(1471,1495,1472),(1472,1495,1496),(1472,1496,1473),(1473,1496,1497),(1473,1497,1474),(1474,1497,1498),(1474,1498,1475),(1475,1498,1499),(1475,1499,1490),(1490,1499,1500),(1490,1500,1489),(1489,1500,1501),(1489,1501,1488),(1488,1501,1502),(1488,1502,1487),(1487,1502,1503),(1487,1503,1486),(1486,1503,1504),(1486,1504,1485),(1485,1504,1505),(1485,1505,1484),(1484,1505,1506),(1484,1506,1483),(1483,1506,1507),(1483,1507,1482),(1482,1507,1508),(1482,1508,1481),(1481,1508,1509),(1481,1509,1480),(1480,1509,1510),(1480,1510,1479),(1479,1510,1511),(1479,1511,1478),(1478,1511,1512),(1478,1512,1477),(1477,1512,1513),(1477,1513,1476),(1476,1513,1514),(1476,1514,1467),(1467,1514,1491),(1495,1515,1496),(1496,1515,1516),(1496,1516,1497),(1497,1516,1517),(1497,1517,1498),(1498,1517,1518),(1498,1518,1499),(1499,1518,1519),(1499,1519,1500),(1500,1519,1520),(1500,1520,1501),(1501,1520,1521),(1501,1521,1502),(1502,1521,1522),(1502,1522,1503),(1503,1522,1523),(1503,1523,1504),(1504,1523,1524),(1504,1524,1505),(1505,1524,1525),(1505,1525,1506),(1506,1525,1526),(1506,1526,1507),(1507,1526,1527),(1507,1527,1508),(1508,1527,1528),(1508,1528,1509),(1509,1528,1529),(1509,1529,1510),(1510,1529,1530),(1510,1530,1511),(1511,1530,1531),(1511,1531,1512),(1512,1531,1532),(1512,1532,1513),(1513,1532,1533),(1513,1533,1514),(1514,1533,1534),(1514,1534,1491),(1491,1534,1535),(1491,1535,1492),(1492,1535,1536),(1492,1536,1493),(1493,1536,1537),(1493,1537,1494),(1494,1537,1538),(1494,1538,1495),(1495,1538,1515),(1516,1539,1517),(1517,1539,1540),(1517,1540,1518),(1518,1540,1541),(1518,1541,1519),(1519,1541,1542),(1519,1542,1520),(1520,1542,1543),(1520,1543,1521),(1521,1543,1544),(1521,1544,1522),(1522,1544,1545),(1522,1545,1523),(1523,1545,1546),(1523,1546,1524),(1524,1546,1547),(1524,1547,1525),(1525,1547,1548),(1525,1548,1526),(1526,1548,1549),(1526,1549,1527),(1527,1549,1550),(1527,1550,1528),(1528,1550,1551),(1528,1551,1529),(1529,1551,1552),(1529,1552,1530),(1530,1552,1553),(1530,1553,1531),(1531,1553,1554),(1531,1554,1532),(1532,1554,1555),(1532,1555,1533),(1533,1555,1556),(1533,1556,1534),(1534,1556,1557),(1534,1557,1535),(1535,1557,1558),(1535,1558,1536),(1536,1558,1559),(1536,1559,1560),(1539,1516,1561),(1561,1516,1515),(1561,1515,1562),(1562,1515,1538),(1562,1538,1563),(1563,1538,1537),(1563,1537,1560),(1560,1537,1536),(1545,1564,1546),(1546,1564,1565),(1546,1565,1547),(1547,1565,1566),(1547,1566,1548),(1548,1566,1567),(1548,1567,1549),(1549,1567,1568),(1549,1568,1550),(1550,1568,1569),(1550,1569,1551),(1551,1569,1570),(1551,1570,1552),(1552,1570,1571),(1552,1571,1553),(1553,1571,1572),(1553,1572,1554),(1554,1572,1573),(1554,1573,1555),(1555,1573,1574),(1555,1574,1556),(1556,1574,1575),(1556,1575,1557),(1557,1575,1576),(1557,1576,1558),(1558,1576,1577),(1558,1577,1559),(1559,1577,1578),(1559,1578,1560),(1560,1578,1579),(1560,1579,1563),(1563,1579,1580),(1563,1580,1562),(1562,1580,1581),(1562,1581,1561),(1561,1581,1582),(1561,1582,1539),(1539,1582,1583),(1539,1583,1540),(1540,1583,1584),(1540,1584,1541),(1541,1584,1585),(1541,1585,1542),(1542,1585,1543),(1543,1585,1586),(1543,1586,1544),(1544,1586,1587),(1544,1587,1545),(1545,1587,1564),(1582,1588,1583),(1583,1588,1589),(1583,1589,1584),(1584,1589,1590),(1584,1590,1585),(1585,1590,1591),(1585,1591,1586),(1586,1591,1592),(1586,1592,1587),(1587,1592,1593),(1587,1593,1564),(1564,1593,1594),(1564,1594,1565),(1565,1594,1595),(1565,1595,1566),(1566,1595,1596),(1566,1596,1567),(1567,1596,1597),(1567,1597,1568),(1568,1597,1598),(1568,1598,1569),(1569,1598,1599),(1569,1599,1570),(1570,1599,1600),(1570,1600,1571),(1571,1600,1601),(1571,1601,1572),(1572,1601,1602),(1572,1602,1573),(1573,1602,1603),(1573,1603,1574),(1574,1603,1604),(1574,1604,1575),(1575,1604,1605),(1575,1605,1576),(1576,1605,1606),(1576,1606,1577),(1577,1606,1607),(1577,1607,1578),(1578,1607,1608),(1578,1608,1579),(1579,1608,1609),(1579,1609,1580),(1580,1609,1610),(1580,1610,1581),(1581,1610,1611),(1581,1611,1582),(1582,1611,1588),(1605,1612,1606),(1606,1612,1613),(1606,1613,1607),(1607,1613,1614),(1607,1614,1608),(1608,1614,1615),(1608,1615,1609),(1609,1615,1616),(1609,1616,1610),(1610,1616,1617),(1610,1617,1611),(1611,1617,1618),(1611,1618,1588),(1588,1618,1619),(1588,1619,1589),(1589,1619,1620),(1589,1620,1590),(1590,1620,1621),(1590,1621,1591),(1591,1621,1622),(1591,1622,1592),(1592,1622,1623),(1592,1623,1593),(1593,1623,1624),(1593,1624,1594),(1594,1624,1625),(1594,1625,1595),(1595,1625,1626),(1595,1626,1596),(1596,1626,1627),(1596,1627,1597),(1597,1627,1628),(1597,1628,1598),(1598,1628,1629),(1598,1629,1599),(1599,1629,1630),(1599,1630,1600),(1600,1630,1631),(1600,1631,1601),(1601,1631,1632),(1601,1632,1602),(1602,1632,1633),(1602,1633,1603),(1603,1633,1634),(1603,1634,1604),(1604,1634,1635),(1604,1635,1605),(1605,1635,1612),(1618,1636,1619),(1619,1636,1637),(1619,1637,1620),(1620,1637,1638),(1620,1638,1621),(1621,1638,1639),(1621,1639,1622),(1622,1639,1640),(1622,1640,1623),(1623,1640,1641),(1623,1641,1624),(1624,1641,1642),(1624,1642,1625),(1625,1642,1643),(1625,1643,1626),(1626,1643,1644),(1626,1644,1627),(1627,1644,1645),(1627,1645,1628),(1628,1645,1646),(1628,1646,1629),(1629,1646,1647),(1629,1647,1630),(1630,1647,1648),(1630,1648,1631),(1631,1648,1649),(1631,1649,1632),(1632,1649,1650),(1632,1650,1633),(1633,1650,1651),(1633,1651,1634),(1634,1651,1652),(1634,1652,1635),(1635,1652,1653),(1635,1653,1612),(1612,1653,1654),(1612,1654,1613),(1613,1654,1655),(1613,1655,1614),(1614,1655,1656),(1614,1656,1615),(1615,1656,1657),(1615,1657,1616),(1616,1657,1658),(1616,1658,1617),(1617,1658,1659),(1617,1659,1618),(1618,1659,1636),(1659,1660,1636),(1636,1660,1661),(1636,1661,1637),(1637,1661,1662),(1637,1662,1638),(1638,1662,1663),(1638,1663,1639),(1639,1663,1664),(1639,1664,1640),(1640,1664,1665),(1640,1665,1641),(1641,1665,1666),(1641,1666,1642),(1642,1666,1667),(1642,1667,1643),(1643,1667,1668),(1643,1668,1644),(1644,1668,1669),(1644,1669,1645),(1645,1669,1670),(1645,1670,1646),(1646,1670,1671),(1646,1671,1647),(1647,1671,1672),(1647,1672,1648),(1648,1672,1673),(1648,1673,1649),(1649,1673,1674),(1649,1674,1650),(1650,1674,1675),(1650,1675,1651),(1651,1675,1676),(1651,1676,1652),(1652,1676,1677),(1652,1677,1653),(1653,1677,1678),(1653,1678,1654),(1654,1678,1679),(1654,1679,1655),(1655,1679,1680),(1655,1680,1656),(1656,1680,1681),(1656,1681,1657),(1657,1681,1682),(1657,1682,1658),(1658,1682,1683),(1658,1683,1659),(1659,1683,1660),(1660,1684,1661),(1661,1684,1685),(1661,1685,1662),(1662,1685,1686),(1662,1686,1663),(1663,1686,1687),(1663,1687,1664),(1664,1687,1688),(1664,1688,1665),(1665,1688,1689),(1665,1689,1666),(1666,1689,1690),(1666,1690,1667),(1667,1690,1691),(1667,1691,1668),(1668,1691,1692),(1668,1692,1669),(1669,1692,1693),(1669,1693,1670),(1670,1693,1694),(1670,1694,1671),(1671,1694,1695),(1671,1695,1672),(1672,1695,1696),(1672,1696,1673),(1673,1696,1697),(1673,1697,1674),(1674,1697,1698),(1674,1698,1675),(1675,1698,1699),(1675,1699,1676),(1676,1699,1700),(1676,1700,1677),(1677,1700,1701),(1677,1701,1678),(1678,1701,1702),(1678,1702,1679),(1679,1702,1703),(1679,1703,1680),(1680,1703,1704),(1680,1704,1681),(1681,1704,1705),(1681,1705,1682),(1682,1705,1706),(1682,1706,1683),(1683,1706,1707),(1683,1707,1660),(1660,1707,1684),(1704,1708,1705),(1705,1708,1709),(1705,1709,1706),(1706,1709,1710),(1706,1710,1707),(1707,1710,1711),(1707,1711,1684),(1684,1711,1712),(1684,1712,1685),(1685,1712,1713),(1685,1713,1686),(1686,1713,1714),(1686,1714,1687),(1687,1714,1715),(1687,1715,1688),(1688,1715,1716),(1688,1716,1689),(1689,1716,1717),(1689,1717,1690),(1690,1717,1718),(1690,1718,1691),(1691,1718,1719),(1691,1719,1692),(1692,1719,1720),(1692,1720,1693),(1693,1720,1721),(1693,1721,1694),(1694,1721,1722),(1694,1722,1695),(1695,1722,1723),(1695,1723,1696),(1696,1723,1724),(1696,1724,1697),(1697,1724,1725),(1697,1725,1698),(1698,1725,1726),(1698,1726,1699),(1699,1726,1727),(1699,1727,1700),(1700,1727,1728),(1700,1728,1701),(1701,1728,1729),(1701,1729,1702),(1702,1729,1730),(1702,1730,1703),(1703,1730,1731),(1703,1731,1704),(1704,1731,1708),(1731,1732,1708),(1708,1732,1733),(1708,1733,1709),(1709,1733,1734),(1709,1734,1710),(1710,1734,1735),(1710,1735,1711),(1711,1735,1736),(1711,1736,1712),(1712,1736,1737),(1712,1737,1713),(1713,1737,1738),(1713,1738,1714),(1714,1738,1739),(1714,1739,1715),(1715,1739,1740),(1715,1740,1716),(1716,1740,1741),(1716,1741,1717),(1717,1741,1742),(1717,1742,1718),(1718,1742,1743),(1718,1743,1719),(1719,1743,1744),(1719,1744,1720),(1720,1744,1745),(1720,1745,1721),(1721,1745,1746),(1721,1746,1722),(1722,1746,1747),(1722,1747,1723),(1723,1747,1748),(1723,1748,1724),(1724,1748,1749),(1724,1749,1725),(1725,1749,1750),(1725,1750,1726),(1726,1750,1751),(1726,1751,1727),(1727,1751,1752),(1727,1752,1728),(1728,1752,1753),(1728,1753,1729),(1729,1753,1754),(1729,1754,1730),(1730,1754,1755),(1730,1755,1731),(1731,1755,1732),(3,49,1),(1,49,7),(7,49,47),(7,47,45),(45,43,7),(7,43,9),(9,43,11),(11,43,13),(13,43,41),(13,41,39),(39,37,13),(13,37,15),(15,37,35),(15,35,17),(17,35,19),(19,35,33),(19,33,31),(29,27,31),(31,27,25),(31,25,23),(23,21,31),(31,21,19),(1754,1734,1755),(1755,1734,1733),(1755,1733,1732),(1753,1736,1754),(1754,1736,1735),(1754,1735,1734),(1753,1752,1736),(1736,1752,1737),(1737,1752,1738),(1738,1752,1751),(1738,1751,1750),(1738,1750,1739),(1739,1750,1749),(1739,1749,1748),(1747,1741,1748),(1748,1741,1740),(1748,1740,1739),(1747,1746,1741),(1741,1746,1742),(1742,1746,1743),(1743,1746,1745),(1743,1745,1744)),$);
#148= IFCSHAPEREPRESENTATION(#28,'Body','Tessellation',(#147));
#149= IFCPRODUCTDEFINITIONSHAPE($,$,(#148));
#150= IFCLOCALPLACEMENT(#5,#22);
#151= IFCBUILTELEMENT('1Qxb7_KBvD4vdI5NBOVM5x',$,'KSR_120_VK',$,$,#150,#149,'DFC');
#152= IFCSTYLEDITEM(#147,(#105),'KSR_120_VK');
#153= IFCPROPERTYSET('0dnFM97kvBEfp96R0Y0k5E',$,'Properties',$,(#44,#45,#46,#47,#48,#49,#50,#51,#52,#53,#54,#55,#56,#57,#58,#59,#60,#61,#62,#63,#64,#65,#66,#67,#69,#70,#155,#156));
#154= IFCRELDEFINESBYPROPERTIES('3RyxZ1NffAmxFaqXMa4oUQ',$,$,$,(#151),#153);
#155= IFCPROPERTYSINGLEVALUE('Area',$,IFCREAL(18.2882350482393),$);
#156= IFCPROPERTYSINGLEVALUE('Bounds',$,IFCLABEL('((2701731.56685396,1166114.43563732,1995.74905827705),(2701742.49216903,1166154.59722584,2001.44501373796))'),$);
#157= IFCPROPERTYSET('2J6HdRkhjD6xQZImOCO7T1',$,'Misc',$,(#73,#74,#75,#76));
#158= IFCRELDEFINESBYPROPERTIES('3NY9O5SMT3uw70yXjwm9GQ',$,$,$,(#151),#157);
#159= IFCPROPERTYSET('2bSrgVSn94oePuAjNluB44',$,'3D Visualization',$,(#79,#80,#81));
#160= IFCRELDEFINESBYPROPERTIES('1V2uEFokTF08B$wpWKGP75',$,$,$,(#151),#159);
#161= IFCPROPERTYSET('0X1e4P9LT5ffgdKyiSuZyl',$,'General',$,(#84,#86,#87,#88,#89,#118));
#162= IFCRELDEFINESBYPROPERTIES('1ng3PepdjE_QAwvDrH0LD8',$,$,$,(#151),#161);
#163= IFCPROPERTYSET('3AnqCVQyXEY9hS9NaOAtyg',$,'Geometry',$,(#92));
#164= IFCRELDEFINESBYPROPERTIES('34TlpKorn7je_SUdsG3Ovm',$,$,$,(#151),#163);
#165= IFCPROPERTYSET('0bpDeD2Rr6bPS$iXr2b73C',$,'01_Info',$,(#123,#124));
#166= IFCRELDEFINESBYPROPERTIES('3xWw2C5KP8VgUyx4wzf$Mz',$,$,$,(#151),#165);
#167= IFCCARTESIANPOINTLIST3D(((12.42716,43.57983,1.21939),(12.16049,43.26249,1.14492),(12.42507,43.57943,1.22854),(12.1585,43.26221,1.15407),(12.15832,43.26053,1.16262),(12.1642,43.26119,1.13643),(12.43099,43.57861,1.21089),(12.16939,43.25839,1.12916),(12.43628,43.57587,1.20362),(12.1757,43.25428,1.1236),(12.44268,43.57178,1.19809),(12.18271,43.24913,1.12014),(12.44976,43.56664,1.19466),(12.18994,43.24329,1.119),(12.45703,43.56079,1.19357),(12.19691,43.23717,1.12026),(12.464,43.55462,1.1949),(12.20314,43.23117,1.12384),(12.47019,43.54856,1.19855),(12.20821,43.2257,1.12949),(12.47518,43.54303,1.20427),(12.21178,43.22112,1.13684),(12.47863,43.53839,1.21168),(12.21361,43.21776,1.14538),(12.4803,43.53497,1.22027),(12.21357,43.21583,1.15454),(12.48008,43.53299,1.22946),(12.21186,43.21544,1.16308),(12.47799,43.5326,1.23861),(12.20863,43.21643,1.17111),(12.47417,43.53381,1.24711),(12.20408,43.21874,1.17818),(12.46888,43.53656,1.25438),(12.19848,43.22223,1.18386),(12.46247,43.54064,1.25991),(12.19214,43.22671,1.18782),(12.4554,43.54578,1.26334),(12.18544,43.23191,1.18983),(12.44812,43.55164,1.26443),(12.17877,43.23752,1.18977),(12.44116,43.5578,1.2631),(12.17253,43.24322,1.18765),(12.43497,43.56386,1.25945),(12.16708,43.24867,1.18358),(12.42998,43.5694,1.25373),(12.16274,43.25356,1.17782),(12.42653,43.57404,1.24632),(12.15976,43.25759,1.17069),(12.42486,43.57746,1.23773),(11.93883,42.88899,1.09335),(11.93897,42.8902,1.08402),(11.9373,42.89301,1.07521),(11.93395,42.89721,1.0675),(11.92914,42.90253,1.06143),(11.9232,42.90861,1.0574),(11.91653,42.91502,1.0557),(11.90959,42.92133,1.05644),(11.90285,42.92711,1.05957),(11.89677,42.93197,1.06487),(11.89177,42.93557,1.07198),(11.88818,42.93767,1.08043),(11.88625,42.93813,1.08962),(11.88611,42.93692,1.09895),(11.88777,42.93411,1.10777),(11.89112,42.92991,1.11547),(11.89593,42.92459,1.12155),(11.90187,42.91851,1.12557),(11.90854,42.9121,1.12727),(11.91548,42.90579,1.12653),(11.92222,42.90001,1.12341),(11.9283,42.89515,1.11811),(11.93331,42.89155,1.11099),(11.9369,42.88945,1.10255),(11.33092,42.31724,1.07083),(11.33624,42.31173,1.06537),(11.34051,42.30753,1.05812),(11.34344,42.30493,1.04957),(11.34483,42.3041,1.04031),(11.34459,42.30511,1.03097),(11.34273,42.30787,1.02218),(11.33937,42.31221,1.01455),(11.33476,42.31783,1.00859),(11.32919,42.32435,1.00471),(11.32306,42.33131,1.00317),(11.31678,42.33825,1.00409),(11.31077,42.3447,1.00739),(11.30545,42.35021,1.01285),(11.30118,42.35441,1.0201),(11.29825,42.35702,1.02864),(11.29686,42.35784,1.0379),(11.29711,42.35684,1.04725),(11.29897,42.35408,1.05603),(11.30232,42.34973,1.06367),(11.30694,42.34412,1.06962),(11.3125,42.3376,1.07351),(11.31863,42.33063,1.07504),(11.32492,42.32369,1.07413),(10.67707,41.79724,1.03994),(10.6826,41.79031,1.03681),(10.68752,41.78431,1.0315),(10.6915,41.77966,1.02437),(10.69426,41.77667,1.0159),(10.69563,41.77555,1.00667),(10.6955,41.77637,0.99731),(10.69388,41.77907,0.98845),(10.69089,41.78348,0.98071),(10.68673,41.78929,0.9746),(10.68168,41.7961,0.97055),(10.67608,41.80346,0.96883),(10.67033,41.81086,0.96956),(10.6648,41.81779,0.97268),(10.65988,41.82378,0.97799),(10.6559,41.82843,0.98512),(10.65313,41.83142,0.99359),(10.65177,41.83255,1.00282),(10.6519,41.83173,1.01219),(10.65351,41.82902,1.02104),(10.6565,41.82461,1.02878),(10.66067,41.8188,1.03489),(10.66572,41.81199,1.03894),(10.67131,41.80463,1.04066),(10.62348,41.77153,1.03799),(10.62921,41.76409,1.03768),(10.63478,41.75702,1.03495),(10.6398,41.75082,1.02999),(10.64394,41.7459,1.02314),(10.64692,41.74259,1.01486),(10.64852,41.74113,1.00571),(10.64864,41.74162,0.99633),(10.64727,41.74401,0.98734),(10.64451,41.74815,0.97937),(10.64055,41.75376,0.97295),(10.63564,41.76045,0.96853),(10.63014,41.76776,0.9664),(10.6244,41.77521,0.96671),(10.61884,41.78227,0.96944),(10.61381,41.78848,0.9744),(10.60967,41.7934,0.98125),(10.6067,41.7967,0.98953),(10.6051,41.79816,0.99868),(10.60498,41.79767,1.00806),(10.60634,41.79528,1.01705),(10.6091,41.79114,1.02502),(10.61307,41.78553,1.03144),(10.61797,41.77884,1.03586),(10.5203,41.69593,1.0319),(10.5261,41.68864,1.03311),(10.53197,41.6814,1.03186),(10.53749,41.67471,1.02825),(10.5423,41.66903,1.02252),(10.54606,41.66473,1.01505),(10.54852,41.66212,1.00637),(10.54952,41.66137,0.99705),(10.54897,41.66253,0.98774),(10.54693,41.66553,0.97907),(10.54352,41.67015,0.97163),(10.53899,41.67609,0.96593),(10.53364,41.68294,0.96235),(10.52783,41.69023,0.96115),(10.52197,41.69746,0.96239),(10.51644,41.70415,0.96601),(10.51163,41.70984,0.97174),(10.50787,41.71413,0.97921),(10.50541,41.71674,0.98789),(10.50442,41.7175,0.99721),(10.50496,41.71633,1.00652),(10.50701,41.71334,1.01519),(10.51041,41.70871,1.02263),(10.51494,41.70278,1.02833),(9.93152,41.25707,0.9755),(9.93169,41.25657,0.98488),(9.93346,41.25427,0.99382),(9.93672,41.25032,1.0017),(9.94125,41.245,1.008),(9.94673,41.23866,1.01227),(9.95279,41.23174,1.01424),(9.95902,41.22471,1.01375),(9.965,41.21804,1.01086),(9.97031,41.2122,1.00575),(9.9746,41.20758,0.99877),(9.97757,41.2045,0.99041),(9.97902,41.20316,0.98122),(9.97885,41.20366,0.97183),(9.97708,41.20596,0.9629),(9.97382,41.20991,0.95501),(9.96929,41.21523,0.94872),(9.96381,41.22157,0.94444),(9.95775,41.2285,0.94248),(9.95152,41.23553,0.94296),(9.94554,41.24219,0.94586),(9.94023,41.24803,0.95097),(9.93594,41.25265,0.95794),(9.93297,41.25574,0.96631),(9.50293,40.8035,1.00189),(9.50944,40.79684,1.00312),(9.51591,40.79014,1.00189),(9.52191,40.78386,0.99829),(9.52701,40.77842,0.99257),(9.53087,40.7742,0.98511),(9.53323,40.77148,0.97642),(9.53394,40.77045,0.9671),(9.53293,40.77118,0.95777),(9.53028,40.77362,0.94909),(9.52617,40.7776,0.94163),(9.52088,40.78286,0.9359),(9.51477,40.78903,0.9323),(9.50825,40.79569,0.93108),(9.50178,40.80239,0.9323),(9.49579,40.80868,0.9359),(9.49069,40.81412,0.94163),(9.48682,40.81834,0.94909),(9.48446,40.82106,0.95778),(9.48376,40.82208,0.9671),(9.48477,40.82135,0.97642),(9.48742,40.81891,0.98511),(9.49153,40.81493,0.99257),(9.49682,40.80967,0.99829),(9.36009,40.60271,0.99045),(9.36029,40.60174,0.9811),(9.3587,40.60244,0.97187),(9.35543,40.60478,0.96337),(9.35071,40.60859,0.95619),(9.34485,40.61362,0.95082),(9.33826,40.61952,0.94762),(9.33138,40.62589,0.94681),(9.32469,40.63229,0.94845),(9.31864,40.6383,0.95242),(9.31363,40.6435,0.95846),(9.31003,40.64753,0.96614),(9.30806,40.65012,0.97496),(9.30786,40.6511,0.98431),(9.30945,40.65039,0.99354),(9.31272,40.64806,1.00204),(9.31744,40.64424,1.00922),(9.3233,40.63921,1.01459),(9.32989,40.63331,1.01779),(9.33677,40.62694,1.0186),(9.34346,40.62054,1.01696),(9.34951,40.61453,1.01299),(9.35451,40.60934,1.00695),(9.35812,40.60531,0.99926),(8.76999,39.97062,1.07026),(8.77743,39.96487,1.07013),(8.78453,39.95925,1.06757),(8.79081,39.95415,1.06276),(8.79584,39.94992,1.05603),(8.79928,39.94685,1.04783),(8.80089,39.94515,1.03873),(8.80057,39.94493,1.02933),(8.79833,39.94621,1.0203),(8.79433,39.9489,1.01223),(8.78884,39.95282,1.00568),(8.78223,39.9577,1.0011),(8.77496,39.9632,0.99879),(8.76753,39.96896,0.99893),(8.76042,39.97458,1.00148),(8.75414,39.97968,1.00629),(8.74911,39.9839,1.01303),(8.74567,39.98697,1.02122),(8.74406,39.98867,1.03033),(8.74438,39.98889,1.03972),(8.74662,39.98761,1.04876),(8.75062,39.98492,1.05683),(8.75611,39.98101,1.06337),(8.76272,39.97613,1.06796),(8.73687,39.89926,1.07068),(8.74392,39.89426,1.067),(8.74994,39.88995,1.0612),(8.75451,39.88663,1.05369),(8.75732,39.88452,1.04498),(8.75818,39.88377,1.03565),(8.75704,39.88443,1.02634),(8.75396,39.88645,1.0177),(8.74916,39.88969,1.0103),(8.74297,39.89394,1.00465),(8.7358,39.89891,1.00114),(8.72815,39.90425,1.0),(8.72054,39.9096,1.00132),(8.71348,39.9146,1.005),(8.70747,39.91891,1.01079),(8.7029,39.92223,1.0183),(8.70008,39.92434,1.02702),(8.69922,39.92509,1.03634),(8.70037,39.92443,1.04565),(8.70345,39.92241,1.0543),(8.70825,39.91917,1.0617),(8.71444,39.91492,1.06734),(8.72161,39.90995,1.07086),(8.72926,39.90461,1.07199),(8.51046,39.65565,1.03853),(8.51156,39.65491,1.04783),(8.51458,39.65282,1.05648),(8.51934,39.64951,1.06388),(8.5255,39.64521,1.06953),(8.53264,39.64022,1.07304),(8.54028,39.63487,1.07418),(8.5479,39.62953,1.07286),(8.55498,39.62456,1.06918),(8.56103,39.6203,1.06339),(8.56565,39.61704,1.05588),(8.56851,39.61501,1.04716),(8.56943,39.61434,1.03783),(8.56834,39.61508,1.02853),(8.56531,39.61717,1.01988),(8.56056,39.62048,1.01248),(8.5544,39.62478,1.00683),(8.54725,39.62977,1.00332),(8.53961,39.63512,1.00218),(8.53199,39.64046,1.0035),(8.51138,39.65498,1.0292),(8.51425,39.65295,1.02048),(8.51886,39.64969,1.01297),(8.52492,39.64543,1.00718),(8.2455,39.27646,1.03107),(8.24511,39.27664,1.04046),(8.24678,39.27552,1.04964),(8.25042,39.27316,1.05798),(8.25576,39.26974,1.06492),(8.26244,39.26548,1.06998),(8.27001,39.26067,1.07282),(8.27795,39.25564,1.07325),(8.28572,39.25074,1.07123),(8.2928,39.2463,1.0669),(8.29869,39.24262,1.06057),(8.303,39.23994,1.05265),(8.30543,39.23847,1.04369),(8.30582,39.23828,1.0343),(8.30414,39.23941,1.02512),(8.30051,39.24176,1.01678),(8.29517,39.24519,1.00984),(8.28849,39.24945,1.00478),(8.28092,39.25426,1.00194),(8.27298,39.25928,1.00151),(8.2652,39.26418,1.00353),(8.25813,39.26863,1.00786),(8.25224,39.27231,1.0142),(8.24793,39.27498,1.02211),(8.1704,39.07194,1.07129),(8.17849,39.06735,1.06998),(8.18602,39.06308,1.0663),(8.19247,39.05945,1.06051),(8.1974,39.05668,1.05301),(8.20047,39.05497,1.04429),(8.20148,39.05444,1.03496),(8.20036,39.05512,1.02566),(8.19718,39.05696,1.01701),(8.19216,39.05985,1.0096),(8.18565,39.06358,1.00395),(8.17808,39.0679,1.00043),(8.16997,39.07251,0.99929),(8.16188,39.0771,1.0006),(8.15435,39.08136,1.00428),(8.1479,39.085,1.01007),(8.14297,39.08777,1.01758),(8.1399,39.08948,1.02629),(8.13889,39.09001,1.03562),(8.14001,39.08933,1.04493),(8.14319,39.08749,1.05357),(8.14821,39.0846,1.06098),(8.15472,39.08087,1.06663),(8.16229,39.07655,1.07015),(8.03146,38.89869,1.02672),(8.03048,38.89927,1.03605),(8.03163,38.89863,1.04535),(8.03483,38.89683,1.054),(8.03987,38.89398,1.06141),(8.04641,38.89028,1.06706),(8.05399,38.88598,1.07058),(8.0621,38.88138,1.07172),(8.07019,38.87678,1.07041),(8.03451,38.89693,1.01801),(8.03942,38.89413,1.0105),(8.04585,38.89046,1.00471),(8.05337,38.88618,1.00103),(8.06146,38.88158,0.99972),(8.06957,38.87697,1.00086),(8.07715,38.87267,1.00438),(8.08368,38.86897,1.01003),(8.08872,38.86612,1.01744),(8.09192,38.86432,1.02609),(8.09307,38.86369,1.03539),(8.09209,38.86427,1.04472),(8.08904,38.86602,1.05344),(8.08413,38.86883,1.06094),(8.0777,38.8725,1.06673),(7.9831,38.81551,1.03217),(7.98331,38.81537,1.04156),(7.98558,38.81395,1.05057),(7.98976,38.81136,1.05858),(7.99557,38.80778,1.06505),(8.00261,38.80344,1.06953),(8.0104,38.79865,1.07172),(8.0184,38.79372,1.07146),(8.02609,38.789,1.06879),(8.03292,38.78481,1.06388),(8.03843,38.78143,1.05706),(8.04226,38.7791,1.04879),(8.04413,38.77796,1.03965),(8.04392,38.77811,1.03026),(8.04165,38.77952,1.02125),(8.03747,38.78211,1.01324),(8.03166,38.7857,1.00677),(8.02462,38.79003,1.00229),(8.01683,38.79483,1.00011),(8.00883,38.79975,1.00036),(8.00115,38.80447,1.00303),(7.99431,38.80866,1.00795),(7.9888,38.81204,1.01477),(7.98497,38.81438,1.02303),(7.94706,38.70835,1.07072),(7.95459,38.70274,1.07122),(7.96198,38.69724,1.06926),(7.96871,38.69223,1.065),(7.97432,38.68806,1.05871),(7.97844,38.685,1.05083),(7.98078,38.68327,1.04189),(7.98118,38.68298,1.0325),(7.97962,38.68415,1.02331),(7.9762,38.68671,1.01494),(7.97115,38.69048,1.00795),(7.96483,38.6952,1.00283),(7.95765,38.70055,0.99993),(7.95011,38.70616,0.99944),(7.94273,38.71166,1.00139),(7.936,38.71667,1.00566),(7.93039,38.72084,1.01195),(7.92627,38.7239,1.01983),(7.92393,38.72563,1.02877),(7.92353,38.72592,1.03815),(7.92509,38.72475,1.04734),(7.92851,38.72219,1.05572),(7.93355,38.71842,1.0627),(7.93988,38.7137,1.06782),(7.825,38.55169,1.07197),(7.83095,38.54427,1.07077),(7.83649,38.53735,1.0672),(7.84125,38.53139,1.0615),(7.8449,38.5268,1.05406),(7.84719,38.52391,1.04539),(7.84797,38.52289,1.03608),(7.84718,38.52383,1.02676),(7.84488,38.52666,1.01806),(7.84123,38.53119,1.01059),(7.83646,38.5371,1.00485),(7.83092,38.544,1.00123),(7.82497,38.55141,0.99997),(7.81902,38.55883,1.00117),(7.81348,38.56576,1.00474),(7.80873,38.57172,1.01044),(7.80508,38.5763,1.01788),(7.80278,38.5792,1.02656),(7.802,38.58021,1.03587),(7.80279,38.57927,1.04519),(7.80509,38.57644,1.05388),(7.80875,38.57192,1.06136),(7.81351,38.566,1.0671),(7.81905,38.55911,1.07072),(7.64808,38.46058,1.0724),(7.6455,38.46973,1.07113),(7.64309,38.47824,1.06751),(7.64102,38.48554,1.06176),(7.63943,38.49113,1.05428),(7.63843,38.49463,1.04558),(7.63809,38.49579,1.03626),(7.63842,38.49455,1.02695),(7.63942,38.49099,1.01828),(7.641,38.48534,1.01085),(7.64307,38.478,1.00515),(7.64547,38.46946,1.00159),(7.64806,38.4603,1.0004),(7.65064,38.45116,1.00166),(7.65305,38.44264,1.00529),(7.65512,38.43535,1.01104),(7.65671,38.42976,1.01851),(7.65771,38.42626,1.02721),(7.65805,38.42509,1.03653),(7.65772,38.42633,1.04584),(7.65672,38.4299,1.05451),(7.65514,38.43554,1.06195),(7.65307,38.44289,1.06764),(7.65067,38.45143,1.0712),(7.45078,38.4551,1.07127),(7.44965,38.44568,1.07253),(7.44852,38.43624,1.07134),(7.44746,38.42745,1.06777),(7.44655,38.41988,1.06208),(7.44586,38.41407,1.05464),(7.44542,38.4104,1.04597),(7.44526,38.40912,1.03666),(7.44541,38.41033,1.02734),(7.44584,38.41394,1.01864),(7.44653,38.4197,1.01117),(7.44743,38.42723,1.00542),(7.44849,38.436,1.00179),(7.44962,38.44543,1.00053),(7.45075,38.45486,1.00172),(7.4518,38.46366,1.00529),(7.45271,38.47122,1.01098),(7.45341,38.47704,1.01842),(7.45385,38.48071,1.02709),(7.454,38.48198,1.0364),(7.45385,38.48077,1.04572),(7.45342,38.47716,1.05442),(7.45273,38.4714,1.06189),(7.45183,38.46388,1.06764),(7.31733,38.49808,1.07125),(7.31451,38.48922,1.07243),(7.3116,38.4804,1.07118),(7.30879,38.47222,1.06756),(7.30628,38.46522,1.06184),(7.30423,38.4599,1.05439),(7.30279,38.45661,1.04573),(7.30205,38.45556,1.03643),(7.30204,38.45667,1.02779),(7.31987,38.50638,1.0677),(7.32196,38.51356,1.06203),(7.32344,38.51912,1.05463),(7.32423,38.5227,1.04599),(7.32427,38.52405,1.03671),(7.32363,38.52322,1.02806),(7.32238,38.52044,1.01991),(7.3206,38.51587,1.01272),(7.31837,38.50978,1.00691),(7.31584,38.50252,1.00283),(7.31316,38.49452,1.00071),(7.31047,38.48625,1.00068),(7.30795,38.47818,1.00273),(7.30572,38.47079,1.00675),(7.30393,38.46451,1.01251),(7.30268,38.45971,1.01966),(7.28484,38.46114,1.03792),(7.28441,38.46239,1.02932),(7.28466,38.46556,1.02122),(7.28556,38.47047,1.0141),(7.28707,38.47684,1.00837),(7.2891,38.48429,1.00436),(7.29153,38.49239,1.00232),(7.29422,38.50066,1.00235),(7.297,38.50863,1.00446),(7.29973,38.51582,1.00852),(7.30223,38.52182,1.01431),(7.30437,38.52628,1.02147),(7.30601,38.52893,1.02959),(7.30707,38.52962,1.0382),(7.30748,38.52813,1.04744),(7.3071,38.52442,1.05604),(7.30597,38.51874,1.06342),(7.30416,38.51148,1.06906),(7.30179,38.50312,1.07259),(7.29903,38.49424,1.07377),(7.29605,38.48544,1.07252),(7.28602,38.46204,1.04718),(7.28788,38.4652,1.05581),(7.29028,38.47041,1.06322),(7.29307,38.47731,1.06892),(7.25747,38.47005,1.04236),(7.25743,38.47094,1.03298),(7.25837,38.47403,1.02411),(7.26022,38.47911,1.01637),(7.26286,38.48583,1.01026),(7.2661,38.49374,1.00622),(7.26972,38.5023,1.00451),(7.27348,38.51092,1.00526),(7.27712,38.51902,1.00841),(7.28039,38.52605,1.01374),(7.28307,38.53151,1.0209),(7.28498,38.53506,1.02939),(7.28598,38.53643,1.03864),(7.28602,38.53554,1.04802),(7.28508,38.53245,1.05689),(7.28323,38.52737,1.06464),(7.28059,38.52065,1.07074),(7.27735,38.51274,1.07478),(7.27373,38.50418,1.07649),(7.26997,38.49556,1.07574),(7.26633,38.48746,1.0726),(7.26306,38.48044,1.06726),(7.26038,38.47497,1.0601),(7.25847,38.47143,1.05161),(5.69608,39.39654,1.0302),(5.69239,39.39006,1.03592),(5.68816,39.38248,1.03951),(5.68365,39.37432,1.04074),(5.6792,39.36614,1.03951),(5.67508,39.3585,1.03592),(5.6716,39.3519,1.0302),(5.66897,39.34682,1.02274),(5.66739,39.34358,1.01406),(5.66696,39.34242,1.00475),(5.66772,39.3434,0.99543),(5.6696,39.34648,0.98675),(5.67248,39.35142,0.9793),(5.67616,39.3579,0.97358),(5.6804,39.36548,0.96998),(5.6849,39.37364,0.96875),(5.68936,39.38182,0.96998),(5.69347,39.38947,0.97358),(5.69696,39.39606,0.9793),(5.69958,39.40114,0.98675),(5.70116,39.40438,0.99543),(5.70159,39.40554,1.00475),(5.70084,39.40456,1.01406),(5.69896,39.40149,1.02274),(5.46062,39.53632,0.99001),(5.46105,39.53748,0.99933),(5.4603,39.5365,1.00865),(5.45904,39.53308,0.98133),(5.45642,39.528,0.97388),(5.45294,39.52141,0.96816),(5.44882,39.51376,0.96456),(5.44436,39.50558,0.96334),(5.43986,39.49742,0.96456),(5.43562,39.48984,0.96816),(5.43194,39.48336,0.97388),(5.42906,39.47841,0.98133),(5.42718,39.47534,0.99001),(5.42643,39.47436,0.99933),(5.42686,39.47552,1.00865),(5.42843,39.47876,1.01733),(5.43106,39.48384,1.02478),(5.43454,39.49043,1.0305),(5.43866,39.49808,1.0341),(5.44312,39.50626,1.03532),(5.44762,39.51442,1.0341),(5.45186,39.522,1.0305),(5.45554,39.52848,1.02478),(5.45842,39.53343,1.01733)),$);
#168= IFCTRIANGULATEDFACESET(#167,$,$,((1,2,3),(3,2,4),(3,4,5),(2,1,6),(6,1,7),(6,7,8),(8,7,9),(8,9,10),(10,9,11),(10,11,12),(12,11,13),(12,13,14),(14,13,15),(14,15,16),(16,15,17),(16,17,18),(18,17,19),(18,19,20),(20,19,21),(20,21,22),(22,21,23),(22,23,24),(24,23,25),(24,25,26),(26,25,27),(26,27,28),(28,27,29),(28,29,30),(30,29,31),(30,31,32),(32,31,33),(32,33,34),(34,33,35),(34,35,36),(36,35,37),(36,37,38),(38,37,39),(38,39,40),(40,39,41),(40,41,42),(42,41,43),(42,43,44),(44,43,45),(44,45,46),(46,45,47),(46,47,48),(48,47,49),(48,49,5),(5,49,3),(28,50,26),(26,50,51),(26,51,24),(24,51,52),(24,52,22),(22,52,53),(22,53,20),(20,53,54),(20,54,18),(18,54,55),(18,55,16),(16,55,56),(16,56,14),(14,56,57),(14,57,12),(12,57,58),(12,58,10),(10,58,59),(10,59,8),(8,59,60),(8,60,6),(6,60,61),(6,61,2),(2,61,62),(2,62,4),(4,62,63),(4,63,5),(5,63,64),(5,64,48),(48,64,46),(46,64,65),(46,65,44),(44,65,66),(44,66,42),(42,66,67),(42,67,40),(40,67,68),(40,68,38),(38,68,69),(38,69,36),(36,69,70),(36,70,34),(34,70,71),(34,71,32),(32,71,72),(32,72,30),(30,72,73),(30,73,28),(28,73,50),(70,74,71),(71,74,75),(71,75,72),(72,75,76),(72,76,73),(73,76,77),(73,77,50),(50,77,78),(50,78,51),(51,78,79),(51,79,52),(52,79,80),(52,80,53),(53,80,81),(53,81,54),(54,81,82),(54,82,55),(55,82,83),(55,83,56),(56,83,84),(56,84,57),(57,84,85),(57,85,58),(58,85,86),(58,86,59),(59,86,87),(59,87,60),(60,87,88),(60,88,61),(61,88,89),(61,89,62),(62,89,90),(62,90,63),(63,90,91),(63,91,64),(64,91,92),(64,92,65),(65,92,93),(65,93,66),(66,93,94),(66,94,67),(67,94,95),(67,95,68),(68,95,96),(68,96,69),(69,96,97),(69,97,70),(70,97,74),(96,98,97),(97,98,99),(97,99,74),(74,99,100),(74,100,75),(75,100,101),(75,101,76),(76,101,102),(76,102,77),(77,102,103),(77,103,78),(78,103,104),(78,104,79),(79,104,105),(79,105,80),(80,105,106),(80,106,81),(81,106,107),(81,107,82),(82,107,108),(82,108,83),(83,108,109),(83,109,84),(84,109,110),(84,110,85),(85,110,111),(85,111,86),(86,111,112),(86,112,87),(87,112,113),(87,113,88),(88,113,114),(88,114,89),(89,114,115),(89,115,90),(90,115,116),(90,116,91),(91,116,117),(91,117,92),(92,117,118),(92,118,93),(93,118,119),(93,119,94),(94,119,120),(94,120,95),(95,120,121),(95,121,96),(96,121,98),(120,122,121),(121,122,123),(121,123,98),(98,123,124),(98,124,99),(99,124,125),(99,125,100),(100,125,126),(100,126,101),(101,126,127),(101,127,102),(102,127,128),(102,128,103),(103,128,129),(103,129,104),(104,129,130),(104,130,105),(105,130,131),(105,131,106),(106,131,132),(106,132,107),(107,132,133),(107,133,108),(108,133,134),(108,134,109),(109,134,135),(109,135,110),(110,135,136),(110,136,111),(111,136,137),(111,137,112),(112,137,138),(112,138,113),(113,138,139),(113,139,114),(114,139,140),(114,140,115),(115,140,141),(115,141,116),(116,141,142),(116,142,117),(117,142,143),(117,143,118),(118,143,144),(118,144,119),(119,144,145),(119,145,120),(120,145,122),(145,146,122),(122,146,147),(122,147,123),(123,147,148),(123,148,124),(124,148,149),(124,149,125),(125,149,150),(125,150,126),(126,150,151),(126,151,127),(127,151,152),(127,152,128),(128,152,153),(128,153,129),(129,153,154),(129,154,130),(130,154,155),(130,155,131),(131,155,156),(131,156,132),(132,156,157),(132,157,133),(133,157,158),(133,158,134),(134,158,159),(134,159,135),(135,159,160),(135,160,136),(136,160,161),(136,161,137),(137,161,162),(137,162,138),(138,162,163),(138,163,139),(139,163,164),(139,164,140),(140,164,165),(140,165,141),(141,165,166),(141,166,142),(142,166,167),(142,167,143),(143,167,168),(143,168,144),(144,168,169),(144,169,145),(145,169,146),(164,170,165),(165,170,171),(165,171,166),(166,171,172),(166,172,167),(167,172,173),(167,173,168),(168,173,174),(168,174,169),(169,174,175),(169,175,146),(146,175,176),(146,176,147),(147,176,177),(147,177,148),(148,177,178),(148,178,149),(149,178,179),(149,179,150),(150,179,180),(150,180,151),(151,180,181),(151,181,152),(152,181,182),(152,182,153),(153,182,183),(153,183,154),(154,183,184),(154,184,155),(155,184,185),(155,185,156),(156,185,186),(156,186,157),(157,186,187),(157,187,158),(158,187,188),(158,188,159),(159,188,189),(159,189,160),(160,189,190),(160,190,161),(161,190,191),(161,191,162),(162,191,192),(162,192,163),(163,192,193),(163,193,164),(164,193,170),(175,194,176),(176,194,195),(176,195,177),(177,195,196),(177,196,178),(178,196,197),(178,197,179),(179,197,198),(179,198,180),(180,198,199),(180,199,181),(181,199,200),(181,200,182),(182,200,201),(182,201,183),(183,201,202),(183,202,184),(184,202,203),(184,203,185),(185,203,204),(185,204,186),(186,204,205),(186,205,187),(187,205,206),(187,206,188),(188,206,207),(188,207,189),(189,207,208),(189,208,190),(190,208,209),(190,209,191),(191,209,210),(191,210,192),(192,210,211),(192,211,193),(193,211,212),(193,212,170),(170,212,213),(170,213,171),(171,213,214),(171,214,172),(172,214,215),(172,215,173),(173,215,216),(173,216,174),(174,216,217),(174,217,175),(175,217,194),(200,218,201),(201,218,219),(201,219,202),(202,219,220),(202,220,203),(203,220,221),(203,221,204),(204,221,222),(204,222,205),(205,222,223),(205,223,206),(206,223,224),(206,224,207),(207,224,225),(207,225,208),(208,225,226),(208,226,209),(209,226,227),(209,227,210),(210,227,228),(210,228,211),(211,228,229),(211,229,212),(212,229,230),(212,230,213),(213,230,231),(213,231,214),(214,231,232),(214,232,215),(215,232,233),(215,233,216),(216,233,234),(216,234,217),(217,234,235),(217,235,194),(194,235,236),(194,236,195),(195,236,237),(195,237,196),(196,237,238),(196,238,197),(197,238,239),(197,239,198),(198,239,240),(198,240,199),(199,240,241),(199,241,200),(200,241,218),(236,242,237),(237,242,243),(237,243,238),(238,243,244),(238,244,239),(239,244,245),(239,245,240),(240,245,246),(240,246,241),(241,246,247),(241,247,218),(218,247,248),(218,248,219),(219,248,249),(219,249,220),(220,249,250),(220,250,221),(221,250,251),(221,251,222),(222,251,252),(222,252,223),(223,252,253),(223,253,224),(224,253,254),(224,254,225),(225,254,255),(225,255,226),(226,255,256),(226,256,227),(227,256,257),(227,257,228),(228,257,258),(228,258,229),(229,258,259),(229,259,230),(230,259,260),(230,260,231),(231,260,261),(231,261,232),(232,261,262),(232,262,233),(233,262,263),(233,263,234),(234,263,264),(234,264,235),(235,264,265),(235,265,236),(236,265,242),(243,266,244),(244,266,267),(244,267,245),(245,267,268),(245,268,246),(246,268,269),(246,269,247),(247,269,270),(247,270,248),(248,270,271),(248,271,249),(249,271,272),(249,272,250),(250,272,273),(250,273,251),(251,273,274),(251,274,252),(252,274,275),(252,275,253),(253,275,276),(253,276,254),(254,276,277),(254,277,255),(255,277,278),(255,278,256),(256,278,279),(256,279,257),(257,279,280),(257,280,258),(258,280,281),(258,281,259),(259,281,282),(259,282,260),(260,282,283),(260,283,261),(261,283,284),(261,284,262),(262,284,285),(262,285,263),(263,285,286),(263,286,264),(264,286,287),(264,287,265),(265,287,288),(265,288,242),(242,288,289),(242,289,243),(243,289,266),(282,290,283),(283,290,291),(283,291,284),(284,291,292),(284,292,285),(285,292,293),(285,293,286),(286,293,294),(286,294,287),(287,294,295),(287,295,288),(288,295,296),(288,296,289),(289,296,266),(266,296,297),(266,297,267),(267,297,298),(267,298,268),(268,298,299),(268,299,269),(269,299,300),(269,300,270),(270,300,301),(270,301,271),(271,301,302),(271,302,272),(272,302,303),(272,303,273),(273,303,304),(273,304,274),(274,304,305),(274,305,275),(275,305,306),(275,306,276),(276,306,307),(276,307,277),(277,307,308),(277,308,309),(290,282,310),(310,282,281),(310,281,311),(311,281,280),(311,280,312),(312,280,279),(312,279,313),(313,279,278),(313,278,309),(309,278,277),(310,314,290),(290,314,315),(290,315,291),(291,315,316),(291,316,292),(292,316,317),(292,317,293),(293,317,318),(293,318,294),(294,318,319),(294,319,295),(295,319,320),(295,320,296),(296,320,321),(296,321,297),(297,321,322),(297,322,298),(298,322,323),(298,323,299),(299,323,324),(299,324,300),(300,324,325),(300,325,301),(301,325,326),(301,326,302),(302,326,327),(302,327,303),(303,327,328),(303,328,304),(304,328,329),(304,329,305),(305,329,330),(305,330,306),(306,330,331),(306,331,307),(307,331,332),(307,332,308),(308,332,333),(308,333,309),(309,333,334),(309,334,313),(313,334,335),(313,335,312),(312,335,336),(312,336,311),(311,336,337),(311,337,310),(310,337,314),(320,338,321),(321,338,339),(321,339,322),(322,339,340),(322,340,323),(323,340,341),(323,341,324),(324,341,342),(324,342,325),(325,342,343),(325,343,326),(326,343,344),(326,344,327),(327,344,345),(327,345,328),(328,345,346),(328,346,329),(329,346,347),(329,347,330),(330,347,348),(330,348,331),(331,348,349),(331,349,332),(332,349,350),(332,350,333),(333,350,351),(333,351,334),(334,351,352),(334,352,335),(335,352,353),(335,353,336),(336,353,354),(336,354,337),(337,354,355),(337,355,314),(314,355,356),(314,356,315),(315,356,357),(315,357,316),(316,357,358),(316,358,317),(317,358,359),(317,359,318),(318,359,360),(318,360,319),(319,360,361),(319,361,320),(320,361,338),(355,362,356),(356,362,363),(356,363,357),(357,363,364),(357,364,358),(358,364,365),(358,365,359),(359,365,366),(359,366,360),(360,366,367),(360,367,361),(361,367,368),(361,368,338),(338,368,369),(338,369,370),(362,355,371),(371,355,354),(371,354,372),(372,354,353),(372,353,373),(373,353,352),(373,352,374),(374,352,351),(374,351,375),(375,351,350),(375,350,349),(375,349,376),(376,349,348),(376,348,377),(377,348,347),(377,347,378),(378,347,346),(378,346,379),(379,346,345),(379,345,380),(380,345,344),(380,344,381),(381,344,343),(381,343,382),(382,343,342),(382,342,383),(383,342,341),(383,341,384),(384,341,340),(384,340,385),(385,340,339),(385,339,370),(370,339,338),(362,386,363),(363,386,387),(363,387,364),(364,387,388),(364,388,365),(365,388,389),(365,389,366),(366,389,390),(366,390,367),(367,390,391),(367,391,368),(368,391,392),(368,392,369),(369,392,393),(369,393,370),(370,393,394),(370,394,385),(385,394,395),(385,395,384),(384,395,396),(384,396,383),(383,396,397),(383,397,382),(382,397,398),(382,398,381),(381,398,399),(381,399,380),(380,399,400),(380,400,379),(379,400,401),(379,401,378),(378,401,402),(378,402,377),(377,402,403),(377,403,376),(376,403,404),(376,404,375),(375,404,405),(375,405,374),(374,405,406),(374,406,373),(373,406,407),(373,407,372),(372,407,408),(372,408,371),(371,408,409),(371,409,362),(362,409,386),(391,410,392),(392,410,411),(392,411,393),(393,411,412),(393,412,394),(394,412,413),(394,413,395),(395,413,414),(395,414,396),(396,414,415),(396,415,397),(397,415,416),(397,416,398),(398,416,417),(398,417,399),(399,417,418),(399,418,400),(400,418,419),(400,419,401),(401,419,420),(401,420,402),(402,420,421),(402,421,403),(403,421,422),(403,422,404),(404,422,423),(404,423,405),(405,423,424),(405,424,406),(406,424,425),(406,425,407),(407,425,426),(407,426,408),(408,426,427),(408,427,409),(409,427,428),(409,428,386),(386,428,429),(386,429,387),(387,429,430),(387,430,388),(388,430,431),(388,431,389),(389,431,432),(389,432,390),(390,432,433),(390,433,391),(391,433,410),(410,434,411),(411,434,435),(411,435,412),(412,435,436),(412,436,413),(413,436,437),(413,437,414),(414,437,438),(414,438,415),(415,438,439),(415,439,416),(416,439,440),(416,440,417),(417,440,441),(417,441,418),(418,441,442),(418,442,419),(419,442,443),(419,443,420),(420,443,444),(420,444,421),(421,444,445),(421,445,422),(422,445,446),(422,446,423),(423,446,447),(423,447,424),(424,447,448),(424,448,425),(425,448,449),(425,449,426),(426,449,450),(426,450,427),(427,450,451),(427,451,428),(428,451,452),(428,452,429),(429,452,453),(429,453,430),(430,453,454),(430,454,431),(431,454,455),(431,455,432),(432,455,456),(432,456,433),(433,456,457),(433,457,410),(410,457,434),(435,434,458),(458,434,457),(458,457,459),(459,457,460),(460,457,456),(460,456,461),(461,456,455),(461,455,462),(462,455,454),(462,454,463),(463,454,453),(463,453,464),(464,453,452),(464,452,451),(464,451,465),(465,451,450),(465,450,466),(466,450,449),(466,449,467),(467,449,448),(467,448,468),(468,448,447),(468,447,469),(469,447,446),(469,446,470),(470,446,445),(470,445,471),(471,445,444),(471,444,472),(472,444,443),(472,443,473),(473,443,442),(473,442,474),(474,442,441),(474,441,475),(475,441,440),(475,440,476),(476,440,439),(476,439,477),(477,439,478),(478,439,438),(478,438,479),(479,438,437),(479,437,480),(480,437,436),(480,436,481),(481,436,435),(481,435,458),(459,482,458),(458,482,483),(458,483,481),(481,483,484),(481,484,480),(480,484,485),(480,485,479),(479,485,486),(479,486,478),(478,486,487),(478,487,477),(477,487,488),(477,488,476),(476,488,489),(476,489,475),(475,489,490),(475,490,474),(474,490,491),(474,491,473),(473,491,492),(473,492,472),(472,492,493),(472,493,471),(471,493,494),(471,494,470),(470,494,495),(470,495,469),(469,495,496),(469,496,468),(468,496,497),(468,497,467),(467,497,498),(467,498,466),(466,498,499),(466,499,465),(465,499,500),(465,500,464),(464,500,501),(464,501,463),(463,501,502),(463,502,462),(462,502,503),(462,503,461),(461,503,504),(461,504,460),(460,504,505),(460,505,459),(459,505,482),(482,506,483),(483,506,507),(483,507,484),(484,507,508),(484,508,485),(485,508,509),(485,509,486),(486,509,510),(486,510,487),(487,510,511),(487,511,488),(488,511,512),(488,512,489),(489,512,513),(489,513,514),(506,482,515),(515,482,505),(515,505,516),(516,505,504),(516,504,517),(517,504,503),(517,503,518),(518,503,502),(518,502,519),(519,502,501),(519,501,520),(520,501,500),(520,500,521),(521,500,499),(521,499,522),(522,499,498),(522,498,523),(523,498,497),(523,497,524),(524,497,496),(524,496,525),(525,496,495),(525,495,526),(526,495,494),(526,494,527),(527,494,493),(527,493,528),(528,493,492),(528,492,529),(529,492,491),(529,491,530),(530,491,490),(530,490,514),(514,490,489),(512,531,513),(513,531,532),(513,532,514),(514,532,533),(514,533,530),(530,533,534),(530,534,529),(529,534,535),(529,535,528),(528,535,536),(528,536,527),(527,536,537),(527,537,526),(526,537,525),(525,537,538),(525,538,524),(524,538,539),(524,539,523),(523,539,540),(523,540,522),(522,540,541),(522,541,521),(521,541,542),(521,542,520),(520,542,543),(520,543,519),(519,543,544),(519,544,518),(518,544,545),(518,545,517),(517,545,546),(517,546,516),(516,546,547),(516,547,515),(515,547,548),(515,548,506),(506,548,549),(506,549,507),(507,549,550),(507,550,551),(531,512,552),(552,512,511),(552,511,553),(553,511,510),(553,510,554),(554,510,509),(554,509,555),(555,509,508),(555,508,551),(551,508,507),(552,556,531),(531,556,557),(531,557,532),(532,557,558),(532,558,533),(533,558,534),(534,558,559),(534,559,535),(535,559,560),(535,560,536),(536,560,561),(536,561,537),(537,561,562),(537,562,538),(538,562,563),(538,563,539),(539,563,564),(539,564,540),(540,564,565),(540,565,541),(541,565,566),(541,566,542),(542,566,567),(542,567,543),(543,567,568),(543,568,544),(544,568,569),(544,569,545),(545,569,570),(545,570,546),(546,570,571),(546,571,547),(547,571,572),(547,572,548),(548,572,573),(548,573,549),(549,573,574),(549,574,550),(550,574,575),(550,575,551),(551,575,576),(551,576,555),(555,576,577),(555,577,554),(554,577,578),(554,578,553),(553,578,579),(553,579,552),(552,579,556),(571,580,572),(572,580,581),(572,581,573),(573,581,582),(573,582,574),(574,582,583),(574,583,575),(575,583,584),(575,584,576),(576,584,585),(576,585,577),(577,585,586),(577,586,578),(578,586,587),(578,587,579),(579,587,588),(579,588,556),(556,588,589),(556,589,557),(557,589,590),(557,590,558),(558,590,591),(558,591,559),(559,591,592),(559,592,560),(560,592,593),(560,593,561),(561,593,594),(561,594,562),(562,594,595),(562,595,563),(563,595,596),(563,596,564),(564,596,597),(564,597,565),(565,597,598),(565,598,566),(566,598,599),(566,599,567),(567,599,600),(567,600,568),(568,600,601),(568,601,569),(569,601,602),(569,602,570),(570,602,603),(570,603,571),(571,603,580),(600,604,601),(601,604,605),(601,605,606),(600,599,604),(604,599,607),(607,599,598),(607,598,608),(608,598,609),(609,598,597),(609,597,610),(610,597,596),(610,596,611),(611,596,595),(611,595,612),(612,595,594),(612,594,613),(613,594,593),(613,593,614),(614,593,592),(614,592,615),(615,592,591),(615,591,616),(616,591,590),(616,590,617),(617,590,589),(617,589,588),(617,588,618),(618,588,587),(618,587,619),(619,587,586),(619,586,620),(620,586,585),(620,585,621),(621,585,584),(621,584,622),(622,584,583),(622,583,623),(623,583,582),(623,582,624),(624,582,581),(624,581,625),(625,581,580),(625,580,626),(626,580,627),(627,580,603),(627,603,606),(606,603,602),(606,602,601),(49,11,3),(3,11,9),(3,9,7),(49,47,11),(11,47,13),(13,47,15),(15,47,45),(15,45,43),(43,41,15),(15,41,17),(17,41,39),(17,39,37),(35,23,37),(37,23,21),(37,21,19),(23,35,25),(25,35,33),(25,33,31),(29,27,31),(31,27,25),(19,17,37),(7,1,3),(606,605,627),(627,605,604),(627,604,607),(607,608,627),(627,608,626),(626,608,625),(625,608,624),(624,608,609),(624,609,623),(623,609,610),(623,610,611),(611,612,623),(623,612,622),(622,612,621),(621,612,620),(620,612,619),(619,612,613),(619,613,614),(614,615,619),(619,615,618),(618,615,617),(617,615,616)),$);
#169= IFCSHAPEREPRESENTATION(#28,'Body','Tessellation',(#168));
#170= IFCPRODUCTDEFINITIONSHAPE($,$,(#169));
#171= IFCLOCALPLACEMENT(#5,#22);
#172= IFCBUILTELEMENT('1BvUSJnYv2UgyAZJwtItI8',$,'KSR_60_VK',$,$,#171,#170,'E03');
#173= IFCCOLOURRGB('94',0.0,0.6,0.0);
#174= IFCSURFACESTYLESHADING(#173,$);
#175= IFCSURFACESTYLE($,.BOTH.,(#174));
#176= IFCPRESENTATIONLAYERWITHSTYLE('KSR_60_VK',$,(#168,#195,#216,#237,#258,#279,#300),$,.U.,.U.,.U.,(#175));
#177= IFCSTYLEDITEM(#168,(#175),'KSR_60_VK');
#178= IFCPROPERTYSET('2FZSlxWeX9EQTjj07fmfot',$,'Properties',$,(#44,#45,#46,#47,#48,#49,#50,#51,#52,#53,#54,#55,#56,#57,#58,#59,#60,#61,#62,#63,#64,#65,#66,#67,#69,#70,#180,#181));
#179= IFCRELDEFINESBYPROPERTIES('0xdH9UfpbE1P7rvg2jyg70',$,$,$,(#172),#178);
#180= IFCPROPERTYSINGLEVALUE('Area',$,IFCREAL(2.16808768199446),$);
#181= IFCPROPERTYSINGLEVALUE('Bounds',$,IFCLABEL('((2701735.42641542,1166149.40912252,1995.93107572171),(2701742.48044257,1166154.57988014,1996.26443227913))'),$);
#182= IFCPROPERTYSET('2ghX4B60j4QPGy4wIGgClA',$,'Misc',$,(#73,#74,#75,#76));
#183= IFCRELDEFINESBYPROPERTIES('2mKuof6pDEDvWN53WJl8rS',$,$,$,(#172),#182);
#184= IFCPROPERTYSET('1fFnuKWuz5OxpEuyXjUwtb',$,'3D Visualization',$,(#79,#80,#81));
#185= IFCRELDEFINESBYPROPERTIES('1lAgDAyirEfQN8m1wGDaBE',$,$,$,(#172),#184);
#186= IFCPROPERTYSET('2BlX5F3LDFSeTVDKk7xi_B',$,'General',$,(#84,#86,#87,#88,#89,#188));
#187= IFCRELDEFINESBYPROPERTIES('2xUx9Jy6PA_9RZI9j$n7nE',$,$,$,(#172),#186);
#188= IFCPROPERTYSINGLEVALUE('Layer',$,IFCLABEL('KSR_60_VK'),$);
#189= IFCPROPERTYSET('2JGjwRRxz8nQad_eOBYaDk',$,'Geometry',$,(#92));
#190= IFCRELDEFINESBYPROPERTIES('3Ord7w7tTB1v4TGBWHKQQ5',$,$,$,(#172),#189);
#191= IFCPROPERTYSET('1QNjOQXSf4axrGtp6gToTh',$,'01_Info',$,(#193));
#192= IFCRELDEFINESBYPROPERTIES('0Uajlyvov01A5kVrjnb2PP',$,$,$,(#172),#191);
#193= IFCPROPERTYSINGLEVALUE('Typ',$,IFCLABEL('KSR DN 60/72'),$);
#194= IFCCARTESIANPOINTLIST3D(((5.24009,30.09441,1.1439),(5.50269,30.04831,1.13291),(5.24036,30.09362,1.15326),(5.50278,30.04767,1.14171),(5.50326,30.04927,1.1508),(5.50298,30.05104,1.12452),(5.24025,30.09756,1.13505),(5.50362,30.0557,1.11705),(5.24084,30.10286,1.12731),(5.50459,30.062,1.11095),(5.24181,30.10994,1.12121),(5.50582,30.06957,1.10659),(5.2431,30.11833,1.11716),(5.50723,30.07795,1.10421),(5.24462,30.12744,1.11545),(5.50875,30.08664,1.10398),(5.24627,30.13667,1.11618),(5.51027,30.09512,1.1059),(5.24793,30.14537,1.11932),(5.51172,30.10287,1.10986),(5.24949,30.15296,1.12463),(5.513,30.10943,1.11562),(5.25085,30.15892,1.13177),(5.51404,30.11441,1.12283),(5.25191,30.16285,1.14024),(5.51477,30.11751,1.13106),(5.2526,30.16447,1.14947),(5.51515,30.11855,1.13981),(5.25288,30.16367,1.15883),(5.51514,30.11734,1.14898),(5.25271,30.16052,1.16768),(5.51473,30.11388,1.15754),(5.25213,30.15522,1.17542),(5.51394,30.10839,1.16493),(5.25115,30.14814,1.18152),(5.51281,30.10123,1.17067),(5.24986,30.13975,1.18557),(5.51143,30.09288,1.17437),(5.24834,30.13064,1.18728),(5.50989,30.08388,1.1758),(5.2467,30.12142,1.18655),(5.50828,30.07483,1.17486),(5.24503,30.11271,1.18342),(5.50672,30.06632,1.1716),(5.24347,30.10512,1.1781),(5.5053,30.05892,1.16626),(5.24211,30.09916,1.17097),(5.50413,30.05311,1.15916),(5.24105,30.09524,1.16249),(5.807,30.0671,1.14432),(5.80711,30.06713,1.13492),(5.80702,30.06473,1.12583),(5.80673,30.06005,1.11766),(5.80626,30.05342,1.11098),(5.80565,30.04529,1.10624),(5.80494,30.03621,1.10376),(5.80417,30.0268,1.10371),(5.8034,30.01771,1.1061),(5.80269,30.00955,1.11075),(5.80207,30.00288,1.11736),(5.80159,29.99815,1.12548),(5.80128,29.99568,1.13454),(5.80118,29.99565,1.14394),(5.80127,29.99806,1.15303),(5.80156,30.00274,1.16119),(5.80202,30.00937,1.16787),(5.80263,30.0175,1.17262),(5.80335,30.02657,1.1751),(5.80411,30.03598,1.17515),(5.80488,30.04507,1.17276),(5.8056,30.05324,1.1681),(5.80622,30.05991,1.16149),(5.8067,30.06464,1.15338),(5.98797,30.02474,1.17877),(5.98604,30.03406,1.17975),(5.98416,30.04333,1.17828),(5.98248,30.05192,1.17446),(5.98109,30.05924,1.16855),(5.9801,30.06479,1.16095),(5.97957,30.06819,1.15218),(5.97954,30.06922,1.14283),(5.98002,30.0678,1.13355),(5.98096,30.06403,1.12497),(5.98231,30.05816,1.11766),(5.98397,30.0506,1.11214),(5.98583,30.04186,1.10877),(5.98776,30.03254,1.10779),(5.98964,30.02327,1.10926),(5.99133,30.01468,1.11308),(5.99271,30.00737,1.11899),(5.9937,30.00182,1.12659),(5.99423,29.99841,1.13536),(5.99426,29.99739,1.14471),(5.99379,29.99881,1.15399),(5.99284,30.00258,1.16257),(5.99149,30.00844,1.16988),(5.98983,30.016,1.1754),(6.17169,30.11102,1.18257),(6.16632,30.11885,1.18114),(6.16124,30.12606,1.17734),(6.1568,30.13217,1.17145),(6.15331,30.13675,1.16386),(6.15099,30.13949,1.15509),(6.15001,30.14021,1.14575),(6.15043,30.13886,1.13645),(6.15223,30.13553,1.12785),(6.15528,30.13045,1.12051),(6.15937,30.12396,1.11496),(6.16423,30.1165,1.11156),(6.16953,30.10859,1.11054),(6.1749,30.10076,1.11197),(6.17997,30.09355,1.11577),(6.18441,30.08744,1.12166),(6.18791,30.08286,1.12925),(6.19023,30.08011,1.13802),(6.19121,30.07939,1.14736),(6.19078,30.08074,1.15666),(6.18899,30.08407,1.16526),(6.18594,30.08916,1.1726),(6.18184,30.09565,1.17815),(6.17698,30.10311,1.18155),(6.30537,30.25862,1.1618),(6.29762,30.26331,1.15873),(6.29071,30.26722,1.15348),(6.28512,30.27009,1.14641),(6.28121,30.27172,1.13798),(6.27926,30.272,1.12879),(6.27939,30.27091,1.11946),(6.28161,30.26852,1.11061),(6.28576,30.265,1.10286),(6.29156,30.26058,1.09674),(6.29861,30.25558,1.09265),(6.30642,30.25032,1.09088),(6.31448,30.24517,1.09155),(6.32223,30.24048,1.09462),(6.32914,30.23657,1.09987),(6.33474,30.2337,1.10695),(6.33864,30.23207,1.11537),(6.34059,30.23179,1.12456),(6.34046,30.23289,1.1339),(6.33824,30.23528,1.14274),(6.33409,30.2388,1.15049),(6.32829,30.24321,1.15662),(6.32124,30.24822,1.1607),(6.31343,30.25347,1.16247),(6.38911,30.43751,1.14684),(6.38003,30.44009,1.14718),(6.37114,30.44246,1.14508),(6.36304,30.44447,1.14069),(6.35629,30.44597,1.1343),(6.35134,30.44687,1.12635),(6.34854,30.4471,1.11739),(6.34807,30.44664,1.10801),(6.34997,30.44554,1.09887),(6.3541,30.44385,1.09058),(6.36019,30.44171,1.0837),(6.36782,30.43925,1.07872),(6.37647,30.43664,1.07596),(6.38555,30.43406,1.07562),(6.39444,30.43169,1.07772),(6.40254,30.42968,1.08211),(6.40929,30.42818,1.0885),(6.41424,30.42728,1.09645),(6.41704,30.42705,1.10542),(6.41751,30.42751,1.11479),(6.41561,30.42861,1.12394),(6.41148,30.4303,1.13223),(6.40539,30.43244,1.1391),(6.39776,30.4349,1.14408),(6.41961,30.57205,1.13907),(6.41132,30.57358,1.14116),(6.40277,30.57509,1.14117),(6.39445,30.57649,1.1391),(6.38685,30.5777,1.13508),(6.42716,30.57059,1.13502),(6.43352,30.56928,1.12924),(6.43832,30.56819,1.12208),(6.44129,30.5674,1.11396),(6.44224,30.56694,1.10534),(6.44096,30.56686,1.09604),(6.43735,30.56721,1.08737),(6.43166,30.56797,1.07994),(6.42428,30.56908,1.07425),(6.41571,30.57047,1.07067),(6.40653,30.57205,1.06946),(6.39737,30.57371,1.0707),(6.38886,30.57533,1.0743),(6.38156,30.57681,1.08002),(6.37598,30.57804,1.08747),(6.37249,30.57894,1.09614),(6.37134,30.57945,1.10544),(6.37242,30.57955,1.11406),(6.3755,30.57927,1.12218),(6.38041,30.57864,1.12932),(6.45686,31.05845,1.10329),(6.45581,31.05853,1.09467),(6.457,31.05822,1.08536),(6.46052,31.0575,1.07668),(6.46613,31.05643,1.06923),(6.47345,31.05507,1.06351),(6.48198,31.05353,1.0599),(6.49114,31.0519,1.05867),(6.45991,31.058,1.11141),(6.46479,31.05722,1.11856),(6.47121,31.05615,1.12431),(6.4788,31.05486,1.12834),(6.48711,31.05342,1.13041),(6.49567,31.05191,1.1304),(6.50396,31.05042,1.1283),(6.51152,31.04904,1.12425),(6.5179,31.04785,1.11847),(6.52273,31.04692,1.11131),(6.52573,31.0463,1.10318),(6.52672,31.04603,1.09456),(6.52547,31.04614,1.08525),(6.52189,31.04668,1.07659),(6.51623,31.04759,1.06915),(6.50887,31.04882,1.06345),(6.50031,31.05029,1.05988),(6.47381,31.16062,1.09476),(6.47499,31.16039,1.08544),(6.4785,31.15975,1.07674),(6.48411,31.15874,1.06927),(6.49143,31.15743,1.06353),(6.49997,31.15592,1.0599),(6.50914,31.1543,1.05865),(6.51832,31.15268,1.05985),(6.52689,31.15118,1.06342),(6.53425,31.1499,1.06911),(6.53991,31.14892,1.07655),(6.54348,31.14831,1.08522),(6.54472,31.14812,1.09454),(6.54354,31.14835,1.10386),(6.54003,31.14899,1.11255),(6.53442,31.15,1.12003),(6.5271,31.15131,1.12577),(6.51856,31.15282,1.12939),(6.50939,31.15444,1.13065),(6.50021,31.15606,1.12945),(6.49165,31.15756,1.12588),(6.48429,31.15884,1.12018),(6.47863,31.15982,1.11274),(6.47505,31.16043,1.10407),(6.65026,31.74943,1.08577),(6.65056,31.7494,1.09516),(6.64846,31.74975,1.10431),(6.64408,31.75046,1.1126),(6.63773,31.75148,1.11946),(6.62985,31.75274,1.12442),(6.62096,31.75415,1.12714),(6.61168,31.75562,1.12745),(6.60264,31.75704,1.12531),(6.59446,31.75833,1.12088),(6.58768,31.75938,1.11445),(6.58278,31.76014,1.10647),(6.58008,31.76055,1.09748),(6.57978,31.76058,1.08808),(6.58189,31.76023,1.07893),(6.58627,31.75952,1.07064),(6.59261,31.7585,1.06379),(6.6005,31.75724,1.05883),(6.60938,31.75583,1.0561),(6.61866,31.75436,1.0558),(6.6277,31.75294,1.05793),(6.63589,31.75165,1.06237),(6.64266,31.75059,1.06879),(6.64757,31.74984,1.07677),(6.70588,32.33471,1.12688),(6.69665,32.33599,1.12813),(6.68742,32.33729,1.12693),(6.67881,32.33851,1.12337),(6.67142,32.33956,1.11767),(6.66573,32.34038,1.11023),(6.66215,32.34091,1.10156),(6.66091,32.34112,1.09224),(6.6621,32.34098,1.08292),(6.66564,32.34051,1.07423),(6.67128,32.33975,1.06676),(6.67865,32.33873,1.06101),(6.68724,32.33754,1.05739),(6.69646,32.33625,1.05613),(6.70569,32.33496,1.05733),(6.7143,32.33374,1.0609),(6.7217,32.33269,1.0666),(6.72739,32.33187,1.07404),(6.73097,32.33133,1.08271),(6.73221,32.33113,1.09202),(6.73102,32.33127,1.10134),(6.72748,32.33173,1.11004),(6.72183,32.3325,1.11751),(6.71447,32.33351,1.12325),(6.76757,32.58362,1.09344),(6.76637,32.58368,1.10277),(6.76282,32.58408,1.11146),(6.75717,32.58478,1.11893),(6.74979,32.58575,1.12468),(6.7412,32.58691,1.1283),(6.73197,32.58819,1.12955),(6.72274,32.58949,1.12836),(6.71414,32.59074,1.12479),(6.70675,32.59184,1.11909),(6.70107,32.59272,1.11165),(6.6975,32.59333,1.10298),(6.69627,32.59361,1.09367),(6.69747,32.59355,1.08435),(6.70102,32.59315,1.07565),(6.70667,32.59244,1.06818),(6.71405,32.59148,1.06244),(6.72264,32.59032,1.05881),(6.73187,32.58904,1.05756),(6.74109,32.58773,1.05876),(6.76634,32.5839,1.08413),(6.76277,32.5845,1.07546),(6.75709,32.58539,1.06802),(6.7497,32.58649,1.06233),(6.79654,32.79252,1.09276),(6.79647,32.79241,1.10216),(6.79397,32.79255,1.11122),(6.78923,32.79294,1.11933),(6.78256,32.79355,1.12592),(6.77442,32.79433,1.13056),(6.76537,32.79524,1.13293),(6.75601,32.79621,1.13286),(6.747,32.79718,1.13037),(6.73894,32.79807,1.12561),(6.73238,32.79883,1.11892),(6.72777,32.79941,1.11074),(6.72542,32.79977,1.10165),(6.7255,32.79988,1.09225),(6.72799,32.79973,1.08319),(6.73274,32.79934,1.07509),(6.7394,32.79874,1.06849),(6.74754,32.79795,1.06385),(6.7566,32.79704,1.06148),(6.76595,32.79607,1.06155),(6.77497,32.79511,1.06405),(6.78303,32.79421,1.06881),(6.78959,32.79345,1.0755),(6.7942,32.79287,1.08367),(6.83195,33.83831,1.14097),(6.82262,33.83879,1.13995),(6.81387,33.83924,1.13654),(6.8063,33.83965,1.13099),(6.80043,33.83997,1.12366),(6.79665,33.84019,1.11505),(6.79522,33.8403,1.10577),(6.79624,33.84028,1.09642),(6.79964,33.84013,1.08767),(6.80519,33.83988,1.08009),(6.81251,33.83952,1.0742),(6.82111,33.8391,1.07042),(6.83038,33.83863,1.06899),(6.83972,33.83816,1.07001),(6.84846,33.8377,1.07341),(6.85603,33.83729,1.07897),(6.86191,33.83697,1.0863),(6.86569,33.83675,1.0949),(6.86712,33.83664,1.10419),(6.8661,33.83666,1.11353),(6.86269,33.83681,1.12229),(6.85714,33.83706,1.12987),(6.84982,33.83742,1.13575),(6.84123,33.83784,1.13954),(6.84489,34.23462,1.14075),(6.83557,34.23493,1.13954),(6.82689,34.23523,1.13596),(6.81942,34.2355,1.13026),(6.81369,34.23572,1.12281),(6.81008,34.23587,1.11414),(6.80884,34.23595,1.10482),(6.81004,34.23595,1.0955),(6.81362,34.23587,1.08681),(6.81932,34.23572,1.07934),(6.82676,34.2355,1.07361),(6.83544,34.23523,1.06999),(6.84475,34.23494,1.06875),(6.85406,34.23463,1.06995),(6.86275,34.23433,1.07353),(6.87021,34.23406,1.07924),(6.87594,34.23384,1.08668),(6.87955,34.23369,1.09535),(6.8808,34.23361,1.10467),(6.87959,34.23361,1.11399),(6.87601,34.23369,1.12268),(6.87031,34.23384,1.13015),(6.86287,34.23406,1.13588),(6.8542,34.23433,1.1395),(6.89186,34.62849,1.09963),(6.89292,34.62836,1.10897),(6.89153,34.62834,1.11827),(6.88778,34.62843,1.12688),(6.88194,34.62863,1.13424),(6.87439,34.62892,1.13983),(6.86565,34.6293,1.14327),(6.85632,34.62972,1.14434),(6.84703,34.63016,1.14295),(6.83843,34.63059,1.1392),(6.83108,34.63099,1.13335),(6.8255,34.63131,1.1258),(6.82206,34.63156,1.11706),(6.821,34.63169,1.10772),(6.82239,34.63171,1.09842),(6.82614,34.63162,1.08981),(6.83199,34.63142,1.08245),(6.83954,34.63113,1.07686),(6.84827,34.63075,1.07342),(6.8576,34.63033,1.07235),(6.86689,34.62989,1.07374),(6.8755,34.62946,1.07749),(6.88284,34.62906,1.08334),(6.88842,34.62874,1.09089),(6.89099,35.11052,1.14872),(6.88232,35.11105,1.14873),(6.8739,35.11155,1.14666),(6.86622,35.11197,1.14263),(6.85973,35.11231,1.13688),(6.85479,35.11253,1.12973),(6.85171,35.11263,1.12161),(6.85066,35.1126,1.11298),(6.89941,35.10997,1.14663),(6.90707,35.10945,1.14258),(6.91355,35.10899,1.13681),(6.91845,35.1086,1.12965),(6.9215,35.10832,1.12152),(6.92252,35.10816,1.1129),(6.92127,35.10813,1.10359),(6.91766,35.10826,1.09492),(6.91194,35.10853,1.08748),(6.90449,35.10892,1.08177),(6.89582,35.10942,1.07819),(6.88652,35.10997,1.07698),(6.87723,35.11056,1.07821),(6.86858,35.11114,1.08182),(6.86115,35.11166,1.08754),(6.85545,35.1121,1.09499),(6.85188,35.11242,1.10367),(6.856,35.19911,1.1108),(6.85704,35.19869,1.10147),(6.86046,35.19806,1.09273),(6.86601,35.19725,1.08519),(6.87333,35.19632,1.07936),(6.8819,35.19533,1.07562),(6.89115,35.19435,1.07425),(6.90045,35.19345,1.07533),(6.90916,35.19268,1.07879),(6.9167,35.19211,1.08438),(6.92253,35.19176,1.09174),(6.92628,35.19167,1.10036),(6.92768,35.19183,1.10966),(6.92663,35.19225,1.11899),(6.92322,35.19288,1.12772),(6.91767,35.19369,1.13526),(6.91035,35.19463,1.1411),(6.90178,35.19562,1.14483),(6.89253,35.1966,1.1462),(6.88323,35.1975,1.14512),(6.87451,35.19826,1.14167),(6.86698,35.19884,1.13607),(6.86115,35.19918,1.12871),(6.8574,35.19928,1.12009),(7.02101,36.05123,1.11609),(7.01183,36.053,1.11716),(7.00268,36.05468,1.11578),(6.99417,36.05617,1.11204),(6.9869,36.05735,1.1062),(6.98135,36.05814,1.09865),(6.9779,36.0585,1.08992),(6.97679,36.0584,1.08058),(6.97809,36.05784,1.07129),(6.98172,36.05687,1.06268),(6.98743,36.05555,1.05532),(6.99482,36.05396,1.04973),(7.0034,36.05223,1.04628),(7.01257,36.05046,1.04521),(7.02173,36.04877,1.04659),(7.03023,36.04729,1.05033),(7.03751,36.04611,1.05617),(7.04306,36.04531,1.06372),(7.0465,36.04495,1.07246),(7.04761,36.04506,1.08179),(7.04631,36.04561,1.09108),(7.04268,36.04659,1.0997),(7.03698,36.04791,1.10705),(7.02959,36.04949,1.11264),(7.14689,36.61717,1.0986),(7.13783,36.6193,1.09736),(7.12938,36.62124,1.09376),(7.12212,36.62285,1.08804),(7.11653,36.62403,1.08059),(7.113,36.6247,1.07191),(7.11176,36.6248,1.06261),(7.11274,36.62439,1.05398),(7.1157,36.62352,1.04586),(7.12048,36.62224,1.03872),(7.12678,36.62062,1.03296),(7.13425,36.61876,1.02893),(7.14245,36.61676,1.02687),(7.1509,36.61475,1.02688),(7.15911,36.61283,1.02897),(7.1666,36.61113,1.03303),(7.17294,36.60974,1.0388),(7.17776,36.60874,1.04597),(7.18077,36.60818,1.0541),(7.1818,36.60811,1.06272),(7.15594,36.61498,1.09739),(7.16437,36.6129,1.09382),(7.1716,36.61106,1.08812),(7.17714,36.60959,1.08069),(7.18062,36.60859,1.07203),(7.1784,36.90436,1.06162),(7.17926,36.90402,1.05227),(7.18241,36.90302,1.04347),(7.18765,36.90144,1.03583),(7.19462,36.89937,1.02986),(7.20284,36.89696,1.02598),(7.21176,36.89437,1.02444),(7.22075,36.89178,1.02535),(7.22922,36.88936,1.02866),(7.23659,36.88729,1.03412),(7.24235,36.8857,1.04138),(7.24611,36.8847,1.04994),(7.24761,36.88435,1.05921),(7.24675,36.88469,1.06856),(7.2436,36.88568,1.07736),(7.23836,36.88727,1.085),(7.23139,36.88934,1.09097),(7.22317,36.89175,1.09486),(7.21426,36.89434,1.0964),(7.20526,36.89693,1.09548),(7.19679,36.89934,1.09218),(7.18942,36.90142,1.08671),(7.18366,36.90301,1.07945),(7.17991,36.90401,1.07089),(7.35784,37.31252,1.09156),(7.34934,37.31542,1.09101),(7.34122,37.31813,1.08825),(7.33399,37.3205,1.08345),(7.3281,37.32237,1.07692),(7.32391,37.32362,1.06906),(7.32169,37.32419,1.06036),(7.32157,37.32403,1.05137),(7.32359,37.32315,1.04259),(7.32762,37.32159,1.03463),(7.33342,37.31947,1.028),(7.3406,37.3169,1.02312),(7.34873,37.31406,1.0203),(7.35728,37.31113,1.01971),(7.36571,37.30828,1.0214),(7.37349,37.30571,1.02526),(7.38012,37.30356,1.03104),(7.3852,37.30199,1.03837),(7.38839,37.30109,1.0468),(7.38949,37.30091,1.05579),(7.38845,37.30146,1.06471),(7.38535,37.30271,1.07306),(7.38038,37.30456,1.08032),(7.37386,37.30692,1.08604),(7.36618,37.30963,1.08987),(7.46457,37.74105,1.03903),(7.46637,37.74018,1.02985),(7.47039,37.73867,1.02149),(7.47636,37.73662,1.01452),(7.48387,37.73418,1.00942),(7.49241,37.7315,1.00654),(7.5014,37.72877,1.00607),(7.51022,37.72618,1.00804),(7.51828,37.7239,1.01232),(7.52502,37.7221,1.01862),(7.52999,37.72088,1.02651),(7.53284,37.72034,1.03545),(7.53339,37.72051,1.04483),(7.53159,37.72138,1.05401),(7.52756,37.72289,1.06237),(7.52159,37.72494,1.06934),(7.51408,37.72738,1.07444),(7.50554,37.73006,1.07732),(7.49655,37.73279,1.07779),(7.48773,37.73538,1.07582),(7.47967,37.73765,1.07154),(7.47293,37.73946,1.06524),(7.46797,37.74068,1.05735),(7.46511,37.74122,1.04841),(7.5123,37.78199,1.07599),(7.50329,37.78431,1.07476),(7.49487,37.78642,1.07116),(7.48763,37.78817,1.06544),(7.48205,37.78944,1.05798),(7.47852,37.79014,1.04931),(7.47728,37.79024,1.04),(7.47824,37.78978,1.03138),(7.48117,37.78881,1.02326),(7.48591,37.7874,1.01612),(7.49216,37.78563,1.01036),(7.49958,37.78359,1.00633),(7.50773,37.78142,1.00426),(7.51613,37.77923,1.00427),(7.5243,37.77715,1.00636),(7.53176,37.7753,1.0104),(7.53808,37.7738,1.01616),(7.52131,37.77961,1.07477),(7.52969,37.77734,1.07119),(7.53687,37.77533,1.06548),(7.54237,37.77371,1.05804),(7.54581,37.7726,1.04936),(7.54695,37.77207,1.04006),(7.5459,37.77213,1.03144),(7.54288,37.77272,1.02331),(7.48728,37.82856,1.04018),(7.48834,37.82837,1.03084),(7.49178,37.82791,1.0221),(7.49738,37.82722,1.01454),(7.50476,37.82635,1.00868),(7.51341,37.82535,1.00493),(7.52274,37.82429,1.00353),(7.53212,37.82325,1.00458),(7.5409,37.82229,1.00802),(7.54849,37.82148,1.0136),(7.55438,37.82088,1.02095),(7.55815,37.82053,1.02957),(7.55956,37.82045,1.03886),(7.55851,37.82064,1.0482),(7.55506,37.8211,1.05695),(7.54946,37.82179,1.06451),(7.54208,37.82267,1.07036),(7.53343,37.82367,1.07412),(7.5241,37.82472,1.07551),(7.51473,37.82577,1.07446),(7.50594,37.82672,1.07102),(7.49835,37.82753,1.06544),(7.49246,37.82813,1.05809),(7.48869,37.82848,1.04947),(7.52568,38.04985,1.07305),(7.51643,38.0475,1.07431),(7.50718,38.04513,1.07312),(7.49856,38.04291,1.06956),(7.49114,38.04099,1.06387),(7.48544,38.0395,1.05644),(7.48185,38.03854,1.04777),(7.48061,38.03818,1.03846),(7.4818,38.03844,1.02914),(7.48534,38.0393,1.02044),(7.491,38.04071,1.01296),(7.49838,38.04257,1.00721),(7.50699,38.04475,1.00358),(7.51623,38.0471,1.00231),(7.52548,38.04947,1.0035),(7.53411,38.05169,1.00706),(7.54153,38.05361,1.01275),(7.54722,38.0551,1.02018),(7.55082,38.05606,1.02885),(7.55206,38.05642,1.03816),(7.55087,38.05616,1.04748),(7.54732,38.0553,1.05618),(7.54167,38.05389,1.06366),(7.53428,38.05203,1.06941),(7.4341,38.23097,1.0723),(7.42664,38.22509,1.07358),(7.41918,38.21919,1.07241),(7.41222,38.21368,1.06886),(7.40623,38.20893,1.06318),(7.40163,38.20527,1.05576),(7.39872,38.20295,1.0471),(7.39772,38.20212,1.03778),(7.39867,38.20285,1.02846),(7.44105,38.23644,1.06865),(7.447,38.24113,1.06289),(7.45156,38.2447,1.0554),(7.45442,38.24693,1.0467),(7.45537,38.24765,1.03737),(7.45436,38.24683,1.02806),(7.45146,38.2445,1.0194),(7.44686,38.24085,1.01198),(7.44087,38.2361,1.0063),(7.43391,38.23059,1.00275),(7.42644,38.22469,1.00158),(7.41899,38.2188,1.00286),(7.41204,38.21333,1.00651),(7.40609,38.20865,1.01227),(7.40153,38.20507,1.01976),(7.35463,38.29148,1.07317),(7.34902,38.28485,1.07318),(7.34353,38.27844,1.07112),(7.33847,38.27263,1.06709),(7.33415,38.26777,1.06133),(7.3308,38.26412,1.05418),(7.32864,38.26191,1.04606),(7.32778,38.26127,1.03744),(7.32837,38.26237,1.02813),(7.33051,38.26526,1.01945),(7.33404,38.26976,1.012),(7.33872,38.27554,1.00628),(7.34424,38.28222,1.00268),(7.35022,38.28935,1.00143),(7.35626,38.29643,1.00264),(7.36194,38.303,1.00621),(7.36688,38.30859,1.01191),(7.37074,38.31284,1.01934),(7.37326,38.31545,1.028),(7.37427,38.31624,1.0373),(7.3738,38.31531,1.04593),(7.36003,38.29796,1.07107),(7.36491,38.3039,1.06701),(7.36898,38.30895,1.06123),(7.372,38.31284,1.05407),(7.25446,38.32388,1.04871),(7.25417,38.32376,1.03931),(7.25526,38.32566,1.03017),(7.25768,38.32945,1.02192),(7.26125,38.33487,1.01511),(7.26573,38.34156,1.01021),(7.27081,38.34904,1.00756),(7.27615,38.35683,1.00733),(7.28139,38.36438,1.00954),(7.28616,38.37118,1.01404),(7.29014,38.37677,1.02053),(7.29307,38.38077,1.02855),(7.29474,38.3829,1.03758),(7.29503,38.38302,1.04698),(7.29394,38.38112,1.05612),(7.29152,38.37733,1.06437),(7.28795,38.37191,1.07118),(7.28348,38.36523,1.07608),(7.27839,38.35774,1.07873),(7.27305,38.34995,1.07896),(7.26782,38.3424,1.07675),(7.26304,38.3356,1.07224),(7.25906,38.33001,1.06576),(7.25613,38.32601,1.05773),(7.19077,38.38874,1.07614),(7.18666,38.3811,1.07254),(7.18317,38.37451,1.06682),(7.18055,38.36942,1.05937),(7.17897,38.36618,1.05069),(7.17854,38.36502,1.04137),(7.17929,38.36601,1.03205),(7.18117,38.36908,1.02337),(7.18405,38.37402,1.01592),(7.18774,38.38051,1.0102),(7.19198,38.38808,1.0066),(7.19648,38.39624,1.00538),(7.20094,38.40442,1.0066),(7.20505,38.41207,1.0102),(7.20854,38.41866,1.01592),(7.21116,38.42375,1.02337),(7.21274,38.42698,1.03205),(7.21317,38.42815,1.04137),(7.21242,38.42716,1.05069),(7.21054,38.42409,1.05937),(7.20766,38.41914,1.06682),(7.20397,38.41266,1.07254),(7.19974,38.40508,1.07614),(7.19523,38.39693,1.07736),(5.63564,39.29345,1.00584),(5.63489,39.29246,1.01516),(5.63301,39.28939,1.02384),(5.63013,39.28444,1.03129),(5.63521,39.29228,0.99652),(5.63363,39.28905,0.98784),(5.63101,39.28396,0.98039),(5.62752,39.27737,0.97467),(5.62341,39.26972,0.97107),(5.61445,39.25338,0.97107),(5.61895,39.26154,0.96985),(5.61021,39.24581,0.97467),(5.60652,39.23932,0.98039),(5.60364,39.23438,0.98784),(5.60176,39.23131,0.99652),(5.60101,39.23032,1.00584),(5.60144,39.23148,1.01516),(5.60564,39.23981,1.03129),(5.60302,39.23472,1.02384),(5.60913,39.2464,1.03701),(5.61324,39.25405,1.04061),(5.6177,39.26223,1.04183),(5.62221,39.27038,1.04061),(5.62644,39.27796,1.03701),(5.39851,39.42352,1.0005),(5.39776,39.42253,1.00982),(5.39588,39.41946,1.0185),(5.393,39.41451,1.02595),(5.39808,39.42235,0.99118),(5.39651,39.41912,0.9825),(5.39388,39.41403,0.97505),(5.3904,39.40744,0.96933),(5.38628,39.39979,0.96573),(5.38182,39.39161,0.96451),(5.37732,39.38345,0.96573),(5.37308,39.37587,0.96933),(5.36652,39.36445,0.9825),(5.3694,39.36939,0.97505),(5.36464,39.36138,0.99118),(5.36389,39.36039,1.0005),(5.36432,39.36155,1.00982),(5.36589,39.36479,1.0185),(5.36852,39.36987,1.02595),(5.372,39.37647,1.03167),(5.37612,39.38411,1.03527),(5.38058,39.39229,1.03649),(5.38508,39.40045,1.03527),(5.38932,39.40803,1.03167)),$);
#195= IFCTRIANGULATEDFACESET(#194,$,$,((1,2,3),(3,2,4),(3,4,5),(2,1,6),(6,1,7),(6,7,8),(8,7,9),(8,9,10),(10,9,11),(10,11,12),(12,11,13),(12,13,14),(14,13,15),(14,15,16),(16,15,17),(16,17,18),(18,17,19),(18,19,20),(20,19,21),(20,21,22),(22,21,23),(22,23,24),(24,23,25),(24,25,26),(26,25,27),(26,27,28),(28,27,29),(28,29,30),(30,29,31),(30,31,32),(32,31,33),(32,33,34),(34,33,35),(34,35,36),(36,35,37),(36,37,38),(38,37,39),(38,39,40),(40,39,41),(40,41,42),(42,41,43),(42,43,44),(44,43,45),(44,45,46),(46,45,47),(46,47,48),(48,47,49),(48,49,5),(5,49,3),(30,50,28),(28,50,51),(28,51,26),(26,51,52),(26,52,24),(24,52,53),(24,53,22),(22,53,54),(22,54,20),(20,54,55),(20,55,18),(18,55,56),(18,56,16),(16,56,57),(16,57,14),(14,57,58),(14,58,12),(12,58,10),(10,58,59),(10,59,8),(8,59,60),(8,60,6),(6,60,61),(6,61,2),(2,61,62),(2,62,4),(4,62,63),(4,63,5),(5,63,64),(5,64,48),(48,64,65),(48,65,46),(46,65,66),(46,66,44),(44,66,67),(44,67,42),(42,67,68),(42,68,40),(40,68,69),(40,69,38),(38,69,70),(38,70,36),(36,70,71),(36,71,34),(34,71,72),(34,72,32),(32,72,73),(32,73,30),(30,73,50),(67,74,68),(68,74,75),(68,75,69),(69,75,76),(69,76,70),(70,76,77),(70,77,71),(71,77,78),(71,78,72),(72,78,79),(72,79,73),(73,79,80),(73,80,50),(50,80,81),(50,81,51),(51,81,82),(51,82,52),(52,82,83),(52,83,53),(53,83,84),(53,84,54),(54,84,85),(54,85,55),(55,85,86),(55,86,56),(56,86,87),(56,87,57),(57,87,88),(57,88,58),(58,88,89),(58,89,59),(59,89,90),(59,90,60),(60,90,91),(60,91,61),(61,91,92),(61,92,62),(62,92,93),(62,93,63),(63,93,94),(63,94,64),(64,94,95),(64,95,65),(65,95,96),(65,96,66),(66,96,97),(66,97,67),(67,97,74),(74,98,75),(75,98,99),(75,99,76),(76,99,100),(76,100,77),(77,100,101),(77,101,78),(78,101,102),(78,102,79),(79,102,103),(79,103,80),(80,103,104),(80,104,81),(81,104,105),(81,105,82),(82,105,106),(82,106,83),(83,106,107),(83,107,84),(84,107,108),(84,108,85),(85,108,109),(85,109,86),(86,109,110),(86,110,87),(87,110,111),(87,111,88),(88,111,112),(88,112,89),(89,112,113),(89,113,90),(90,113,114),(90,114,91),(91,114,115),(91,115,92),(92,115,116),(92,116,93),(93,116,117),(93,117,94),(94,117,118),(94,118,95),(95,118,119),(95,119,96),(96,119,120),(96,120,97),(97,120,121),(97,121,74),(74,121,98),(98,122,99),(99,122,123),(99,123,100),(100,123,124),(100,124,101),(101,124,125),(101,125,102),(102,125,126),(102,126,103),(103,126,127),(103,127,104),(104,127,128),(104,128,105),(105,128,129),(105,129,106),(106,129,130),(106,130,107),(107,130,131),(107,131,108),(108,131,132),(108,132,109),(109,132,133),(109,133,110),(110,133,134),(110,134,111),(111,134,135),(111,135,112),(112,135,136),(112,136,113),(113,136,137),(113,137,114),(114,137,138),(114,138,115),(115,138,139),(115,139,116),(116,139,140),(116,140,117),(117,140,141),(117,141,118),(118,141,142),(118,142,119),(119,142,143),(119,143,120),(120,143,144),(120,144,121),(121,144,145),(121,145,98),(98,145,122),(144,146,145),(145,146,147),(145,147,122),(122,147,148),(122,148,123),(123,148,149),(123,149,124),(124,149,150),(124,150,125),(125,150,151),(125,151,126),(126,151,152),(126,152,127),(127,152,153),(127,153,128),(128,153,154),(128,154,129),(129,154,155),(129,155,130),(130,155,156),(130,156,131),(131,156,157),(131,157,132),(132,157,158),(132,158,133),(133,158,159),(133,159,134),(134,159,160),(134,160,135),(135,160,161),(135,161,136),(136,161,162),(136,162,137),(137,162,163),(137,163,138),(138,163,164),(138,164,139),(139,164,165),(139,165,140),(140,165,166),(140,166,141),(141,166,167),(141,167,142),(142,167,168),(142,168,143),(143,168,169),(143,169,144),(144,169,146),(169,170,146),(146,170,171),(146,171,147),(147,171,172),(147,172,148),(148,172,173),(148,173,174),(170,169,175),(175,169,168),(175,168,176),(176,168,167),(176,167,177),(177,167,166),(177,166,178),(178,166,165),(178,165,179),(179,165,164),(179,164,180),(180,164,163),(180,163,181),(181,163,162),(181,162,182),(182,162,161),(182,161,183),(183,161,160),(183,160,184),(184,160,159),(184,159,185),(185,159,158),(185,158,186),(186,158,157),(186,157,187),(187,157,156),(187,156,188),(188,156,155),(188,155,189),(189,155,154),(189,154,190),(190,154,153),(190,153,191),(191,153,152),(191,152,192),(192,152,151),(192,151,193),(193,151,150),(193,150,194),(194,150,149),(194,149,174),(174,149,148),(192,195,191),(191,195,196),(191,196,190),(190,196,197),(190,197,189),(189,197,198),(189,198,188),(188,198,199),(188,199,187),(187,199,200),(187,200,186),(186,200,201),(186,201,202),(195,192,203),(203,192,193),(203,193,204),(204,193,194),(204,194,205),(205,194,174),(205,174,206),(206,174,173),(206,173,207),(207,173,172),(207,172,171),(207,171,208),(208,171,170),(208,170,209),(209,170,175),(209,175,210),(210,175,176),(210,176,211),(211,176,177),(211,177,212),(212,177,178),(212,178,213),(213,178,179),(213,179,214),(214,179,180),(214,180,215),(215,180,181),(215,181,216),(216,181,182),(216,182,217),(217,182,183),(217,183,218),(218,183,184),(218,184,219),(219,184,185),(219,185,202),(202,185,186),(195,220,196),(196,220,221),(196,221,197),(197,221,222),(197,222,198),(198,222,223),(198,223,199),(199,223,224),(199,224,200),(200,224,225),(200,225,201),(201,225,226),(201,226,202),(202,226,227),(202,227,219),(219,227,228),(219,228,218),(218,228,229),(218,229,217),(217,229,230),(217,230,216),(216,230,231),(216,231,215),(215,231,232),(215,232,214),(214,232,213),(213,232,233),(213,233,212),(212,233,234),(212,234,211),(211,234,235),(211,235,210),(210,235,236),(210,236,209),(209,236,237),(209,237,208),(208,237,238),(208,238,207),(207,238,239),(207,239,206),(206,239,240),(206,240,205),(205,240,241),(205,241,204),(204,241,242),(204,242,203),(203,242,243),(203,243,195),(195,243,220),(231,244,232),(232,244,245),(232,245,233),(233,245,246),(233,246,234),(234,246,247),(234,247,235),(235,247,248),(235,248,236),(236,248,249),(236,249,237),(237,249,250),(237,250,238),(238,250,251),(238,251,239),(239,251,252),(239,252,240),(240,252,253),(240,253,241),(241,253,254),(241,254,242),(242,254,255),(242,255,243),(243,255,256),(243,256,220),(220,256,257),(220,257,221),(221,257,258),(221,258,222),(222,258,259),(222,259,223),(223,259,260),(223,260,224),(224,260,261),(224,261,225),(225,261,262),(225,262,226),(226,262,263),(226,263,227),(227,263,264),(227,264,228),(228,264,265),(228,265,229),(229,265,266),(229,266,230),(230,266,267),(230,267,231),(231,267,244),(249,268,250),(250,268,269),(250,269,251),(251,269,270),(251,270,252),(252,270,271),(252,271,253),(253,271,272),(253,272,254),(254,272,273),(254,273,255),(255,273,274),(255,274,256),(256,274,275),(256,275,257),(257,275,276),(257,276,258),(258,276,277),(258,277,259),(259,277,278),(259,278,260),(260,278,279),(260,279,261),(261,279,280),(261,280,262),(262,280,281),(262,281,263),(263,281,282),(263,282,264),(264,282,283),(264,283,265),(265,283,284),(265,284,266),(266,284,285),(266,285,267),(267,285,286),(267,286,244),(244,286,287),(244,287,245),(245,287,288),(245,288,246),(246,288,289),(246,289,247),(247,289,290),(247,290,248),(248,290,291),(248,291,249),(249,291,268),(286,292,287),(287,292,293),(287,293,288),(288,293,294),(288,294,289),(289,294,295),(289,295,290),(290,295,296),(290,296,291),(291,296,297),(291,297,268),(268,297,298),(268,298,269),(269,298,270),(270,298,299),(270,299,271),(271,299,300),(271,300,272),(272,300,301),(272,301,273),(273,301,302),(273,302,274),(274,302,303),(274,303,275),(275,303,304),(275,304,276),(276,304,305),(276,305,277),(277,305,306),(277,306,278),(278,306,307),(278,307,279),(279,307,308),(279,308,280),(280,308,309),(280,309,281),(281,309,310),(281,310,311),(292,286,312),(312,286,285),(312,285,313),(313,285,284),(313,284,314),(314,284,283),(314,283,315),(315,283,282),(315,282,311),(311,282,281),(312,316,292),(292,316,317),(292,317,293),(293,317,318),(293,318,294),(294,318,319),(294,319,295),(295,319,320),(295,320,296),(296,320,321),(296,321,297),(297,321,322),(297,322,298),(298,322,323),(298,323,299),(299,323,324),(299,324,300),(300,324,325),(300,325,301),(301,325,326),(301,326,302),(302,326,327),(302,327,303),(303,327,328),(303,328,304),(304,328,329),(304,329,305),(305,329,330),(305,330,306),(306,330,331),(306,331,307),(307,331,332),(307,332,308),(308,332,333),(308,333,309),(309,333,334),(309,334,310),(310,334,335),(310,335,311),(311,335,336),(311,336,315),(315,336,337),(315,337,314),(314,337,338),(314,338,313),(313,338,339),(313,339,312),(312,339,316),(322,340,323),(323,340,341),(323,341,324),(324,341,342),(324,342,325),(325,342,343),(325,343,326),(326,343,344),(326,344,327),(327,344,345),(327,345,328),(328,345,346),(328,346,329),(329,346,347),(329,347,330),(330,347,348),(330,348,331),(331,348,349),(331,349,332),(332,349,350),(332,350,333),(333,350,351),(333,351,334),(334,351,352),(334,352,335),(335,352,353),(335,353,336),(336,353,354),(336,354,337),(337,354,355),(337,355,338),(338,355,356),(338,356,339),(339,356,357),(339,357,316),(316,357,358),(316,358,317),(317,358,359),(317,359,318),(318,359,360),(318,360,319),(319,360,361),(319,361,320),(320,361,362),(320,362,321),(321,362,363),(321,363,322),(322,363,340),(340,364,341),(341,364,365),(341,365,342),(342,365,366),(342,366,343),(343,366,367),(343,367,344),(344,367,368),(344,368,345),(345,368,369),(345,369,346),(346,369,370),(346,370,347),(347,370,371),(347,371,348),(348,371,372),(348,372,349),(349,372,373),(349,373,350),(350,373,374),(350,374,351),(351,374,375),(351,375,352),(352,375,376),(352,376,353),(353,376,377),(353,377,354),(354,377,378),(354,378,355),(355,378,379),(355,379,356),(356,379,380),(356,380,357),(357,380,381),(357,381,358),(358,381,382),(358,382,359),(359,382,383),(359,383,360),(360,383,384),(360,384,361),(361,384,385),(361,385,362),(362,385,386),(362,386,363),(363,386,387),(363,387,340),(340,387,364),(381,388,382),(382,388,389),(382,389,383),(383,389,390),(383,390,384),(384,390,391),(384,391,385),(385,391,392),(385,392,386),(386,392,393),(386,393,387),(387,393,394),(387,394,364),(364,394,395),(364,395,365),(365,395,396),(365,396,366),(366,396,397),(366,397,367),(367,397,398),(367,398,368),(368,398,399),(368,399,369),(369,399,400),(369,400,370),(370,400,401),(370,401,371),(371,401,402),(371,402,372),(372,402,403),(372,403,373),(373,403,404),(373,404,374),(374,404,405),(374,405,375),(375,405,406),(375,406,376),(376,406,407),(376,407,377),(377,407,408),(377,408,378),(378,408,409),(378,409,379),(379,409,410),(379,410,380),(380,410,411),(380,411,381),(381,411,388),(394,412,395),(395,412,413),(395,413,396),(396,413,414),(396,414,397),(397,414,415),(397,415,398),(398,415,416),(398,416,399),(399,416,417),(399,417,400),(400,417,418),(400,418,419),(412,394,420),(420,394,393),(420,393,421),(421,393,392),(421,392,422),(422,392,391),(422,391,423),(423,391,390),(423,390,424),(424,390,389),(424,389,425),(425,389,388),(425,388,426),(426,388,411),(426,411,427),(427,411,410),(427,410,428),(428,410,409),(428,409,429),(429,409,408),(429,408,430),(430,408,407),(430,407,431),(431,407,406),(431,406,432),(432,406,405),(432,405,433),(433,405,404),(433,404,434),(434,404,403),(434,403,435),(435,403,402),(435,402,436),(436,402,401),(436,401,419),(419,401,400),(418,437,419),(419,437,438),(419,438,436),(436,438,439),(436,439,435),(435,439,440),(435,440,434),(434,440,441),(434,441,433),(433,441,442),(433,442,432),(432,442,443),(432,443,431),(431,443,444),(431,444,430),(430,444,445),(430,445,429),(429,445,446),(429,446,428),(428,446,447),(428,447,427),(427,447,448),(427,448,426),(426,448,449),(426,449,425),(425,449,450),(425,450,424),(424,450,423),(423,450,451),(423,451,422),(422,451,452),(422,452,421),(421,452,453),(421,453,420),(420,453,454),(420,454,412),(412,454,455),(412,455,413),(413,455,456),(413,456,414),(414,456,457),(414,457,415),(415,457,458),(415,458,416),(416,458,459),(416,459,417),(417,459,460),(417,460,418),(418,460,437),(454,461,455),(455,461,462),(455,462,456),(456,462,463),(456,463,457),(457,463,464),(457,464,458),(458,464,465),(458,465,459),(459,465,466),(459,466,460),(460,466,467),(460,467,437),(437,467,468),(437,468,438),(438,468,469),(438,469,439),(439,469,470),(439,470,440),(440,470,471),(440,471,441),(441,471,472),(441,472,442),(442,472,473),(442,473,443),(443,473,474),(443,474,444),(444,474,475),(444,475,445),(445,475,476),(445,476,446),(446,476,477),(446,477,447),(447,477,478),(447,478,448),(448,478,479),(448,479,449),(449,479,480),(449,480,450),(450,480,481),(450,481,451),(451,481,482),(451,482,452),(452,482,483),(452,483,453),(453,483,484),(453,484,454),(454,484,461),(461,485,462),(462,485,486),(462,486,463),(463,486,487),(463,487,464),(464,487,488),(464,488,465),(465,488,489),(465,489,466),(466,489,490),(466,490,467),(467,490,491),(467,491,468),(468,491,492),(468,492,469),(469,492,493),(469,493,470),(470,493,494),(470,494,471),(471,494,495),(471,495,472),(472,495,496),(472,496,473),(473,496,497),(473,497,474),(474,497,498),(474,498,475),(475,498,499),(475,499,476),(476,499,500),(476,500,477),(477,500,501),(477,501,478),(478,501,502),(478,502,479),(479,502,503),(479,503,504),(485,461,505),(505,461,484),(505,484,506),(506,484,483),(506,483,507),(507,483,482),(507,482,508),(508,482,481),(508,481,509),(509,481,480),(509,480,504),(504,480,479),(490,510,491),(491,510,511),(491,511,492),(492,511,512),(492,512,493),(493,512,494),(494,512,513),(494,513,495),(495,513,514),(495,514,496),(496,514,515),(496,515,497),(497,515,516),(497,516,498),(498,516,517),(498,517,499),(499,517,518),(499,518,500),(500,518,519),(500,519,501),(501,519,520),(501,520,502),(502,520,521),(502,521,503),(503,521,522),(503,522,504),(504,522,523),(504,523,509),(509,523,524),(509,524,508),(508,524,525),(508,525,507),(507,525,526),(507,526,506),(506,526,527),(506,527,505),(505,527,528),(505,528,485),(485,528,529),(485,529,486),(486,529,530),(486,530,487),(487,530,531),(487,531,488),(488,531,532),(488,532,489),(489,532,533),(489,533,490),(490,533,510),(527,534,528),(528,534,535),(528,535,529),(529,535,536),(529,536,530),(530,536,537),(530,537,531),(531,537,538),(531,538,532),(532,538,539),(532,539,533),(533,539,540),(533,540,510),(510,540,541),(510,541,511),(511,541,542),(511,542,512),(512,542,543),(512,543,513),(513,543,544),(513,544,514),(514,544,545),(514,545,515),(515,545,546),(515,546,516),(516,546,547),(516,547,517),(517,547,548),(517,548,518),(518,548,549),(518,549,519),(519,549,550),(519,550,520),(520,550,551),(520,551,521),(521,551,552),(521,552,522),(522,552,553),(522,553,523),(523,553,554),(523,554,524),(524,554,555),(524,555,525),(525,555,556),(525,556,557),(534,527,558),(558,527,526),(558,526,557),(557,526,525),(540,559,541),(541,559,560),(541,560,542),(542,560,561),(542,561,543),(543,561,562),(543,562,544),(544,562,563),(544,563,545),(545,563,546),(546,563,564),(546,564,547),(547,564,565),(547,565,548),(548,565,566),(548,566,549),(549,566,567),(549,567,550),(550,567,568),(550,568,551),(551,568,569),(551,569,552),(552,569,570),(552,570,553),(553,570,571),(553,571,554),(554,571,572),(554,572,555),(555,572,573),(555,573,556),(556,573,574),(556,574,557),(557,574,575),(557,575,558),(558,575,576),(558,576,534),(534,576,577),(534,577,535),(535,577,578),(535,578,536),(536,578,579),(536,579,537),(537,579,580),(537,580,538),(538,580,581),(538,581,539),(539,581,582),(539,582,540),(540,582,559),(576,583,577),(577,583,584),(577,584,578),(578,584,585),(578,585,579),(579,585,586),(579,586,580),(580,586,587),(580,587,581),(581,587,588),(581,588,582),(582,588,589),(582,589,559),(559,589,590),(559,590,560),(560,590,591),(560,591,561),(561,591,592),(561,592,562),(562,592,593),(562,593,563),(563,593,594),(563,594,564),(564,594,595),(564,595,565),(565,595,596),(565,596,566),(566,596,597),(566,597,567),(567,597,598),(567,598,599),(583,576,600),(600,576,575),(600,575,601),(601,575,574),(601,574,602),(602,574,573),(602,573,603),(603,573,572),(603,572,604),(604,572,571),(604,571,605),(605,571,570),(605,570,606),(606,570,569),(606,569,607),(607,569,568),(607,568,599),(599,568,567),(588,608,589),(589,608,609),(589,609,590),(590,609,591),(591,609,610),(591,610,592),(592,610,611),(592,611,593),(593,611,612),(593,612,594),(594,612,613),(594,613,595),(595,613,614),(595,614,596),(596,614,615),(596,615,597),(597,615,616),(597,616,598),(598,616,617),(598,617,599),(599,617,618),(599,618,607),(607,618,619),(607,619,606),(606,619,620),(606,620,605),(605,620,621),(605,621,604),(604,621,622),(604,622,603),(603,622,623),(603,623,602),(602,623,624),(602,624,601),(601,624,625),(601,625,600),(600,625,626),(600,626,583),(583,626,627),(583,627,584),(584,627,628),(584,628,585),(585,628,629),(585,629,586),(586,629,630),(586,630,587),(587,630,631),(587,631,588),(588,631,608),(625,632,626),(626,632,633),(626,633,627),(627,633,634),(627,634,628),(628,634,635),(628,635,629),(629,635,636),(629,636,630),(630,636,637),(630,637,631),(631,637,638),(631,638,608),(608,638,639),(608,639,609),(609,639,640),(609,640,610),(610,640,641),(610,641,611),(611,641,642),(611,642,612),(612,642,643),(612,643,613),(613,643,644),(613,644,614),(614,644,645),(614,645,615),(615,645,646),(615,646,616),(616,646,647),(616,647,617),(617,647,648),(617,648,618),(618,648,649),(618,649,619),(619,649,650),(619,650,620),(620,650,651),(620,651,621),(621,651,652),(621,652,622),(622,652,653),(622,653,623),(623,653,654),(623,654,624),(624,654,655),(624,655,625),(625,655,632),(632,656,633),(633,656,657),(633,657,634),(634,657,658),(634,658,635),(635,658,659),(635,659,636),(636,659,660),(636,660,637),(637,660,661),(637,661,638),(638,661,662),(638,662,639),(639,662,663),(639,663,664),(656,632,665),(665,632,655),(665,655,666),(666,655,654),(666,654,667),(667,654,653),(667,653,668),(668,653,652),(668,652,669),(669,652,651),(669,651,650),(669,650,670),(670,650,649),(670,649,671),(671,649,648),(671,648,672),(672,648,647),(672,647,673),(673,647,646),(673,646,674),(674,646,645),(674,645,675),(675,645,644),(675,644,676),(676,644,643),(676,643,677),(677,643,642),(677,642,678),(678,642,641),(678,641,679),(679,641,640),(679,640,664),(664,640,639),(656,680,657),(657,680,681),(657,681,658),(658,681,682),(658,682,659),(659,682,683),(659,683,660),(660,683,684),(660,684,661),(661,684,685),(661,685,662),(662,685,686),(662,686,663),(663,686,687),(663,687,664),(664,687,688),(664,688,679),(679,688,689),(679,689,678),(678,689,690),(678,690,677),(677,690,691),(677,691,676),(676,691,692),(676,692,675),(675,692,693),(675,693,674),(674,693,694),(674,694,673),(673,694,695),(673,695,672),(672,695,696),(672,696,671),(671,696,697),(671,697,670),(670,697,698),(670,698,669),(669,698,699),(669,699,700),(680,656,701),(701,656,665),(701,665,702),(702,665,666),(702,666,703),(703,666,667),(703,667,704),(704,667,668),(704,668,700),(700,668,669),(686,705,687),(687,705,706),(687,706,688),(688,706,707),(688,707,689),(689,707,708),(689,708,690),(690,708,709),(690,709,691),(691,709,710),(691,710,692),(692,710,711),(692,711,693),(693,711,712),(693,712,694),(694,712,713),(694,713,695),(695,713,714),(695,714,696),(696,714,715),(696,715,697),(697,715,716),(697,716,698),(698,716,717),(698,717,699),(699,717,718),(699,718,700),(700,718,719),(700,719,704),(704,719,720),(704,720,703),(703,720,721),(703,721,702),(702,721,722),(702,722,701),(701,722,723),(701,723,680),(680,723,724),(680,724,681),(681,724,725),(681,725,682),(682,725,683),(683,725,726),(683,726,684),(684,726,727),(684,727,685),(685,727,728),(685,728,686),(686,728,705),(724,729,725),(725,729,730),(725,730,726),(726,730,731),(726,731,727),(727,731,732),(727,732,728),(728,732,733),(728,733,705),(705,733,734),(705,734,706),(706,734,735),(706,735,707),(707,735,736),(707,736,708),(708,736,737),(708,737,709),(709,737,738),(709,738,710),(710,738,739),(710,739,711),(711,739,740),(711,740,712),(712,740,741),(712,741,713),(713,741,742),(713,742,714),(714,742,743),(714,743,715),(715,743,744),(715,744,716),(716,744,745),(716,745,717),(717,745,746),(717,746,718),(718,746,747),(718,747,719),(719,747,748),(719,748,720),(720,748,749),(720,749,721),(721,749,750),(721,750,722),(722,750,751),(722,751,723),(723,751,752),(723,752,724),(724,752,729),(745,753,746),(746,753,754),(746,754,747),(747,754,748),(748,754,755),(748,755,756),(753,745,757),(757,745,744),(757,744,758),(758,744,759),(759,744,743),(759,743,760),(760,743,742),(760,742,761),(761,742,741),(761,741,740),(739,762,740),(740,762,763),(740,763,761),(762,739,764),(764,739,738),(764,738,737),(764,737,765),(765,737,736),(765,736,766),(766,736,767),(767,736,735),(767,735,768),(768,735,734),(768,734,769),(769,734,733),(769,733,732),(731,770,732),(732,770,771),(732,771,769),(770,731,772),(772,731,730),(772,730,773),(773,730,729),(773,729,774),(774,729,752),(774,752,775),(775,752,751),(775,751,750),(775,750,776),(776,750,749),(776,749,756),(756,749,748),(757,777,753),(753,777,778),(753,778,754),(754,778,755),(755,778,779),(755,779,780),(777,757,781),(781,757,758),(781,758,782),(782,758,759),(782,759,783),(783,759,784),(784,759,760),(784,760,785),(785,760,761),(785,761,763),(785,763,786),(786,763,762),(786,762,787),(787,762,788),(788,762,764),(788,764,765),(766,789,765),(765,789,790),(765,790,788),(766,767,789),(789,767,791),(791,767,792),(792,767,768),(792,768,793),(793,768,769),(793,769,794),(794,769,771),(794,771,795),(795,771,770),(795,770,772),(795,772,796),(796,772,773),(796,773,797),(797,773,798),(798,773,774),(798,774,799),(799,774,775),(799,775,776),(756,780,776),(776,780,800),(776,800,799),(756,755,780),(3,49,1),(1,49,47),(1,47,7),(7,47,9),(9,47,45),(9,45,43),(41,15,43),(43,15,13),(43,13,11),(41,39,15),(15,39,17),(17,39,19),(19,39,37),(19,37,35),(33,23,35),(35,23,21),(35,21,19),(33,31,23),(23,31,25),(25,31,27),(27,31,29),(11,9,43),(778,777,779),(779,777,781),(779,781,782),(782,783,779),(779,783,780),(780,783,800),(800,783,799),(799,783,784),(799,784,798),(798,784,785),(798,785,786),(786,787,798),(798,787,797),(797,787,796),(796,787,795),(795,787,794),(794,787,788),(794,788,790),(790,789,794),(794,789,793),(793,789,792),(792,789,791)),$);
#196= IFCSHAPEREPRESENTATION(#28,'Body','Tessellation',(#195));
#197= IFCPRODUCTDEFINITIONSHAPE($,$,(#196));
#198= IFCLOCALPLACEMENT(#5,#22);
#199= IFCBUILTELEMENT('3ydnWLJFvDD8wnZcu379Ao',$,'KSR_60_VK',$,$,#198,#197,'E0A');
#200= IFCSTYLEDITEM(#195,(#175),'KSR_60_VK');
#201= IFCPROPERTYSET('2bpBO7AijEuRGB4azx2N_O',$,'Properties',$,(#44,#45,#46,#47,#48,#49,#50,#51,#52,#53,#54,#55,#56,#57,#58,#59,#60,#61,#62,#63,#64,#65,#66,#67,#69,#70,#203,#204));
#202= IFCRELDEFINESBYPROPERTIES('0xL7HW5zzF0efPG62dIJBK',$,$,$,(#199),#201);
#203= IFCPROPERTYSINGLEVALUE('Area',$,IFCREAL(2.63986407329472),$);
#204= IFCPROPERTYSINGLEVALUE('Bounds',$,IFCLABEL('((2701735.24008602,1166140.99535967,1995.96450664448),(2701737.5595683,1166150.42351702,1996.18733325628))'),$);
#205= IFCPROPERTYSET('1Hv8ilvgDE59nlSquWVLFX',$,'Misc',$,(#73,#74,#75,#76));
#206= IFCRELDEFINESBYPROPERTIES('2o2nQ13xTFxxZGNaZ7JQOv',$,$,$,(#199),#205);
#207= IFCPROPERTYSET('0D37XvIBf0YuCOlYcB61pO',$,'3D Visualization',$,(#79,#80,#81));
#208= IFCRELDEFINESBYPROPERTIES('0eJUILfjjFB85JlaQnl0Ir',$,$,$,(#199),#207);
#209= IFCPROPERTYSET('0F7JfAuyP638ktfPgqmn9b',$,'General',$,(#84,#86,#87,#88,#89,#188));
#210= IFCRELDEFINESBYPROPERTIES('0wH5pmWX1BJuSawxg18SaJ',$,$,$,(#199),#209);
#211= IFCPROPERTYSET('2k2ogsE4130eU4oj1uxMOs',$,'Geometry',$,(#92));
#212= IFCRELDEFINESBYPROPERTIES('2HHnvJ2rDCyfLOVUn8czn4',$,$,$,(#199),#211);
#213= IFCPROPERTYSET('2jNeYo8ubBouUksHRZdWlG',$,'01_Info',$,(#193));
#214= IFCRELDEFINESBYPROPERTIES('29DvXfMy14s9q2BNJwt6ha',$,$,$,(#199),#213);
#215= IFCCARTESIANPOINTLIST3D(((2.03205,3.37659,6.51739),(2.13125,3.93899,6.52039),(2.03362,3.37627,6.52665),(2.13284,3.93893,6.52953),(2.13217,3.93927,6.53829),(2.12742,3.93945,6.51195),(2.02817,3.37732,6.50887),(2.1216,3.94031,6.50478),(2.02224,3.3784,6.50165),(2.11417,3.94148,6.49934),(2.01468,3.37976,6.49624),(2.10563,3.94291,6.49601),(2.006,3.38131,6.493),(2.09654,3.94448,6.49501),(1.99678,3.38294,6.49216),(2.08752,3.94611,6.49639),(1.98766,3.38454,6.49377),(2.07915,3.94767,6.50007),(1.97926,3.386,6.49771),(2.07199,3.94908,6.50581),(1.97215,3.38722,6.50374),(2.06652,3.95022,6.51322),(1.96681,3.38813,6.51142),(2.06311,3.95104,6.5218),(1.96361,3.38864,6.52024),(2.06197,3.95147,6.531),(1.96278,3.38874,6.5296),(2.06306,3.95149,6.53973),(1.96435,3.38842,6.53886),(2.0662,3.95113,6.54794),(1.96823,3.38769,6.54739),(2.07121,3.95043,6.55513),(1.97415,3.38661,6.5546),(2.07778,3.94941,6.56089),(1.98172,3.38525,6.56001),(2.08551,3.94815,6.56487),(1.9904,3.3837,6.56325),(2.09396,3.9467,6.56682),(1.99962,3.38207,6.5641),(2.10262,3.94517,6.56664),(2.00874,3.38047,6.56249),(2.11096,3.94365,6.56434),(2.01714,3.37901,6.55854),(2.1185,3.94221,6.56004),(2.02425,3.37779,6.55252),(2.12478,3.94096,6.55402),(2.02959,3.37689,6.54484),(2.12943,3.93995,6.54662),(2.03278,3.37637,6.53601),(2.19716,4.71197,6.49838),(2.19603,4.71179,6.48967),(2.19714,4.71118,6.48048),(2.20053,4.71021,6.4719),(2.20597,4.70892,6.4645),(2.21311,4.7074,6.45877),(2.22146,4.70577,6.45509),(2.23049,4.70412,6.45371),(2.23958,4.70256,6.45471),(2.20033,4.71178,6.50658),(2.20535,4.71121,6.51377),(2.21194,4.7103,6.51952),(2.21969,4.70911,6.52349),(2.22815,4.70771,6.52545),(2.2368,4.70618,6.52527),(2.24514,4.7046,6.52296),(2.25266,4.70309,6.51868),(2.25892,4.70172,6.51266),(2.26355,4.70057,6.50527),(2.26626,4.69973,6.49695),(2.2669,4.69922,6.48819),(2.26528,4.6991,6.47906),(2.26142,4.69941,6.47063),(2.25557,4.70012,6.46346),(2.24813,4.7012,6.45804),(2.2857,5.22031,6.47221),(2.28672,5.21919,6.46304),(2.29002,5.21773,6.45447),(2.29539,5.21603,6.44709),(2.30247,5.21419,6.44137),(2.31079,5.21235,6.4377),(2.3198,5.21062,6.43632),(2.3289,5.20911,6.43732),(2.33748,5.20794,6.44064),(2.34498,5.20717,6.44606),(2.3509,5.20687,6.45321),(2.35484,5.20703,6.46162),(2.35655,5.20767,6.47074),(2.356,5.20866,6.47948),(2.35337,5.20998,6.48778),(2.34882,5.21154,6.49515),(2.34262,5.21325,6.50116),(2.33514,5.215,6.50544),(2.32682,5.21671,6.50774),(2.31817,5.21825,6.50792),(2.3097,5.21954,6.50597),(2.28691,5.22099,6.48091),(2.29016,5.22126,6.48909),(2.29526,5.22109,6.49627),(2.3019,5.22051,6.50201),(2.46133,6.21616,6.30259),(2.46188,6.21446,6.29336),(2.46481,6.21243,6.28467),(2.46992,6.21021,6.2771),(2.47684,6.20796,6.27116),(2.48513,6.20582,6.26727),(2.4942,6.20394,6.26568),(2.50344,6.20246,6.26652),(2.51222,6.20146,6.26971),(2.51995,6.20103,6.27504),(2.52609,6.20119,6.28215),(2.53023,6.20192,6.29056),(2.53209,6.20318,6.29968),(2.53153,6.20489,6.30891),(2.5286,6.20692,6.31761),(2.5235,6.20913,6.32518),(2.51657,6.21139,6.33111),(2.50828,6.21353,6.33501),(2.49921,6.2154,6.33659),(2.48997,6.21689,6.33576),(2.48119,6.21788,6.33257),(2.47346,6.21831,6.32723),(2.46732,6.21816,6.32012),(2.46318,6.21743,6.31172),(2.55646,6.35047,6.26447),(2.55836,6.35218,6.2734),(2.55799,6.35421,6.28196),(2.55234,6.34931,6.25623),(2.54628,6.34877,6.24923),(2.53866,6.3489,6.24392),(2.53001,6.34968,6.24067),(2.52089,6.35106,6.23969),(2.51191,6.35296,6.24104),(2.50366,6.35523,6.24463),(2.4967,6.35775,6.25024),(2.49149,6.36032,6.25747),(2.48836,6.3628,6.26586),(2.48754,6.365,6.27484),(2.48893,6.36671,6.28336),(2.49235,6.36794,6.29138),(2.4976,6.36863,6.29841),(2.50437,6.36872,6.30403),(2.51224,6.36822,6.30791),(2.52076,6.36716,6.30982),(2.5294,6.36559,6.30964),(2.53767,6.36362,6.30739),(2.54506,6.36136,6.3032),(2.55114,6.35894,6.29732),(2.55553,6.35651,6.29009),(2.5225,6.55707,6.22946),(2.52099,6.55469,6.22113),(2.52169,6.55178,6.21235),(2.52469,6.54865,6.20415),(2.52981,6.5455,6.19707),(2.53669,6.54255,6.1916),(2.54489,6.53998,6.18808),(2.55385,6.53798,6.18676),(2.56298,6.53668,6.18772),(2.52603,6.55894,6.2373),(2.53138,6.56018,6.24417),(2.53822,6.56072,6.24966),(2.54615,6.56053,6.25346),(2.55469,6.55961,6.25533),(2.56334,6.55803,6.25515),(2.57157,6.55588,6.25295),(2.5789,6.55329,6.24886),(2.5849,6.5504,6.2431),(2.58919,6.5474,6.23604),(2.59154,6.54447,6.22809),(2.59179,6.54176,6.21972),(2.58977,6.53935,6.21099),(2.58553,6.53754,6.20294),(2.57937,6.53645,6.19609),(2.57168,6.53616,6.1909),(2.54551,6.69376,6.17207),(2.54605,6.68993,6.16361),(2.5489,6.68594,6.15571),(2.55389,6.68205,6.1489),(2.56067,6.67853,6.14363),(2.5688,6.6756,6.14024),(2.57774,6.67346,6.13897),(2.58689,6.67226,6.13989),(2.59564,6.67207,6.14296),(2.60343,6.6729,6.14795),(2.60972,6.6747,6.15455),(2.6141,6.67736,6.16231),(2.61628,6.68068,6.17072),(2.61619,6.68426,6.17877),(2.61399,6.68803,6.18643),(2.60982,6.69176,6.19324),(2.60394,6.69525,6.19878),(2.59668,6.69827,6.20272),(2.58848,6.70065,6.20484),(2.57984,6.70225,6.20501),(2.57126,6.70297,6.20321),(2.54717,6.69701,6.1801),(2.55085,6.69969,6.18764),(2.55632,6.70165,6.19426),(2.56327,6.70276,6.19956),(2.57189,6.83721,6.10492),(2.5701,6.83324,6.09728),(2.57051,6.82865,6.08923),(2.57324,6.82394,6.08172),(2.57811,6.81944,6.07523),(2.58481,6.81544,6.07021),(2.59289,6.81221,6.06699),(2.6018,6.80996,6.06578),(2.61097,6.80884,6.06666),(2.57569,6.84057,6.1121),(2.58127,6.84313,6.1184),(2.5883,6.84472,6.12344),(2.59635,6.84525,6.12692),(2.60496,6.84469,6.12863),(2.6136,6.84308,6.12847),(2.62176,6.84051,6.12645),(2.62895,6.83713,6.1227),(2.63475,6.83315,6.11743),(2.63881,6.8288,6.11095),(2.64089,6.82434,6.10366),(2.64085,6.82004,6.09599),(2.63854,6.81595,6.08799),(2.63403,6.8126,6.08061),(2.62764,6.8102,6.07433),(2.61978,6.80892,6.06958),(2.60695,7.03601,5.98815),(2.60516,7.03207,5.9805),(2.60557,7.02751,5.97243),(2.60831,7.02284,5.96489),(2.61319,7.01837,5.95839),(2.61989,7.01439,5.95336),(2.62797,7.01117,5.95013),(2.63689,7.00892,5.94891),(2.64605,7.0078,5.9498),(2.61074,7.03934,5.99535),(2.61631,7.04186,6.00167),(2.62333,7.04343,6.00672),(2.63139,7.04395,6.01021),(2.63999,7.04339,6.01192),(2.64863,7.04178,6.01176),(2.6568,7.03921,6.00974),(2.66399,7.03585,6.00598),(2.6698,7.03189,6.00069),(2.67386,7.02757,5.9942),(2.67594,7.02314,5.98689),(2.67591,7.01887,5.9792),(2.6736,7.01482,5.97118),(2.66911,7.0115,5.96378),(2.66271,7.00913,5.95748),(2.65486,7.00787,5.95272),(2.66287,7.35934,5.80873),(2.66322,7.35447,5.80082),(2.66591,7.34951,5.79344),(2.67075,7.34479,5.78707),(2.67741,7.34062,5.78214),(2.68547,7.33728,5.77897),(2.69438,7.33499,5.77778),(2.70355,7.3339,5.77865),(2.71238,7.33408,5.78151),(2.72027,7.33552,5.78618),(2.7267,7.33813,5.79235),(2.73125,7.34174,5.7996),(2.73361,7.34609,5.80746),(2.73369,7.35065,5.815),(2.73166,7.35536,5.82216),(2.72764,7.35993,5.82852),(2.72187,7.36409,5.8337),(2.7147,7.3676,5.83739),(2.70655,7.37024,5.83937),(2.69791,7.37186,5.83953),(2.68929,7.37235,5.83785),(2.6647,7.36357,5.81624),(2.66854,7.36718,5.82329),(2.67416,7.36994,5.82948),(2.68122,7.3717,5.83443),(2.70526,7.59358,5.65621),(2.70329,7.58859,5.64923),(2.7035,7.58292,5.64188),(2.70606,7.57722,5.63501),(2.71078,7.57185,5.62909),(2.71736,7.56718,5.62451),(2.72536,7.56352,5.62156),(2.73425,7.56111,5.62046),(2.74344,7.5601,5.62126),(2.70923,7.5979,5.66277),(2.71495,7.60129,5.66852),(2.7221,7.60355,5.67312),(2.73024,7.60455,5.6763),(2.73888,7.60422,5.67786),(2.74752,7.60259,5.67772),(2.75563,7.59975,5.67588),(2.76274,7.59587,5.67244),(2.76841,7.59118,5.66763),(2.77232,7.58597,5.66172),(2.77422,7.58054,5.65506),(2.77401,7.57521,5.64805),(2.77151,7.57006,5.64075),(2.76683,7.56573,5.634),(2.76029,7.56249,5.62827),(2.75231,7.56058,5.62393),(2.75761,7.89645,5.39263),(2.7574,7.89041,5.38544),(2.75961,7.88429,5.37866),(2.76408,7.87851,5.37275),(2.77052,7.87346,5.36812),(2.77848,7.86949,5.36509),(2.78742,7.86687,5.36385),(2.79673,7.86578,5.3645),(2.80578,7.86629,5.36699),(2.81395,7.86836,5.37115),(2.82068,7.87186,5.3767),(2.82551,7.87655,5.38325),(2.82812,7.8821,5.39037),(2.82833,7.88815,5.39756),(2.82612,7.89427,5.40434),(2.82165,7.90005,5.41025),(2.81521,7.90509,5.41488),(2.80725,7.90906,5.41791),(2.79831,7.91168,5.41915),(2.789,7.91278,5.4185),(2.77995,7.91227,5.41601),(2.77178,7.91019,5.41185),(2.76505,7.90669,5.4063),(2.76022,7.90201,5.39975),(2.89233,8.25526,5.06125),(2.89488,8.26068,5.06833),(2.89514,8.26626,5.07512),(2.8876,8.25067,5.05471),(2.88102,8.24723,5.04915),(2.87302,8.24515,5.04494),(2.86413,8.24458,5.04237),(2.85494,8.24555,5.04159),(2.84606,8.24801,5.04266),(2.83808,8.25178,5.04551),(2.83153,8.25662,5.04995),(2.82684,8.2622,5.05569),(2.82433,8.26816,5.06234),(2.82416,8.27409,5.06947),(2.82618,8.27934,5.07623),(2.83019,8.2839,5.08259),(2.83595,8.2875,5.08816),(2.84313,8.28994,5.09263),(2.85129,8.29105,5.0957),(2.85994,8.29078,5.09722),(2.86858,8.28914,5.09708),(2.87668,8.28623,5.09529),(2.88376,8.28223,5.09197),(2.88941,8.27736,5.0873),(2.89327,8.27193,5.08157),(2.92761,8.86077,4.59587),(2.92781,8.855,4.58861),(2.93034,8.8492,4.58183),(2.93505,8.84375,4.57599),(2.94162,8.83901,4.57146),(2.94961,8.83531,4.56856),(2.9585,8.83288,4.56746),(2.96769,8.83188,4.56826),(2.97657,8.83239,4.57089),(2.98455,8.83437,4.57517),(2.99111,8.83769,4.58083),(2.99581,8.84212,4.58749),(2.99833,8.84738,4.59471),(2.99856,8.85281,4.60162),(2.99667,8.85833,4.60819),(2.99278,8.86363,4.61403),(2.98712,8.86839,4.61879),(2.98002,8.87232,4.62217),(2.97191,8.87518,4.62399),(2.96328,8.87682,4.62413),(2.95463,8.87712,4.62259),(2.9296,8.86586,4.60276),(2.93358,8.87028,4.60923),(2.93932,8.87375,4.61491),(2.94648,8.87608,4.61945),(2.99286,9.22461,4.32527),(2.99092,9.21981,4.31816),(2.99117,9.21434,4.31067),(2.99375,9.20882,4.30367),(2.99851,9.20361,4.29764),(3.00511,9.19907,4.29297),(3.01312,9.19548,4.28997),(3.02202,9.1931,4.28884),(3.0312,9.19207,4.28966),(2.99679,9.22876,4.33195),(3.00249,9.232,4.33782),(3.00962,9.23414,4.3425),(3.01774,9.23505,4.34574),(3.02638,9.23468,4.34734),(3.03501,9.23305,4.34719),(3.04314,9.23026,4.34531),(3.05026,9.22647,4.34181),(3.05596,9.22191,4.33691),(3.05989,9.21686,4.33088),(3.06183,9.2116,4.3241),(3.06165,9.20647,4.31696),(3.05918,9.20151,4.30951),(3.05453,9.19736,4.30264),(3.04801,9.19427,4.2968),(3.04006,9.19247,4.29237),(3.5291,12.26583,2.2674),(3.52726,12.26153,2.25995),(3.5276,12.25659,2.25209),(3.53027,12.25156,2.24476),(3.5351,12.24678,2.23844),(3.54176,12.24257,2.23354),(3.54981,12.2392,2.2304),(3.55872,12.23689,2.22922),(3.56789,12.23581,2.23008),(3.53296,12.2695,2.2744),(3.53858,12.27232,2.28054),(3.54565,12.27413,2.28546),(3.55373,12.27481,2.28885),(3.56235,12.27433,2.29052),(3.57099,12.27271,2.29037),(3.57913,12.27005,2.2884),(3.5863,12.26651,2.28474),(3.59206,12.2623,2.27959),(3.59607,12.25767,2.27328),(3.59809,12.2529,2.26617),(3.598,12.24827,2.25869),(3.59562,12.24384,2.25088),(3.59106,12.24017,2.24368),(3.58462,12.23751,2.23756),(3.57672,12.23602,2.23292),(3.62441,12.81254,1.94699),(3.62485,12.80811,1.93884),(3.6276,12.80356,1.93124),(3.6325,12.7992,1.92468),(3.63922,12.7953,1.9196),(3.64731,12.79214,1.91634),(3.65623,12.78991,1.91512),(3.66539,12.78877,1.91601),(3.67419,12.78879,1.91896),(3.68203,12.78998,1.92377),(3.68841,12.79224,1.93012),(3.69288,12.79544,1.93759),(3.69517,12.79936,1.94568),(3.69517,12.80351,1.95344),(3.69307,12.80781,1.96081),(3.68899,12.81203,1.96736),(3.68317,12.8159,1.97269),(3.67596,12.8192,1.97649),(3.6678,12.82173,1.97854),(3.65915,12.82334,1.97869),(3.65056,12.82393,1.97696),(3.62618,12.81635,1.95471),(3.62995,12.81957,1.96198),(3.6355,12.82199,1.96835),(3.64251,12.82347,1.97344),(3.76926,13.6278,1.54822),(3.76765,13.62487,1.54005),(3.76825,13.62139,1.53144),(3.77116,13.61772,1.52339),(3.7762,13.61411,1.51645),(3.78302,13.6108,1.51108),(3.79117,13.60801,1.50764),(3.80012,13.60593,1.50634),(3.80926,13.60469,1.50728),(3.77288,13.63017,1.55591),(3.77831,13.63186,1.56265),(3.78521,13.63275,1.56804),(3.79318,13.63281,1.57176),(3.80175,13.63202,1.57359),(3.81039,13.63043,1.57343),(3.8186,13.62813,1.57127),(3.82589,13.62527,1.56725),(3.83181,13.62201,1.5616),(3.83603,13.61855,1.55468),(3.83828,13.6151,1.54688),(3.83843,13.61185,1.53867),(3.83631,13.60887,1.53011),(3.83199,13.60653,1.52221),(3.82574,13.605,1.51549),(3.818,13.60437,1.5104),(3.86471,14.17535,1.38002),(3.86557,14.17335,1.37098),(3.86873,14.17106,1.36253),(3.87398,14.16865,1.35525),(3.88096,14.16626,1.34961),(3.88922,14.16407,1.34599),(3.8982,14.1622,1.34463),(3.90732,14.1608,1.34562),(3.91596,14.15995,1.34889),(3.92355,14.1597,1.35423),(3.92959,14.16008,1.36128),(3.93368,14.16105,1.36958),(3.93554,14.16257,1.37857),(3.93514,14.1644,1.38719),(3.93265,14.16651,1.39538),(3.92822,14.16878,1.40265),(3.92213,14.17107,1.40858),(3.91472,14.17324,1.4128),(3.90644,14.17516,1.41507),(3.89779,14.17672,1.41524),(3.88928,14.17783,1.41332),(3.86607,14.17687,1.3886),(3.86946,14.17792,1.39667),(3.87468,14.17845,1.40375),(3.88143,14.17842,1.40941),(4.10388,15.5317,1.21566),(4.10489,15.5306,1.2065),(4.1082,15.52915,1.19796),(4.11357,15.52746,1.19058),(4.12065,15.52563,1.18488),(4.12897,15.5238,1.18121),(4.13798,15.52207,1.17984),(4.14708,15.52057,1.18084),(4.15567,15.51939,1.18415),(4.16317,15.51861,1.18956),(4.16908,15.51829,1.1967),(4.17302,15.51844,1.20509),(4.17473,15.51906,1.21419),(4.17417,15.52004,1.22291),(4.17154,15.52134,1.2312),(4.16699,15.52289,1.23856),(4.16079,15.52459,1.24456),(4.15331,15.52634,1.24883),(4.14499,15.52804,1.25112),(4.13634,15.52958,1.2513),(4.12786,15.53088,1.24936),(4.10508,15.53237,1.22434),(4.10833,15.53262,1.23251),(4.11343,15.53244,1.23967),(4.12007,15.53185,1.2454),(4.12021,15.61818,1.21739),(4.11909,15.61799,1.20867),(4.1202,15.6174,1.19947),(4.12359,15.61642,1.19089),(4.12903,15.61514,1.18348),(4.13617,15.61363,1.17775),(4.14453,15.612,1.17407),(4.15355,15.61034,1.17269),(4.16264,15.60879,1.17369),(4.12338,15.61798,1.2256),(4.12841,15.61741,1.23279),(4.135,15.6165,1.23855),(4.14275,15.6153,1.24252),(4.1512,15.6139,1.24447),(4.15986,15.61237,1.24429),(4.1682,15.61079,1.24199),(4.17572,15.60928,1.2377),(4.18198,15.60791,1.23168),(4.18661,15.60677,1.22428),(4.18932,15.60593,1.21596),(4.18996,15.60543,1.2072),(4.18834,15.60532,1.19806),(4.18448,15.60563,1.18962),(4.17864,15.60635,1.18245),(4.17119,15.60742,1.17702),(4.19293,16.03677,1.20588),(4.19412,16.03661,1.19668),(4.19758,16.03604,1.1881),(4.20308,16.03511,1.18069),(4.21027,16.03387,1.17495),(4.21866,16.03241,1.17127),(4.22769,16.03082,1.16989),(4.23677,16.02922,1.1709),(4.24529,16.0277,1.17422),(4.2527,16.02636,1.17966),(4.25848,16.02531,1.18683),(4.26227,16.0246,1.19527),(4.26381,16.02428,1.20441),(4.2631,16.02436,1.21317),(4.26032,16.0248,1.2215),(4.25563,16.02559,1.2289),(4.24932,16.02667,1.23492),(4.24176,16.02798,1.23921),(4.2334,16.02945,1.24152),(4.22475,16.03097,1.2417),(4.21631,16.03247,1.23974),(4.19398,16.03654,1.21461),(4.19708,16.03595,1.22281),(4.20205,16.03503,1.23001),(4.20859,16.03385,1.23577),(4.45523,17.52416,1.23262),(4.45608,17.5241,1.22326),(4.45928,17.52363,1.21444),(4.46462,17.52277,1.20675),(4.47174,17.52157,1.20073),(4.48015,17.52013,1.19678),(4.48927,17.51854,1.19518),(4.49848,17.51691,1.19602),(4.50717,17.51534,1.19926),(4.51472,17.51395,1.20467),(4.52064,17.51284,1.21188),(4.52452,17.51206,1.22041),(4.52608,17.51169,1.22967),(4.52523,17.51175,1.23903),(4.52203,17.51222,1.24785),(4.51669,17.51308,1.25554),(4.50957,17.51428,1.26156),(4.50117,17.51572,1.26551),(4.49204,17.51731,1.26711),(4.48283,17.51894,1.26627),(4.47414,17.52051,1.26303),(4.46659,17.5219,1.25762),(4.46067,17.52301,1.2504),(4.4568,17.52378,1.24188),(4.94443,19.88428,1.23817),(4.94359,19.88437,1.24753),(4.94039,19.88488,1.25635),(4.93506,19.88577,1.26403),(4.92794,19.88699,1.27005),(4.91954,19.88845,1.274),(4.91042,19.89005,1.27561),(4.9012,19.89168,1.27477),(4.89252,19.89323,1.27153),(4.88496,19.8946,1.26612),(4.87904,19.89568,1.2589),(4.87516,19.89642,1.25037),(4.87358,19.89676,1.24111),(4.87442,19.89667,1.23175),(4.87762,19.89616,1.22293),(4.88296,19.89527,1.21525),(4.89007,19.89405,1.20923),(4.89847,19.89259,1.20528),(4.90759,19.89099,1.20367),(4.91681,19.88936,1.20452),(4.94286,19.88462,1.22891),(4.93898,19.88536,1.22038),(4.93306,19.88644,1.21316),(4.9255,19.88781,1.20775),(5.01038,20.26754,1.23232),(5.01196,20.26723,1.24158),(5.01112,20.26734,1.25094),(5.00793,20.26788,1.25976),(5.00259,20.26879,1.26745),(4.99548,20.27002,1.27347),(4.98708,20.27149,1.27742),(4.97796,20.27309,1.27902),(4.96875,20.27472,1.27818),(5.0065,20.26826,1.22379),(5.00057,20.26933,1.21658),(4.99301,20.27068,1.21116),(4.98432,20.27222,1.20793),(4.9751,20.27385,1.20708),(4.96598,20.27545,1.20869),(4.95758,20.27692,1.21264),(4.95047,20.27815,1.21866),(4.94514,20.27907,1.22634),(4.94195,20.2796,1.23517),(4.94111,20.27971,1.24453),(4.94269,20.2794,1.25379),(4.94657,20.27869,1.26231),(4.95249,20.27762,1.26953),(4.96006,20.27626,1.27494),(5.07094,20.60173,1.24099),(5.07012,20.60193,1.25035),(5.06694,20.60254,1.25917),(5.06161,20.60352,1.26685),(5.05451,20.60481,1.27287),(5.04612,20.60631,1.27682),(5.037,20.60793,1.27843),(5.02778,20.60955,1.27759),(5.01909,20.61106,1.27435),(5.01152,20.61237,1.26894),(5.00558,20.61337,1.26172),(5.00169,20.61401,1.25319),(5.00009,20.61424,1.24393),(5.00092,20.61404,1.23457),(5.0041,20.61343,1.22575),(5.00942,20.61244,1.21807),(5.01652,20.61116,1.21205),(5.02491,20.60966,1.2081),(5.03403,20.60804,1.20649),(5.04325,20.60642,1.20734),(5.06935,20.60196,1.23173),(5.06545,20.60259,1.2232),(5.05951,20.6036,1.21598),(5.05194,20.6049,1.21057),(5.5635,23.40445,1.20449),(5.56511,23.40433,1.21375),(5.56431,23.40463,1.22311),(5.56114,23.40534,1.23193),(5.55584,23.4064,1.23961),(5.54875,23.40775,1.24563),(5.54036,23.4093,1.24958),(5.53125,23.41093,1.25119),(5.52203,23.41255,1.25035),(5.55959,23.405,1.19597),(5.55364,23.40592,1.18875),(5.54605,23.40717,1.18334),(5.53736,23.40865,1.1801),(5.52814,23.41026,1.17926),(5.51902,23.41189,1.18087),(5.51064,23.41344,1.18481),(5.50355,23.41479,1.19083),(5.49824,23.41586,1.19852),(5.49508,23.41657,1.20734),(5.49427,23.41687,1.2167),(5.49588,23.41674,1.22596),(5.4998,23.4162,1.23448),(5.50575,23.41527,1.2417),(5.51333,23.41402,1.24711),(5.63136,23.78906,1.19525),(5.63291,23.78884,1.20439),(5.63222,23.78902,1.21316),(5.62755,23.78968,1.18681),(5.62175,23.79065,1.17964),(5.61434,23.79192,1.17421),(5.60581,23.79341,1.17088),(5.59672,23.795,1.16987),(5.58769,23.7966,1.17125),(5.57931,23.7981,1.17493),(5.57214,23.79941,1.18067),(5.56665,23.80042,1.18808),(5.5632,23.80109,1.19667),(5.56204,23.80135,1.20587),(5.5631,23.80122,1.21459),(5.56622,23.80072,1.2228),(5.5712,23.79989,1.23),(5.57775,23.79877,1.23575),(5.58548,23.79744,1.23973),(5.59392,23.79596,1.24169),(5.60258,23.79443,1.24151),(5.61093,23.79295,1.2392),(5.61848,23.79159,1.23491),(5.62478,23.79044,1.22888),(5.62945,23.78957,1.22148),(5.66416,24.38037,1.2139),(5.66501,24.38028,1.20454),(5.6682,24.37977,1.19572),(5.67354,24.37888,1.18804),(5.68065,24.37766,1.18202),(5.68906,24.37621,1.17807),(5.69818,24.37461,1.17646),(5.70739,24.37298,1.1773),(5.71608,24.37142,1.18054),(5.72364,24.37006,1.18595),(5.72956,24.36897,1.19317),(5.73344,24.36823,1.2017),(5.73501,24.36789,1.21096),(5.73417,24.36798,1.22032),(5.73097,24.36849,1.22914),(5.72564,24.36938,1.23682),(5.71853,24.3706,1.24284),(5.71012,24.37206,1.24679),(5.701,24.37365,1.2484),(5.69179,24.37528,1.24756),(5.6831,24.37684,1.24432),(5.67554,24.3782,1.23891),(5.66962,24.37929,1.23169),(5.66574,24.38003,1.22316),(5.90807,25.34932,1.21227),(5.90724,25.34948,1.22163),(5.90405,25.35005,1.23045),(5.89872,25.351,1.23813),(5.89162,25.35226,1.24415),(5.88322,25.35374,1.2481),(5.8741,25.35535,1.24971),(5.86488,25.35698,1.24886),(5.8562,25.35851,1.24563),(5.84863,25.35983,1.24022),(5.8427,25.36087,1.233),(5.83881,25.36155,1.22447),(5.83722,25.36182,1.21521),(5.83805,25.36166,1.20585),(5.84124,25.36108,1.19703),(5.84656,25.36014,1.18935),(5.85367,25.35888,1.18333),(5.86207,25.35739,1.17938),(5.87118,25.35578,1.17777),(5.8804,25.35416,1.17861),(5.90648,25.34959,1.20301),(5.90259,25.35026,1.19448),(5.89666,25.3513,1.18726),(5.88909,25.35263,1.18185),(5.96046,25.64645,1.21114),(5.95963,25.64663,1.2205),(5.95645,25.64723,1.22932),(5.95113,25.6482,1.237),(5.94403,25.64947,1.24303),(5.93563,25.65097,1.24698),(5.92651,25.65258,1.24858),(5.91729,25.6542,1.24774),(5.9086,25.65572,1.2445),(5.90103,25.65704,1.23909),(5.8951,25.65806,1.23187),(5.8912,25.65871,1.22335),(5.88961,25.65896,1.21409),(5.89044,25.65878,1.20473),(5.89362,25.65818,1.1959),(5.89895,25.65721,1.18822),(5.90605,25.65594,1.1822),(5.91444,25.65444,1.17825),(5.92356,25.65283,1.17664),(5.93278,25.65121,1.17749),(5.95887,25.6467,1.20188),(5.95498,25.64735,1.19335),(5.94904,25.64837,1.18614),(5.94147,25.64969,1.18073),(5.99762,25.86624,1.20116),(5.99919,25.86609,1.21031),(5.9985,25.86633,1.21907),(5.9938,25.8668,1.19273),(5.98799,25.86773,1.18556),(5.98058,25.86896,1.18012),(5.97204,25.87042,1.1768),(5.96296,25.87201,1.17579),(5.95393,25.87362,1.17717),(5.94555,25.87515,1.18085),(5.93838,25.87649,1.18659),(5.9329,25.87756,1.19399),(5.92947,25.87828,1.20258),(5.92831,25.87861,1.21178),(5.92939,25.87854,1.22051),(5.93252,25.8781,1.22871),(5.93751,25.87732,1.23591),(5.94407,25.87624,1.24166),(5.9518,25.87493,1.24564),(5.96024,25.87347,1.24759),(5.9689,25.87194,1.24741),(5.97725,25.87044,1.24511),(5.98479,25.86905,1.24081),(5.99109,25.86786,1.23479),(5.99575,25.86693,1.22739),(6.01792,26.38662,1.20127),(6.01871,26.38625,1.19191),(6.02186,26.38547,1.18309),(6.02716,26.38434,1.17541),(6.03424,26.38294,1.16939),(6.04262,26.38137,1.16545),(6.05173,26.37972,1.16384),(6.06095,26.37811,1.16468),(6.06966,26.37666,1.16792),(6.07725,26.37546,1.17333),(6.08321,26.37459,1.18054),(6.08713,26.37411,1.18907),(6.08876,26.37406,1.19832),(6.08797,26.37444,1.20768),(6.08481,26.37521,1.2165),(6.07952,26.37634,1.22418),(6.07244,26.37774,1.2302),(6.06406,26.37932,1.23415),(6.05495,26.38097,1.23576),(6.04572,26.38257,1.23491),(6.03702,26.38402,1.23168),(6.02943,26.38523,1.22627),(6.02347,26.3861,1.21905),(6.01954,26.38657,1.21053),(6.47202,28.54767,1.1398),(6.47123,28.54804,1.14916),(6.46808,28.54881,1.15798),(6.46278,28.54993,1.16566),(6.4557,28.55133,1.17168),(6.44732,28.55291,1.17563),(6.43821,28.55455,1.17723),(6.42899,28.55616,1.17639),(6.42028,28.55761,1.17315),(6.41269,28.55882,1.16774),(6.40673,28.55969,1.16053),(6.40281,28.56017,1.152),(6.40119,28.56023,1.14275),(6.40198,28.55986,1.13339),(6.40513,28.55909,1.12457),(6.41043,28.55796,1.11689),(6.41751,28.55657,1.11087),(6.42589,28.55499,1.10692),(6.435,28.55334,1.10531),(6.44422,28.55174,1.10616),(6.4704,28.54772,1.13054),(6.46647,28.54821,1.12202),(6.46051,28.54908,1.1148),(6.45292,28.55028,1.1094),(6.51607,28.79748,1.1342),(6.51527,28.7978,1.14356),(6.51211,28.79853,1.15238),(6.50681,28.79962,1.16006),(6.49972,28.80098,1.16608),(6.49134,28.80254,1.17003),(6.48222,28.80418,1.17164),(6.473,28.80579,1.17079),(6.4643,28.80726,1.16756),(6.45672,28.80849,1.16215),(6.45076,28.8094,1.15493),(6.44685,28.80992,1.14641),(6.44523,28.81002,1.13715),(6.44603,28.8097,1.12779),(6.44919,28.80897,1.11897),(6.45449,28.80788,1.11129),(6.46158,28.80652,1.10527),(6.46997,28.80496,1.10132),(6.47908,28.80332,1.09971),(6.4883,28.80171,1.10055),(6.51446,28.79758,1.12494),(6.51054,28.7981,1.11642),(6.50458,28.79901,1.1092),(6.497,28.80024,1.10379),(6.76612,30.22483,1.10093),(6.76773,30.22473,1.11019),(6.76693,30.22505,1.11954),(6.76377,30.22578,1.12837),(6.75847,30.22687,1.13605),(6.75138,30.22824,1.14207),(6.743,30.22979,1.14602),(6.73389,30.23143,1.14762),(6.72467,30.23304,1.14678),(6.7622,30.22535,1.0924),(6.75625,30.22626,1.08519),(6.74866,30.22749,1.07978),(6.73996,30.22896,1.07654),(6.73074,30.23057,1.0757),(6.72163,30.23221,1.0773),(6.71324,30.23377,1.08125),(6.70616,30.23513,1.08727),(6.70085,30.23622,1.09495),(6.6977,30.23695,1.10378),(6.6969,30.23727,1.11313),(6.69851,30.23717,1.12239),(6.70243,30.23665,1.13092),(6.70838,30.23574,1.13813),(6.71597,30.23451,1.14354),(6.89935,30.98021,1.08405),(6.90091,30.98003,1.09319),(6.90023,30.98025,1.10195),(6.89554,30.98078,1.07561),(6.88973,30.98172,1.06844),(6.88231,30.98297,1.06301),(6.87378,30.98444,1.05968),(6.8647,30.98603,1.05867),(6.85567,30.98764,1.06006),(6.84729,30.98915,1.06374),(6.84012,30.99048,1.06947),(6.83463,30.99153,1.07688),(6.8312,30.99224,1.08547),(6.83004,30.99255,1.09467),(6.83111,30.99246,1.10339),(6.83424,30.992,1.1116),(6.83923,30.9912,1.11879),(6.84578,30.99011,1.12455),(6.85351,30.98879,1.12852),(6.86195,30.98733,1.13048),(6.87061,30.9858,1.1303),(6.87896,30.9843,1.12799),(6.88651,30.98292,1.1237),(6.8928,30.98174,1.11768),(6.89747,30.98083,1.11028),(6.84807,31.09463,1.09612),(6.8489,31.09447,1.08676),(6.85208,31.09388,1.07794),(6.85741,31.09292,1.07026),(6.86451,31.09165,1.06423),(6.87291,31.09016,1.06028),(6.88203,31.08855,1.05868),(6.89124,31.08693,1.05952),(6.89993,31.0854,1.06276),(6.9075,31.08408,1.06817),(6.91344,31.08306,1.07539),(6.91733,31.08239,1.08391),(6.91892,31.08214,1.09317),(6.91809,31.08231,1.10253),(6.9149,31.08289,1.11136),(6.90958,31.08385,1.11904),(6.90248,31.08512,1.12506),(6.89408,31.08661,1.12901),(6.88496,31.08822,1.13062),(6.87574,31.08984,1.12977),(6.86705,31.09137,1.12654),(6.85948,31.09269,1.12112),(6.85355,31.09371,1.11391),(6.84966,31.09438,1.10538),(7.02567,31.69006,1.08583),(7.02595,31.69004,1.09523),(7.02383,31.69039,1.10437),(7.01944,31.6911,1.11265),(7.01308,31.69212,1.1195),(7.00519,31.69338,1.12444),(6.9963,31.69479,1.12715),(6.98702,31.69626,1.12744),(6.97798,31.69769,1.12529),(6.9698,31.69897,1.12084),(6.96303,31.70003,1.1144),(6.95815,31.70078,1.10641),(6.95547,31.70119,1.09741),(6.95518,31.70121,1.08802),(6.95731,31.70086,1.07887),(6.9617,31.70015,1.07059),(6.96806,31.69913,1.06375),(6.97595,31.69787,1.0588),(6.98484,31.69646,1.05609),(6.99412,31.69499,1.0558),(7.00315,31.69357,1.05796),(7.01133,31.69228,1.0624),(7.0181,31.69123,1.06884),(7.02299,31.69047,1.07683),(7.0835,32.28182,1.12649),(7.07433,32.2831,1.1281),(7.06506,32.2844,1.12726),(7.05633,32.28564,1.12402),(7.04872,32.28672,1.11861),(7.04276,32.28758,1.1114),(7.03885,32.28815,1.10287),(7.03726,32.2884,1.09361),(7.0381,32.28832,1.08425),(7.04131,32.2879,1.07543),(7.04667,32.28717,1.06774),(7.05382,32.28619,1.06172),(7.06227,32.28502,1.05777),(7.07144,32.28374,1.05616),(7.08071,32.28244,1.05701),(7.08944,32.2812,1.06024),(7.09705,32.28012,1.06565),(7.10301,32.27926,1.07287),(7.10692,32.27869,1.0814),(7.10851,32.27844,1.09066),(7.10767,32.27852,1.10002),(7.10446,32.27894,1.10884),(7.0991,32.27967,1.11652),(7.09195,32.28065,1.12254),(7.14387,32.53094,1.09208),(7.14302,32.53095,1.10144),(7.1398,32.53131,1.11026),(7.13443,32.53197,1.11795),(7.12728,32.53291,1.12397),(7.11883,32.53405,1.12792),(7.10965,32.53532,1.12952),(7.10039,32.53662,1.12868),(7.09165,32.53788,1.12544),(7.08405,32.53901,1.12003),(7.0781,32.53992,1.11282),(7.0742,32.54056,1.10429),(7.07262,32.54088,1.09503),(7.07347,32.54087,1.08567),(7.07669,32.54051,1.07685),(7.08206,32.53985,1.06917),(7.08921,32.53891,1.06315),(7.09767,32.53777,1.0592),(7.10684,32.53651,1.05759),(7.11611,32.5352,1.05843),(7.14229,32.53126,1.08282),(7.13839,32.5319,1.07429),(7.13244,32.53282,1.06708),(7.12484,32.53394,1.06167),(7.17471,32.75336,1.09231),(7.17475,32.75324,1.10171),(7.17237,32.75338,1.1108),(7.16773,32.75376,1.11896),(7.16115,32.75436,1.12564),(7.15307,32.75515,1.13039),(7.14404,32.75605,1.13287),(7.13469,32.75702,1.13292),(7.12564,32.75798,1.13054),(7.11752,32.75888,1.12589),(7.11088,32.75965,1.11928),(7.10616,32.76023,1.11117),(7.1037,32.76059,1.1021),(7.10366,32.76071,1.09271),(7.10604,32.76057,1.08362),(7.11068,32.76019,1.07545),(7.11727,32.75959,1.06877),(7.12535,32.75881,1.06403),(7.13437,32.7579,1.06154),(7.14372,32.75693,1.06149),(7.15277,32.75597,1.06387),(7.16089,32.75507,1.06853),(7.16753,32.7543,1.07514),(7.17225,32.75372,1.08325),(7.21167,33.81899,1.14097),(7.20233,33.81947,1.13998),(7.19357,33.81993,1.13662),(7.18597,33.82033,1.13109),(7.18007,33.82066,1.12379),(7.17625,33.82088,1.1152),(7.17478,33.82099,1.10592),(7.17576,33.82097,1.09657),(7.17913,33.82083,1.0878),(7.18465,33.82057,1.0802),(7.19194,33.82022,1.07428),(7.20052,33.8198,1.07046),(7.20979,33.81933,1.06899),(7.21913,33.81885,1.06997),(7.22789,33.81839,1.07334),(7.23548,33.81799,1.07886),(7.24139,33.81766,1.08617),(7.24521,33.81744,1.09475),(7.24667,33.81734,1.10403),(7.24569,33.81735,1.11338),(7.24233,33.8175,1.12215),(7.23681,33.81775,1.12976),(7.22951,33.8181,1.13567),(7.22094,33.81853,1.1395),(7.2167,34.22251,1.13986),(7.20788,34.22281,1.13662),(7.20021,34.22309,1.1312),(7.1942,34.22331,1.12398),(7.19026,34.22348,1.11545),(7.18866,34.22357,1.10619),(7.18952,34.22358,1.09683),(7.19276,34.22352,1.08801),(7.19818,34.22337,1.08033),(7.2054,34.22316,1.07431),(7.21392,34.2229,1.07037),(7.22318,34.22261,1.06877),(7.23253,34.2223,1.06963),(7.24135,34.222,1.07287),(7.24902,34.22172,1.07829),(7.25503,34.2215,1.08551),(7.25897,34.22133,1.09404),(7.26057,34.22124,1.1033),(7.25971,34.22123,1.11266),(7.25647,34.2213,1.12148),(7.25105,34.22144,1.12916),(7.24383,34.22165,1.13518),(7.23531,34.22191,1.13912),(7.22605,34.2222,1.14072),(7.2715,34.61096,1.09963),(7.27256,34.61082,1.10897),(7.27117,34.6108,1.11826),(7.26742,34.61089,1.12688),(7.26158,34.61109,1.13424),(7.25403,34.61138,1.13983),(7.24529,34.61175,1.14327),(7.23596,34.61218,1.14434),(7.22668,34.61262,1.14295),(7.21807,34.61305,1.1392),(7.21072,34.61345,1.13335),(7.20514,34.61378,1.1258),(7.2017,34.61402,1.11706),(7.20064,34.61415,1.10772),(7.20203,34.61418,1.09843),(7.20578,34.61409,1.08981),(7.21163,34.61389,1.08245),(7.21917,34.61359,1.07686),(7.22791,34.61322,1.07342),(7.23724,34.6128,1.07235),(7.24653,34.61236,1.07374),(7.25513,34.61192,1.07749),(7.26248,34.61153,1.08334),(7.26806,34.6112,1.09089),(7.27101,35.08719,1.14863),(7.26224,35.08774,1.1488),(7.25368,35.08824,1.14685),(7.24585,35.08866,1.14287),(7.23922,35.08898,1.13711),(7.23417,35.08919,1.12992),(7.23102,35.08926,1.12171),(7.22994,35.0892,1.11298),(7.27947,35.08664,1.14632),(7.28713,35.0861,1.14203),(7.29351,35.08562,1.13601),(7.29825,35.08522,1.12862),(7.30106,35.08492,1.12029),(7.30177,35.08475,1.11153),(7.3002,35.08471,1.10239),(7.29635,35.08482,1.09394),(7.29047,35.08508,1.08677),(7.28296,35.08546,1.08133),(7.27432,35.08595,1.07799),(7.26511,35.0865,1.07698),(7.25596,35.08709,1.07837),(7.24746,35.08767,1.08205),(7.24018,35.0882,1.08778),(7.23462,35.08865,1.09519),(7.23112,35.08899,1.10378),(7.23516,35.16108,1.11763),(7.23441,35.16081,1.10827),(7.2361,35.1603,1.09904),(7.24011,35.15957,1.09057),(7.24618,35.1587,1.08344),(7.25388,35.15772,1.07814),(7.26269,35.15672,1.07502),(7.27202,35.15575,1.0743),(7.28122,35.15488,1.07604),(7.28968,35.15418,1.0801),(7.2968,35.15369,1.08621),(7.30212,35.15344,1.09396),(7.30525,35.15345,1.10282),(7.306,35.15373,1.11219),(7.30431,35.15424,1.12142),(7.3003,35.15496,1.12988),(7.29424,35.15584,1.13701),(7.28653,35.15681,1.14232),(7.27772,35.15782,1.14543),(7.26839,35.15879,1.14615),(7.25919,35.15965,1.14442),(7.25073,35.16036,1.14036),(7.24361,35.16085,1.13424),(7.23829,35.1611,1.12649),(7.38553,35.98241,1.11716),(7.37638,35.98409,1.11575),(7.36789,35.98557,1.11198),(7.36063,35.98674,1.10612),(7.3551,35.98752,1.09855),(7.35168,35.98787,1.0898),(7.3506,35.98775,1.08047),(7.35193,35.98717,1.07118),(7.35558,35.98619,1.06258),(7.36131,35.98485,1.05524),(7.36872,35.98326,1.04968),(7.3773,35.98151,1.04625),(7.38649,35.97974,1.04521),(7.39563,35.97806,1.04663),(7.40413,35.97659,1.05039),(7.41138,35.97542,1.05626),(7.41691,35.97464,1.06382),(7.42033,35.97429,1.07257),(7.42142,35.97441,1.0819),(7.42009,35.97498,1.09119),(7.41643,35.97597,1.09979),(7.41071,35.97731,1.10713),(7.4033,35.9789,1.1127),(7.39471,35.98064,1.11612),(7.52146,36.52792,1.09825),(7.51293,36.52996,1.0984),(7.50461,36.5319,1.09643),(7.49698,36.53363,1.09244),(7.49052,36.53505,1.08669),(7.48559,36.53608,1.0795),(7.48249,36.53664,1.07131),(7.48141,36.53671,1.06261),(7.52969,36.52591,1.09598),(7.53714,36.52405,1.09174),(7.54336,36.52244,1.08576),(7.54797,36.52119,1.0784),(7.55072,36.52036,1.07011),(7.55142,36.52,1.06137),(7.54991,36.52017,1.0522),(7.54616,36.52088,1.04373),(7.54042,36.5221,1.03651),(7.53309,36.52373,1.03103),(7.52465,36.52567,1.02766),(7.51566,36.52779,1.02662),(7.50672,36.52995,1.02797),(7.49843,36.532,1.03164),(7.49134,36.53381,1.03737),(7.48592,36.53526,1.04479),(7.48253,36.53625,1.05339),(7.54389,36.79883,1.0616),(7.54475,36.79848,1.05225),(7.54791,36.79748,1.04345),(7.55316,36.79589,1.03581),(7.56013,36.79382,1.02985),(7.56835,36.7914,1.02597),(7.57726,36.78882,1.02444),(7.58626,36.78623,1.02536),(7.59473,36.78382,1.02867),(7.60209,36.78174,1.03414),(7.60785,36.78016,1.0414),(7.6116,36.77916,1.04996),(7.6131,36.77882,1.05923),(7.61224,36.77916,1.06858),(7.60908,36.78016,1.07738),(7.60384,36.78176,1.08502),(7.59687,36.78383,1.09098),(7.58865,36.78624,1.09486),(7.57973,36.78883,1.0964),(7.57073,36.79142,1.09548),(7.56227,36.79383,1.09217),(7.5549,36.7959,1.0867),(7.54915,36.79749,1.07943),(7.54539,36.79849,1.07087),(7.72014,37.1893,1.09129),(7.71184,37.19213,1.09143),(7.70374,37.19483,1.08945),(7.69631,37.19726,1.08547),(7.69,37.19925,1.07971),(7.68518,37.2007,1.07253),(7.68214,37.20152,1.06434),(7.68106,37.20166,1.05564),(7.68212,37.20105,1.04642),(7.68539,37.19971,1.03782),(7.69064,37.19772,1.0304),(7.69752,37.19523,1.02467),(7.70558,37.19238,1.02101),(7.71428,37.18939,1.01965),(7.72303,37.18643,1.0207),(7.73126,37.18372,1.02408),(7.73841,37.18143,1.02956),(7.74401,37.17972,1.03678),(7.74768,37.17869,1.04527),(7.74919,37.17842,1.05444),(7.74852,37.17888,1.06317),(7.72814,37.18651,1.08902),(7.73537,37.18394,1.08478),(7.7414,37.18172,1.07881),(7.74588,37.18001,1.07146),(7.80341,37.5597,1.04614),(7.80318,37.55953,1.03675),(7.80523,37.5585,1.02763),(7.80943,37.55669,1.01942),(7.81548,37.55421,1.01267),(7.82297,37.55123,1.00785),(7.8314,37.54796,1.00527),(7.84019,37.54461,1.00512),(7.84874,37.54143,1.0074),(7.85647,37.53862,1.01197),(7.86284,37.53638,1.01851),(7.86744,37.53485,1.02657),(7.86993,37.53415,1.0356),(7.87016,37.53432,1.045),(7.86811,37.53534,1.05411),(7.86392,37.53716,1.06232),(7.85786,37.53964,1.06907),(7.85037,37.54262,1.0739),(7.84194,37.54589,1.07648),(7.83315,37.54923,1.07663),(7.8246,37.55242,1.07434),(7.81688,37.55523,1.06977),(7.8105,37.55747,1.06324),(7.80591,37.559,1.05518),(7.87305,37.65337,1.07473),(7.86493,37.65687,1.07154),(7.85784,37.6599,1.06617),(7.85225,37.66226,1.05899),(7.84855,37.66379,1.05048),(7.847,37.66437,1.04123),(7.84769,37.66398,1.03187),(7.85059,37.66263,1.02303),(7.85548,37.66043,1.01532),(7.86205,37.65752,1.00926),(7.86983,37.65409,1.00526),(7.87831,37.65039,1.0036),(7.8869,37.64666,1.00439),(7.89502,37.64316,1.00758),(7.90212,37.64013,1.01295),(7.9077,37.63777,1.02013),(7.9114,37.63625,1.02864),(7.91295,37.63567,1.03789),(7.91226,37.63606,1.04725),(7.90937,37.6374,1.05609),(7.90447,37.63961,1.06381),(7.8979,37.64252,1.06987),(7.89012,37.64594,1.07386),(7.88164,37.64965,1.07552),(7.9329,37.76497,1.07475),(7.92436,37.7688,1.07382),(7.91634,37.77239,1.07049),(7.90937,37.7755,1.06501),(7.90393,37.7779,1.05774),(7.90038,37.77945,1.04917),(7.89898,37.78003,1.0399),(7.89981,37.7796,1.03054),(7.90282,37.7782,1.02175),(7.90781,37.77592,1.01412),(7.91443,37.77291,1.00817),(7.92223,37.76938,1.0043),(7.93069,37.76557,1.00279),(7.93922,37.76174,1.00372),(7.94725,37.75815,1.00704),(7.95422,37.75504,1.01253),(7.95966,37.75264,1.0198),(7.9632,37.75109,1.02836),(7.96461,37.75051,1.03764),(7.96378,37.75094,1.04699),(7.96076,37.75234,1.05578),(7.95578,37.75462,1.06341),(7.94916,37.75763,1.06936),(7.94135,37.76116,1.07323),(8.17413,38.22023,1.02645),(8.17553,38.21964,1.03573),(8.17469,38.22005,1.04508),(8.17167,38.22143,1.05387),(8.16668,38.22371,1.0615),(8.16005,38.22671,1.06745),(8.15225,38.23023,1.07132),(8.14379,38.23404,1.07284),(8.13526,38.23787,1.0719),(8.17059,38.22179,1.01789),(8.16516,38.22421,1.01061),(8.15819,38.22733,1.00513),(8.15017,38.23092,1.00181),(8.14164,38.23475,1.00087),(8.13318,38.23856,1.00239),(8.12537,38.24208,1.00626),(8.11875,38.24508,1.01221),(8.11375,38.24736,1.01984),(8.11074,38.24874,1.02863),(8.1099,38.24915,1.03798),(8.11129,38.24856,1.04726),(8.11483,38.247,1.05582),(8.12027,38.24458,1.06309),(8.12724,38.24146,1.06858),(8.21777,38.31639,1.02749),(8.21882,38.31589,1.03681),(8.21768,38.31649,1.04612),(8.21443,38.31816,1.05478),(8.20928,38.3208,1.0622),(8.2026,38.3242,1.06787),(8.19483,38.32816,1.0714),(8.1865,38.33238,1.07257),(8.17819,38.3366,1.07128),(8.17046,38.34051,1.06762),(8.16383,38.34386,1.06185),(8.15876,38.34642,1.05436),(8.1556,38.348,1.04565),(8.15455,38.34851,1.03632),(8.15569,38.3479,1.02701),(8.15894,38.34623,1.01836),(8.16409,38.3436,1.01094),(8.17077,38.34019,1.00527),(8.17854,38.33624,1.00173),(8.18686,38.33201,1.00057),(8.19518,38.3278,1.00186),(8.20291,38.32388,1.00552),(8.20954,38.32053,1.01129),(8.21461,38.31798,1.01878),(8.50145,38.88377,1.07127),(8.49333,38.8884,1.07034),(8.48569,38.89275,1.06701),(8.47907,38.89654,1.06153),(8.47391,38.89951,1.05425),(8.47057,38.90145,1.04569),(8.46927,38.90224,1.03641),(8.47011,38.90181,1.02706),(8.47301,38.9002,1.01827),(8.4778,38.89752,1.01064),(8.48414,38.89395,1.00469),(8.49159,38.88973,1.00082),(8.49966,38.88515,0.99931),(8.50779,38.88053,1.00024),(8.51542,38.87617,1.00357),(8.52205,38.87238,1.00906),(8.5272,38.86941,1.01633),(8.53054,38.86747,1.0249),(8.53184,38.86669,1.03417),(8.53101,38.86711,1.04352),(8.5281,38.86872,1.05231),(8.52331,38.87141,1.05994),(8.51698,38.87498,1.06589),(8.50952,38.8792,1.06976),(8.62731,39.03495,1.03399),(8.62699,39.03509,1.04338),(8.62462,39.03652,1.05236),(8.62037,39.03915,1.06032),(8.61452,39.0428,1.06672),(8.60748,39.04722,1.07112),(8.59972,39.05211,1.07322),(8.59178,39.05714,1.07288),(8.58419,39.06196,1.07012),(8.57747,39.06625,1.06512),(8.57208,39.06971,1.05824),(8.56839,39.07211,1.04993),(8.56664,39.07328,1.04077),(8.56696,39.07314,1.03138),(8.56933,39.07171,1.0224),(8.57359,39.06908,1.01444),(8.57943,39.06543,1.00804),(8.58647,39.06101,1.00364),(8.59423,39.05612,1.00154),(8.60218,39.05109,1.00189),(8.60977,39.04627,1.00465),(8.61649,39.04198,1.00964),(8.62188,39.03852,1.01652),(8.62557,39.03612,1.02483),(8.85975,39.41105,1.07264),(8.85216,39.41638,1.07416),(8.8445,39.42174,1.07323),(8.83729,39.42678,1.06991),(8.83103,39.43115,1.06443),(8.82615,39.43455,1.05716),(8.82296,39.43676,1.04859),(8.8217,39.43761,1.03932),(8.82245,39.43706,1.02997),(8.82516,39.43514,1.02118),(8.82964,39.43197,1.01354),(8.83559,39.42779,1.00759),(8.8426,39.42287,1.00372),(8.85019,39.41755,1.0022),(8.85785,39.41218,1.00313),(8.86505,39.40714,1.00645),(8.87131,39.40277,1.01193),(8.8762,39.39937,1.0192),(8.87938,39.39717,1.02776),(8.88064,39.39631,1.03704),(8.87989,39.39687,1.04639),(8.87719,39.39879,1.05518),(8.87271,39.40195,1.06281),(8.86676,39.40613,1.06877),(9.06808,39.66648,1.02567),(9.06939,39.66574,1.03486),(9.06882,39.66631,1.04358),(9.06489,39.66854,1.01718),(9.06004,39.6718,1.00995),(9.05384,39.67604,1.00445),(9.04671,39.68097,1.00106),(9.03913,39.68626,1.0),(9.03161,39.69156,1.00135),(9.02464,39.69651,1.00501),(9.01869,39.70079,1.01075),(9.01415,39.70411,1.01816),(9.01135,39.70624,1.02677),(9.01044,39.70705,1.036),(9.0114,39.70656,1.0447),(9.01404,39.70486,1.05288),(9.01822,39.70207,1.06006),(9.02369,39.69835,1.06582),(9.03012,39.69393,1.06981),(9.03713,39.68905,1.07179),(9.04431,39.68402,1.07165),(9.05123,39.67913,1.0694),(9.05747,39.67467,1.06517),(9.06268,39.67091,1.0592),(9.06654,39.66806,1.05186),(9.0452,39.75624,1.03864),(9.04507,39.75582,1.02925),(9.04688,39.75392,1.02022),(9.0505,39.75068,1.01217),(9.05568,39.74631,1.00564),(9.06206,39.74112,1.00107),(9.06922,39.73546,0.99879),(9.07667,39.72971,0.99895),(9.08389,39.72427,1.00152),(9.0904,39.7195,1.00635),(9.09576,39.71573,1.0131),(9.09958,39.71323,1.02131),(9.10163,39.71215,1.03042),(9.10175,39.71258,1.03981),(9.09995,39.71447,1.04883),(9.09633,39.71772,1.05689),(9.09115,39.72208,1.06342),(9.08477,39.72727,1.06798),(9.07761,39.73293,1.07026),(9.07016,39.73868,1.07011),(9.06294,39.74413,1.06753),(9.05643,39.74889,1.0627),(9.05107,39.75266,1.05596),(9.04724,39.75516,1.04775),(9.62784,40.35403,1.01246),(9.62189,40.35999,1.01665),(9.61524,40.36638,1.01854),(9.60836,40.37277,1.01797),(9.60171,40.37873,1.01501),(9.59575,40.38385,1.00984),(9.59088,40.38777,1.00283),(9.58743,40.39025,0.99444),(9.58564,40.39109,0.98525),(9.58563,40.39026,0.97589),(9.5874,40.3878,0.967),(9.59083,40.38388,0.95917),(9.59569,40.37877,0.95295),(9.60165,40.37281,0.94875),(9.60829,40.36642,0.94687),(9.61517,40.36003,0.94743),(9.62182,40.35407,0.9504),(9.62778,40.34896,0.95556),(9.63266,40.34503,0.96258),(9.6361,40.34255,0.97097),(9.63789,40.34171,0.98015),(9.6379,40.34254,0.98951),(9.63613,40.345,0.99841),(9.6327,40.34892,1.00624),(9.77764,40.52098,1.0028),(9.77155,40.52724,1.0029),(9.76559,40.53331,1.00088),(9.7601,40.5388,0.99688),(9.75542,40.54342,0.99112),(9.75181,40.54687,0.98394),(9.74949,40.54896,0.97578),(9.74859,40.54957,0.9671),(9.74927,40.54854,0.95784),(9.75159,40.54585,0.9492),(9.75539,40.54166,0.94176),(9.76042,40.53628,0.93603),(9.76635,40.53005,0.93239),(9.77276,40.5234,0.93108),(9.77924,40.51677,0.93219),(9.78535,40.51062,0.93565),(9.79067,40.50534,0.94122),(9.79485,40.50131,0.94853),(9.7976,40.49878,0.95709),(9.79875,40.49793,0.96633),(9.7983,40.49871,0.97503),(9.7964,40.50097,0.98326),(9.79316,40.50456,0.99054),(9.78349,40.51487,1.00061),(9.78877,40.50929,0.99644),(10.18366,40.97157,0.98484),(10.1835,40.97207,0.97546),(10.18496,40.97072,0.96627),(10.18795,40.96764,0.95791),(10.19224,40.96301,0.95094),(10.19756,40.95717,0.94584),(10.20354,40.95051,0.94295),(10.20977,40.94347,0.94248),(10.21583,40.93655,0.94446),(10.22131,40.93021,0.94874),(10.22582,40.92489,0.95504),(10.22907,40.92095,0.96293),(10.23084,40.91865,0.97187),(10.23099,40.91815,0.98126),(10.22953,40.9195,0.99044),(10.22655,40.92258,0.99881),(10.22226,40.92721,1.00577),(10.21694,40.93305,1.01088),(10.21096,40.93972,1.01376),(10.20473,40.94675,1.01423),(10.19867,40.95367,1.01226),(10.19319,40.96001,1.00798),(10.18867,40.96533,1.00167),(10.18542,40.96927,0.99378),(10.76454,41.39177,1.0331),(10.75871,41.39907,1.03209),(10.75331,41.40598,1.0287),(10.74871,41.41201,1.02316),(10.74521,41.41676,1.01585),(10.74306,41.41991,1.00726),(10.74241,41.42124,0.99797),(10.74329,41.42065,0.98864),(10.74564,41.4182,0.97988),(10.74932,41.41404,0.97229),(10.75406,41.40846,0.9664),(10.75955,41.40184,0.9626),(10.7654,41.39463,0.96116),(10.77123,41.38732,0.96217),(10.77663,41.38042,0.96555),(10.78123,41.37438,0.9711),(10.78473,41.36963,0.97841),(10.78688,41.36649,0.987),(10.78753,41.36516,0.99628),(10.78665,41.36574,1.00562),(10.7843,41.3682,1.01438),(10.78062,41.37236,1.02197),(10.77588,41.37794,1.02786),(10.77039,41.38456,1.03165),(10.87987,41.44073,0.9934),(10.88022,41.43962,1.00272),(10.87908,41.44046,1.01201),(10.87652,41.44319,1.02063),(10.87272,41.44762,1.028),(10.86793,41.45346,1.0336),(10.8625,41.4603,1.03707),(10.85677,41.46767,1.03816),(10.85115,41.47508,1.0368),(10.84602,41.48203,1.03308),(10.84173,41.48803,1.02725),(10.83856,41.49267,1.01972),(10.83675,41.49565,1.01099),(10.8364,41.49676,1.00167),(10.83754,41.49592,0.99238),(10.8401,41.49319,0.98376),(10.8439,41.48876,0.97639),(10.84868,41.48292,0.97079),(10.85412,41.47608,0.96732),(10.85985,41.4687,0.96623),(10.86547,41.46129,0.96759),(10.8706,41.45435,0.97131),(10.87489,41.44835,0.97714),(10.87805,41.4437,0.98467),(10.90551,41.50185,1.04071),(10.9001,41.50947,1.03969),(10.89511,41.51667,1.03629),(10.89088,41.52296,1.03074),(10.88769,41.52792,1.02342),(10.88576,41.53119,1.01482),(10.88522,41.53257,1.00554),(10.88612,41.53196,0.99621),(10.88838,41.52939,0.98745),(10.89186,41.52505,0.97988),(10.89631,41.51922,0.974),(10.90144,41.51232,0.97021),(10.90689,41.5048,0.96878),(10.9123,41.49718,0.9698),(10.91729,41.48998,0.9732),(10.92152,41.48368,0.97875),(10.92471,41.47873,0.98608),(10.92664,41.47545,0.99467),(10.92718,41.47407,1.00395),(10.92628,41.47469,1.01329),(10.92402,41.47726,1.02204),(10.92054,41.4816,1.02961),(10.91609,41.48742,1.03549),(10.91096,41.49433,1.03928),(11.69295,42.03571,1.07228),(11.68735,42.04286,1.07475),(11.68163,42.05033,1.07479),(11.67618,42.05761,1.0724),(11.67138,42.06422,1.06774),(11.66754,42.06969,1.06113),(11.66493,42.07366,1.05301),(11.66373,42.07585,1.04396),(11.66403,42.07612,1.03457),(11.66579,42.07445,1.02549),(11.6689,42.07095,1.01733),(11.67315,42.06586,1.01067),(11.67824,42.05953,1.00594),(11.68384,42.05238,1.00347),(11.68956,42.04491,1.00343),(11.69501,42.03763,1.00582),(11.69981,42.03102,1.01048),(11.70365,42.02555,1.01709),(11.70626,42.02158,1.0252),(11.70746,42.01939,1.03426),(11.70716,42.01912,1.04365),(11.7054,42.02079,1.05273),(11.70229,42.02429,1.06088),(11.69804,42.02938,1.06755),(12.41485,42.64753,1.11959),(12.40845,42.65438,1.1204),(12.40229,42.6613,1.11877),(12.3968,42.66781,1.1148),(12.39233,42.67348,1.10878),(12.38921,42.67791,1.1011),(12.38764,42.6808,1.09229),(12.38772,42.68196,1.08296),(12.38947,42.68131,1.07374),(12.39274,42.67889,1.06525),(12.39733,42.67486,1.05808),(12.40292,42.66951,1.05271),(12.40912,42.66319,1.04951),(12.41552,42.65634,1.0487),(12.42168,42.64942,1.05034),(12.42718,42.64291,1.0543),(12.43164,42.63725,1.06033),(12.43477,42.63282,1.06801),(12.43634,42.62993,1.07681),(12.43625,42.62877,1.08615),(12.43451,42.62942,1.09537),(12.43123,42.63184,1.10386),(12.42664,42.63586,1.11103),(12.42106,42.64122,1.1164),(12.76322,42.9734,1.17315),(12.75702,42.97755,1.1789),(12.75018,42.98286,1.18258),(12.74315,42.98896,1.18394),(12.73642,42.99544,1.1829),(12.73045,43.00186,1.17951),(12.72565,43.00778,1.17402),(12.72233,43.0128,1.16679),(12.72073,43.01657,1.15832),(12.72096,43.01884,1.14919),(12.723,43.01945,1.14001),(12.72671,43.01836,1.13142),(12.73184,43.01565,1.124),(12.73804,43.01149,1.11825),(12.74488,43.00619,1.11457),(12.75191,43.00008,1.1132),(12.75864,42.9936,1.11425),(12.76461,42.98718,1.11763),(12.76942,42.98126,1.12313),(12.77273,42.97624,1.13035),(12.77433,42.97247,1.13882),(12.7741,42.97021,1.14796),(12.77206,42.9696,1.15713),(12.76835,42.97068,1.16572),(12.94092,43.16693,1.22656),(12.93673,43.16757,1.23495),(12.93114,43.16983,1.24215),(12.92452,43.17356,1.24768),(12.91732,43.17851,1.25116),(12.91004,43.18433,1.25234),(12.90316,43.19063,1.25116),(12.89717,43.19698,1.24768),(12.89246,43.20294,1.24215),(12.88937,43.20812,1.23495),(12.88809,43.21216,1.22656),(12.88871,43.21477,1.21755),(12.8912,43.2158,1.20855),(12.89539,43.21516,1.20016),(12.90098,43.21289,1.19295),(12.9076,43.20916,1.18742),(12.9148,43.20422,1.18395),(12.92208,43.1984,1.18276),(12.92896,43.1921,1.18395),(12.93495,43.18575,1.18742),(12.93966,43.17978,1.19295),(12.94275,43.1746,1.20016),(12.94403,43.17057,1.20855),(12.94341,43.16795,1.21755)),$);
#216= IFCTRIANGULATEDFACESET(#215,$,$,((1,2,3),(3,2,4),(3,4,5),(2,1,6),(6,1,7),(6,7,8),(8,7,9),(8,9,10),(10,9,11),(10,11,12),(12,11,13),(12,13,14),(14,13,15),(14,15,16),(16,15,17),(16,17,18),(18,17,19),(18,19,20),(20,19,21),(20,21,22),(22,21,23),(22,23,24),(24,23,25),(24,25,26),(26,25,27),(26,27,28),(28,27,29),(28,29,30),(30,29,31),(30,31,32),(32,31,33),(32,33,34),(34,33,35),(34,35,36),(36,35,37),(36,37,38),(38,37,39),(38,39,40),(40,39,41),(40,41,42),(42,41,43),(42,43,44),(44,43,45),(44,45,46),(46,45,47),(46,47,48),(48,47,49),(48,49,5),(5,49,3),(28,50,26),(26,50,51),(26,51,24),(24,51,52),(24,52,22),(22,52,53),(22,53,20),(20,53,54),(20,54,18),(18,54,55),(18,55,16),(16,55,56),(16,56,14),(14,56,57),(14,57,58),(50,28,59),(59,28,30),(59,30,60),(60,30,32),(60,32,61),(61,32,34),(61,34,62),(62,34,36),(62,36,63),(63,36,38),(63,38,40),(63,40,64),(64,40,42),(64,42,65),(65,42,44),(65,44,66),(66,44,46),(66,46,67),(67,46,48),(67,48,68),(68,48,5),(68,5,69),(69,5,4),(69,4,70),(70,4,2),(70,2,71),(71,2,6),(71,6,72),(72,6,8),(72,8,73),(73,8,10),(73,10,74),(74,10,12),(74,12,58),(58,12,14),(50,75,51),(51,75,76),(51,76,52),(52,76,77),(52,77,53),(53,77,78),(53,78,54),(54,78,79),(54,79,55),(55,79,80),(55,80,56),(56,80,81),(56,81,57),(57,81,58),(58,81,82),(58,82,74),(74,82,83),(74,83,73),(73,83,84),(73,84,72),(72,84,85),(72,85,71),(71,85,86),(71,86,70),(70,86,87),(70,87,69),(69,87,88),(69,88,68),(68,88,89),(68,89,67),(67,89,90),(67,90,66),(66,90,91),(66,91,65),(65,91,92),(65,92,64),(64,92,93),(64,93,63),(63,93,94),(63,94,95),(75,50,96),(96,50,59),(96,59,97),(97,59,60),(97,60,98),(98,60,61),(98,61,99),(99,61,62),(99,62,95),(95,62,63),(96,100,75),(75,100,101),(75,101,76),(76,101,102),(76,102,77),(77,102,103),(77,103,78),(78,103,104),(78,104,79),(79,104,105),(79,105,80),(80,105,106),(80,106,81),(81,106,107),(81,107,82),(82,107,108),(82,108,83),(83,108,109),(83,109,84),(84,109,110),(84,110,85),(85,110,111),(85,111,86),(86,111,112),(86,112,87),(87,112,88),(88,112,113),(88,113,89),(89,113,114),(89,114,90),(90,114,115),(90,115,91),(91,115,116),(91,116,92),(92,116,117),(92,117,93),(93,117,118),(93,118,94),(94,118,119),(94,119,95),(95,119,120),(95,120,99),(99,120,121),(99,121,98),(98,121,122),(98,122,97),(97,122,123),(97,123,96),(96,123,100),(111,124,112),(112,124,125),(112,125,126),(124,111,127),(127,111,110),(127,110,128),(128,110,109),(128,109,129),(129,109,108),(129,108,130),(130,108,107),(130,107,131),(131,107,106),(131,106,132),(132,106,105),(132,105,133),(133,105,104),(133,104,134),(134,104,103),(134,103,135),(135,103,102),(135,102,136),(136,102,101),(136,101,137),(137,101,100),(137,100,138),(138,100,123),(138,123,139),(139,123,122),(139,122,140),(140,122,121),(140,121,141),(141,121,120),(141,120,142),(142,120,119),(142,119,143),(143,119,118),(143,118,144),(144,118,117),(144,117,145),(145,117,116),(145,116,146),(146,116,115),(146,115,147),(147,115,114),(147,114,148),(148,114,113),(148,113,126),(126,113,112),(138,149,137),(137,149,150),(137,150,136),(136,150,151),(136,151,135),(135,151,152),(135,152,134),(134,152,153),(134,153,133),(133,153,154),(133,154,132),(132,154,155),(132,155,131),(131,155,156),(131,156,157),(149,138,158),(158,138,139),(158,139,159),(159,139,140),(159,140,160),(160,140,141),(160,141,161),(161,141,142),(161,142,162),(162,142,143),(162,143,144),(162,144,163),(163,144,145),(163,145,164),(164,145,146),(164,146,165),(165,146,147),(165,147,166),(166,147,148),(166,148,167),(167,148,126),(167,126,168),(168,126,125),(168,125,169),(169,125,124),(169,124,170),(170,124,127),(170,127,171),(171,127,128),(171,128,172),(172,128,129),(172,129,173),(173,129,130),(173,130,157),(157,130,131),(149,174,150),(150,174,175),(150,175,151),(151,175,176),(151,176,152),(152,176,177),(152,177,153),(153,177,178),(153,178,154),(154,178,179),(154,179,155),(155,179,180),(155,180,156),(156,180,157),(157,180,181),(157,181,173),(173,181,182),(173,182,172),(172,182,183),(172,183,171),(171,183,184),(171,184,170),(170,184,185),(170,185,169),(169,185,186),(169,186,168),(168,186,187),(168,187,167),(167,187,188),(167,188,166),(166,188,189),(166,189,165),(165,189,190),(165,190,164),(164,190,191),(164,191,163),(163,191,192),(163,192,162),(162,192,193),(162,193,194),(174,149,195),(195,149,158),(195,158,196),(196,158,159),(196,159,197),(197,159,160),(197,160,198),(198,160,161),(198,161,194),(194,161,162),(195,199,174),(174,199,200),(174,200,175),(175,200,201),(175,201,176),(176,201,202),(176,202,177),(177,202,203),(177,203,178),(178,203,204),(178,204,179),(179,204,205),(179,205,180),(180,205,206),(180,206,207),(199,195,208),(208,195,196),(208,196,209),(209,196,197),(209,197,210),(210,197,198),(210,198,211),(211,198,194),(211,194,212),(212,194,193),(212,193,192),(212,192,213),(213,192,191),(213,191,214),(214,191,190),(214,190,215),(215,190,189),(215,189,216),(216,189,188),(216,188,217),(217,188,187),(217,187,218),(218,187,186),(218,186,219),(219,186,185),(219,185,220),(220,185,184),(220,184,221),(221,184,183),(221,183,222),(222,183,182),(222,182,223),(223,182,181),(223,181,207),(207,181,180),(199,224,200),(200,224,225),(200,225,201),(201,225,226),(201,226,202),(202,226,227),(202,227,203),(203,227,228),(203,228,204),(204,228,229),(204,229,205),(205,229,230),(205,230,206),(206,230,231),(206,231,232),(224,199,233),(233,199,208),(233,208,234),(234,208,209),(234,209,235),(235,209,210),(235,210,236),(236,210,211),(236,211,237),(237,211,212),(237,212,213),(237,213,238),(238,213,214),(238,214,239),(239,214,215),(239,215,240),(240,215,216),(240,216,241),(241,216,217),(241,217,242),(242,217,218),(242,218,243),(243,218,219),(243,219,244),(244,219,220),(244,220,245),(245,220,221),(245,221,246),(246,221,222),(246,222,247),(247,222,223),(247,223,248),(248,223,207),(248,207,232),(232,207,206),(224,249,225),(225,249,250),(225,250,226),(226,250,251),(226,251,227),(227,251,252),(227,252,228),(228,252,253),(228,253,229),(229,253,254),(229,254,230),(230,254,255),(230,255,231),(231,255,232),(232,255,256),(232,256,248),(248,256,257),(248,257,247),(247,257,258),(247,258,246),(246,258,259),(246,259,245),(245,259,260),(245,260,244),(244,260,261),(244,261,243),(243,261,262),(243,262,242),(242,262,263),(242,263,241),(241,263,264),(241,264,240),(240,264,265),(240,265,239),(239,265,266),(239,266,238),(238,266,267),(238,267,237),(237,267,268),(237,268,269),(249,224,270),(270,224,233),(270,233,271),(271,233,234),(271,234,272),(272,234,235),(272,235,273),(273,235,236),(273,236,269),(269,236,237),(270,274,249),(249,274,275),(249,275,250),(250,275,276),(250,276,251),(251,276,277),(251,277,252),(252,277,278),(252,278,253),(253,278,279),(253,279,254),(254,279,280),(254,280,255),(255,280,281),(255,281,282),(274,270,283),(283,270,271),(283,271,284),(284,271,272),(284,272,285),(285,272,273),(285,273,286),(286,273,269),(286,269,287),(287,269,268),(287,268,267),(287,267,288),(288,267,266),(288,266,289),(289,266,265),(289,265,290),(290,265,264),(290,264,291),(291,264,263),(291,263,292),(292,263,262),(292,262,293),(293,262,261),(293,261,294),(294,261,260),(294,260,295),(295,260,259),(295,259,296),(296,259,258),(296,258,297),(297,258,257),(297,257,298),(298,257,256),(298,256,282),(282,256,255),(274,299,275),(275,299,300),(275,300,276),(276,300,301),(276,301,277),(277,301,302),(277,302,278),(278,302,303),(278,303,279),(279,303,304),(279,304,280),(280,304,305),(280,305,281),(281,305,306),(281,306,282),(282,306,307),(282,307,298),(298,307,308),(298,308,297),(297,308,309),(297,309,296),(296,309,310),(296,310,295),(295,310,311),(295,311,294),(294,311,293),(293,311,312),(293,312,292),(292,312,313),(292,313,291),(291,313,314),(291,314,290),(290,314,315),(290,315,289),(289,315,316),(289,316,288),(288,316,317),(288,317,287),(287,317,318),(287,318,286),(286,318,319),(286,319,285),(285,319,320),(285,320,284),(284,320,321),(284,321,283),(283,321,322),(283,322,274),(274,322,299),(310,323,311),(311,323,324),(311,324,325),(323,310,326),(326,310,309),(326,309,327),(327,309,308),(327,308,328),(328,308,307),(328,307,329),(329,307,306),(329,306,330),(330,306,305),(330,305,331),(331,305,304),(331,304,332),(332,304,303),(332,303,333),(333,303,302),(333,302,334),(334,302,301),(334,301,335),(335,301,300),(335,300,336),(336,300,299),(336,299,337),(337,299,322),(337,322,338),(338,322,321),(338,321,339),(339,321,320),(339,320,340),(340,320,319),(340,319,341),(341,319,318),(341,318,342),(342,318,317),(342,317,343),(343,317,316),(343,316,344),(344,316,315),(344,315,345),(345,315,314),(345,314,346),(346,314,313),(346,313,347),(347,313,312),(347,312,325),(325,312,311),(337,348,336),(336,348,349),(336,349,335),(335,349,350),(335,350,334),(334,350,351),(334,351,333),(333,351,352),(333,352,332),(332,352,353),(332,353,331),(331,353,354),(331,354,330),(330,354,329),(329,354,355),(329,355,328),(328,355,356),(328,356,327),(327,356,357),(327,357,326),(326,357,358),(326,358,323),(323,358,359),(323,359,324),(324,359,360),(324,360,325),(325,360,361),(325,361,347),(347,361,362),(347,362,346),(346,362,363),(346,363,345),(345,363,364),(345,364,344),(344,364,365),(344,365,343),(343,365,366),(343,366,342),(342,366,367),(342,367,368),(348,337,369),(369,337,338),(369,338,370),(370,338,339),(370,339,371),(371,339,340),(371,340,372),(372,340,341),(372,341,368),(368,341,342),(369,373,348),(348,373,374),(348,374,349),(349,374,375),(349,375,350),(350,375,376),(350,376,351),(351,376,377),(351,377,352),(352,377,378),(352,378,353),(353,378,379),(353,379,354),(354,379,380),(354,380,381),(373,369,382),(382,369,370),(382,370,383),(383,370,371),(383,371,384),(384,371,372),(384,372,385),(385,372,368),(385,368,386),(386,368,367),(386,367,366),(386,366,387),(387,366,365),(387,365,388),(388,365,364),(388,364,389),(389,364,363),(389,363,390),(390,363,362),(390,362,391),(391,362,361),(391,361,392),(392,361,360),(392,360,393),(393,360,359),(393,359,394),(394,359,358),(394,358,395),(395,358,357),(395,357,396),(396,357,356),(396,356,397),(397,356,355),(397,355,381),(381,355,354),(373,398,374),(374,398,399),(374,399,375),(375,399,400),(375,400,376),(376,400,401),(376,401,377),(377,401,402),(377,402,378),(378,402,403),(378,403,379),(379,403,404),(379,404,380),(380,404,405),(380,405,406),(398,373,407),(407,373,382),(407,382,408),(408,382,383),(408,383,409),(409,383,384),(409,384,410),(410,384,385),(410,385,411),(411,385,386),(411,386,387),(411,387,412),(412,387,388),(412,388,413),(413,388,389),(413,389,414),(414,389,390),(414,390,415),(415,390,391),(415,391,416),(416,391,392),(416,392,417),(417,392,393),(417,393,418),(418,393,394),(418,394,419),(419,394,395),(419,395,420),(420,395,396),(420,396,421),(421,396,397),(421,397,422),(422,397,381),(422,381,406),(406,381,380),(398,423,399),(399,423,424),(399,424,400),(400,424,425),(400,425,401),(401,425,426),(401,426,402),(402,426,427),(402,427,403),(403,427,428),(403,428,404),(404,428,429),(404,429,405),(405,429,406),(406,429,430),(406,430,422),(422,430,431),(422,431,421),(421,431,432),(421,432,420),(420,432,433),(420,433,419),(419,433,434),(419,434,418),(418,434,435),(418,435,417),(417,435,436),(417,436,416),(416,436,437),(416,437,415),(415,437,438),(415,438,414),(414,438,439),(414,439,413),(413,439,440),(413,440,412),(412,440,441),(412,441,411),(411,441,442),(411,442,443),(423,398,444),(444,398,407),(444,407,445),(445,407,408),(445,408,446),(446,408,409),(446,409,447),(447,409,410),(447,410,443),(443,410,411),(444,448,423),(423,448,449),(423,449,424),(424,449,450),(424,450,425),(425,450,451),(425,451,426),(426,451,452),(426,452,427),(427,452,453),(427,453,428),(428,453,454),(428,454,429),(429,454,455),(429,455,456),(448,444,457),(457,444,445),(457,445,458),(458,445,446),(458,446,459),(459,446,447),(459,447,460),(460,447,443),(460,443,461),(461,443,442),(461,442,441),(461,441,462),(462,441,440),(462,440,463),(463,440,439),(463,439,464),(464,439,438),(464,438,465),(465,438,437),(465,437,466),(466,437,436),(466,436,467),(467,436,435),(467,435,468),(468,435,434),(468,434,469),(469,434,433),(469,433,470),(470,433,432),(470,432,471),(471,432,431),(471,431,472),(472,431,430),(472,430,456),(456,430,429),(448,473,449),(449,473,474),(449,474,450),(450,474,475),(450,475,451),(451,475,476),(451,476,452),(452,476,477),(452,477,453),(453,477,478),(453,478,454),(454,478,479),(454,479,455),(455,479,456),(456,479,480),(456,480,472),(472,480,481),(472,481,471),(471,481,482),(471,482,470),(470,482,483),(470,483,469),(469,483,484),(469,484,468),(468,484,485),(468,485,467),(467,485,486),(467,486,466),(466,486,487),(466,487,465),(465,487,488),(465,488,464),(464,488,489),(464,489,463),(463,489,490),(463,490,462),(462,490,491),(462,491,461),(461,491,492),(461,492,493),(473,448,494),(494,448,457),(494,457,495),(495,457,458),(495,458,496),(496,458,459),(496,459,497),(497,459,460),(497,460,493),(493,460,461),(494,498,473),(473,498,499),(473,499,474),(474,499,500),(474,500,475),(475,500,501),(475,501,476),(476,501,502),(476,502,477),(477,502,503),(477,503,478),(478,503,504),(478,504,479),(479,504,480),(480,504,505),(480,505,481),(481,505,506),(481,506,482),(482,506,507),(482,507,483),(483,507,508),(483,508,484),(484,508,509),(484,509,485),(485,509,510),(485,510,486),(486,510,511),(486,511,487),(487,511,512),(487,512,488),(488,512,513),(488,513,489),(489,513,514),(489,514,490),(490,514,515),(490,515,491),(491,515,516),(491,516,492),(492,516,517),(492,517,518),(498,494,519),(519,494,495),(519,495,520),(520,495,496),(520,496,521),(521,496,497),(521,497,522),(522,497,493),(522,493,518),(518,493,492),(519,523,498),(498,523,524),(498,524,499),(499,524,525),(499,525,500),(500,525,526),(500,526,501),(501,526,527),(501,527,502),(502,527,528),(502,528,503),(503,528,529),(503,529,504),(504,529,530),(504,530,531),(523,519,532),(532,519,520),(532,520,533),(533,520,521),(533,521,534),(534,521,522),(534,522,535),(535,522,518),(535,518,536),(536,518,517),(536,517,516),(536,516,537),(537,516,515),(537,515,538),(538,515,514),(538,514,539),(539,514,513),(539,513,540),(540,513,512),(540,512,541),(541,512,511),(541,511,542),(542,511,510),(542,510,543),(543,510,509),(543,509,544),(544,509,508),(544,508,545),(545,508,507),(545,507,546),(546,507,506),(546,506,547),(547,506,505),(547,505,531),(531,505,504),(523,548,524),(524,548,549),(524,549,525),(525,549,550),(525,550,526),(526,550,551),(526,551,527),(527,551,552),(527,552,528),(528,552,553),(528,553,529),(529,553,554),(529,554,530),(530,554,531),(531,554,555),(531,555,547),(547,555,556),(547,556,546),(546,556,557),(546,557,545),(545,557,558),(545,558,544),(544,558,559),(544,559,543),(543,559,560),(543,560,542),(542,560,561),(542,561,541),(541,561,562),(541,562,540),(540,562,563),(540,563,539),(539,563,564),(539,564,538),(538,564,565),(538,565,537),(537,565,566),(537,566,536),(536,566,567),(536,567,568),(548,523,569),(569,523,532),(569,532,570),(570,532,533),(570,533,571),(571,533,534),(571,534,572),(572,534,535),(572,535,568),(568,535,536),(569,573,548),(548,573,574),(548,574,549),(549,574,575),(549,575,550),(550,575,576),(550,576,551),(551,576,577),(551,577,552),(552,577,578),(552,578,553),(553,578,579),(553,579,554),(554,579,580),(554,580,555),(555,580,581),(555,581,556),(556,581,582),(556,582,557),(557,582,583),(557,583,558),(558,583,584),(558,584,559),(559,584,585),(559,585,560),(560,585,561),(561,585,586),(561,586,562),(562,586,587),(562,587,563),(563,587,588),(563,588,564),(564,588,589),(564,589,565),(565,589,590),(565,590,566),(566,590,591),(566,591,567),(567,591,592),(567,592,568),(568,592,593),(568,593,572),(572,593,594),(572,594,571),(571,594,595),(571,595,570),(570,595,596),(570,596,569),(569,596,573),(584,597,585),(585,597,598),(585,598,586),(586,598,599),(586,599,587),(587,599,600),(587,600,588),(588,600,601),(588,601,589),(589,601,602),(589,602,590),(590,602,603),(590,603,591),(591,603,592),(592,603,604),(592,604,593),(593,604,605),(593,605,594),(594,605,606),(594,606,595),(595,606,607),(595,607,596),(596,607,608),(596,608,573),(573,608,609),(573,609,574),(574,609,610),(574,610,575),(575,610,611),(575,611,576),(576,611,612),(576,612,577),(577,612,613),(577,613,578),(578,613,614),(578,614,579),(579,614,615),(579,615,616),(597,584,617),(617,584,583),(617,583,618),(618,583,582),(618,582,619),(619,582,581),(619,581,620),(620,581,580),(620,580,616),(616,580,579),(617,621,597),(597,621,622),(597,622,598),(598,622,623),(598,623,599),(599,623,624),(599,624,600),(600,624,625),(600,625,601),(601,625,626),(601,626,602),(602,626,627),(602,627,603),(603,627,628),(603,628,629),(621,617,630),(630,617,618),(630,618,631),(631,618,619),(631,619,632),(632,619,620),(632,620,633),(633,620,616),(633,616,634),(634,616,615),(634,615,614),(634,614,635),(635,614,613),(635,613,636),(636,613,612),(636,612,637),(637,612,611),(637,611,638),(638,611,610),(638,610,639),(639,610,609),(639,609,640),(640,609,608),(640,608,641),(641,608,607),(641,607,642),(642,607,606),(642,606,643),(643,606,605),(643,605,644),(644,605,604),(644,604,629),(629,604,603),(621,645,622),(622,645,646),(622,646,623),(623,646,647),(623,647,624),(624,647,648),(624,648,625),(625,648,649),(625,649,626),(626,649,650),(626,650,627),(627,650,651),(627,651,628),(628,651,629),(629,651,652),(629,652,644),(644,652,653),(644,653,643),(643,653,654),(643,654,642),(642,654,655),(642,655,641),(641,655,656),(641,656,640),(640,656,657),(640,657,639),(639,657,658),(639,658,638),(638,658,659),(638,659,637),(637,659,660),(637,660,636),(636,660,661),(636,661,635),(635,661,662),(635,662,634),(634,662,663),(634,663,664),(645,621,665),(665,621,630),(665,630,666),(666,630,631),(666,631,667),(667,631,632),(667,632,668),(668,632,633),(668,633,664),(664,633,634),(665,669,645),(645,669,670),(645,670,646),(646,670,671),(646,671,647),(647,671,672),(647,672,648),(648,672,673),(648,673,649),(649,673,674),(649,674,650),(650,674,675),(650,675,651),(651,675,676),(651,676,677),(669,665,678),(678,665,666),(678,666,679),(679,666,667),(679,667,680),(680,667,668),(680,668,681),(681,668,664),(681,664,682),(682,664,663),(682,663,662),(682,662,683),(683,662,661),(683,661,684),(684,661,660),(684,660,685),(685,660,659),(685,659,686),(686,659,658),(686,658,687),(687,658,657),(687,657,688),(688,657,656),(688,656,689),(689,656,655),(689,655,690),(690,655,654),(690,654,691),(691,654,653),(691,653,692),(692,653,652),(692,652,677),(677,652,651),(669,693,670),(670,693,694),(670,694,695),(693,669,696),(696,669,678),(696,678,697),(697,678,679),(697,679,698),(698,679,680),(698,680,699),(699,680,681),(699,681,700),(700,681,682),(700,682,701),(701,682,683),(701,683,702),(702,683,684),(702,684,703),(703,684,685),(703,685,704),(704,685,686),(704,686,705),(705,686,687),(705,687,706),(706,687,688),(706,688,707),(707,688,689),(707,689,708),(708,689,690),(708,690,709),(709,690,691),(709,691,710),(710,691,692),(710,692,711),(711,692,677),(711,677,712),(712,677,676),(712,676,713),(713,676,675),(713,675,714),(714,675,674),(714,674,715),(715,674,673),(715,673,716),(716,673,672),(716,672,717),(717,672,671),(717,671,695),(695,671,670),(707,718,706),(706,718,719),(706,719,705),(705,719,720),(705,720,704),(704,720,721),(704,721,703),(703,721,722),(703,722,702),(702,722,723),(702,723,701),(701,723,724),(701,724,700),(700,724,725),(700,725,699),(699,725,726),(699,726,698),(698,726,727),(698,727,697),(697,727,728),(697,728,696),(696,728,729),(696,729,693),(693,729,730),(693,730,694),(694,730,695),(695,730,731),(695,731,717),(717,731,732),(717,732,716),(716,732,733),(716,733,715),(715,733,734),(715,734,714),(714,734,735),(714,735,713),(713,735,736),(713,736,712),(712,736,737),(712,737,711),(711,737,738),(711,738,710),(710,738,739),(710,739,709),(709,739,740),(709,740,708),(708,740,741),(708,741,707),(707,741,718),(729,742,730),(730,742,743),(730,743,731),(731,743,744),(731,744,732),(732,744,745),(732,745,733),(733,745,746),(733,746,734),(734,746,747),(734,747,735),(735,747,748),(735,748,736),(736,748,737),(737,748,749),(737,749,738),(738,749,750),(738,750,739),(739,750,751),(739,751,740),(740,751,752),(740,752,741),(741,752,753),(741,753,718),(718,753,754),(718,754,719),(719,754,755),(719,755,720),(720,755,756),(720,756,721),(721,756,757),(721,757,722),(722,757,758),(722,758,723),(723,758,759),(723,759,724),(724,759,760),(724,760,761),(742,729,762),(762,729,728),(762,728,763),(763,728,727),(763,727,764),(764,727,726),(764,726,765),(765,726,725),(765,725,761),(761,725,724),(762,766,742),(742,766,767),(742,767,743),(743,767,768),(743,768,744),(744,768,769),(744,769,745),(745,769,770),(745,770,746),(746,770,771),(746,771,747),(747,771,772),(747,772,748),(748,772,749),(749,772,773),(749,773,750),(750,773,774),(750,774,751),(751,774,775),(751,775,752),(752,775,776),(752,776,753),(753,776,777),(753,777,754),(754,777,778),(754,778,755),(755,778,779),(755,779,756),(756,779,780),(756,780,757),(757,780,781),(757,781,758),(758,781,782),(758,782,759),(759,782,783),(759,783,760),(760,783,784),(760,784,785),(766,762,786),(786,762,763),(786,763,787),(787,763,764),(787,764,788),(788,764,765),(788,765,789),(789,765,761),(789,761,785),(785,761,760),(786,790,766),(766,790,791),(766,791,792),(790,786,793),(793,786,787),(793,787,794),(794,787,788),(794,788,795),(795,788,789),(795,789,796),(796,789,785),(796,785,797),(797,785,784),(797,784,798),(798,784,783),(798,783,799),(799,783,782),(799,782,800),(800,782,781),(800,781,801),(801,781,780),(801,780,802),(802,780,779),(802,779,803),(803,779,778),(803,778,804),(804,778,777),(804,777,805),(805,777,776),(805,776,806),(806,776,775),(806,775,807),(807,775,774),(807,774,808),(808,774,773),(808,773,809),(809,773,772),(809,772,810),(810,772,771),(810,771,811),(811,771,770),(811,770,812),(812,770,769),(812,769,813),(813,769,768),(813,768,814),(814,768,767),(814,767,792),(792,767,766),(804,815,803),(803,815,816),(803,816,802),(802,816,817),(802,817,801),(801,817,818),(801,818,800),(800,818,819),(800,819,799),(799,819,820),(799,820,798),(798,820,821),(798,821,797),(797,821,822),(797,822,796),(796,822,823),(796,823,795),(795,823,824),(795,824,794),(794,824,825),(794,825,793),(793,825,826),(793,826,790),(790,826,827),(790,827,791),(791,827,792),(792,827,828),(792,828,814),(814,828,829),(814,829,813),(813,829,830),(813,830,812),(812,830,831),(812,831,811),(811,831,832),(811,832,810),(810,832,833),(810,833,809),(809,833,834),(809,834,808),(808,834,835),(808,835,807),(807,835,836),(807,836,806),(806,836,837),(806,837,805),(805,837,838),(805,838,804),(804,838,815),(826,839,827),(827,839,840),(827,840,828),(828,840,841),(828,841,829),(829,841,842),(829,842,830),(830,842,843),(830,843,831),(831,843,844),(831,844,832),(832,844,845),(832,845,833),(833,845,834),(834,845,846),(834,846,835),(835,846,847),(835,847,836),(836,847,848),(836,848,837),(837,848,849),(837,849,838),(838,849,850),(838,850,815),(815,850,851),(815,851,816),(816,851,852),(816,852,817),(817,852,853),(817,853,818),(818,853,854),(818,854,819),(819,854,855),(819,855,820),(820,855,856),(820,856,821),(821,856,857),(821,857,858),(839,826,859),(859,826,825),(859,825,860),(860,825,824),(860,824,861),(861,824,823),(861,823,862),(862,823,822),(862,822,858),(858,822,821),(859,863,839),(839,863,864),(839,864,840),(840,864,865),(840,865,841),(841,865,866),(841,866,842),(842,866,867),(842,867,843),(843,867,868),(843,868,844),(844,868,869),(844,869,845),(845,869,846),(846,869,870),(846,870,847),(847,870,871),(847,871,848),(848,871,872),(848,872,849),(849,872,873),(849,873,850),(850,873,874),(850,874,851),(851,874,875),(851,875,852),(852,875,876),(852,876,853),(853,876,877),(853,877,854),(854,877,878),(854,878,855),(855,878,879),(855,879,856),(856,879,880),(856,880,857),(857,880,881),(857,881,882),(863,859,883),(883,859,860),(883,860,884),(884,860,861),(884,861,885),(885,861,862),(885,862,886),(886,862,858),(886,858,882),(882,858,857),(883,887,863),(863,887,888),(863,888,864),(864,888,889),(864,889,865),(865,889,890),(865,890,866),(866,890,891),(866,891,867),(867,891,892),(867,892,868),(868,892,893),(868,893,869),(869,893,894),(869,894,895),(887,883,896),(896,883,884),(896,884,897),(897,884,885),(897,885,898),(898,885,886),(898,886,899),(899,886,882),(899,882,900),(900,882,881),(900,881,880),(900,880,901),(901,880,879),(901,879,902),(902,879,878),(902,878,903),(903,878,877),(903,877,904),(904,877,876),(904,876,905),(905,876,875),(905,875,906),(906,875,874),(906,874,907),(907,874,873),(907,873,908),(908,873,872),(908,872,909),(909,872,871),(909,871,910),(910,871,870),(910,870,895),(895,870,869),(887,911,888),(888,911,912),(888,912,913),(911,887,914),(914,887,896),(914,896,915),(915,896,897),(915,897,916),(916,897,898),(916,898,917),(917,898,899),(917,899,918),(918,899,900),(918,900,919),(919,900,901),(919,901,920),(920,901,902),(920,902,921),(921,902,903),(921,903,922),(922,903,904),(922,904,923),(923,904,905),(923,905,924),(924,905,906),(924,906,925),(925,906,907),(925,907,926),(926,907,908),(926,908,927),(927,908,909),(927,909,928),(928,909,910),(928,910,929),(929,910,895),(929,895,930),(930,895,894),(930,894,931),(931,894,893),(931,893,932),(932,893,892),(932,892,933),(933,892,891),(933,891,934),(934,891,890),(934,890,935),(935,890,889),(935,889,913),(913,889,888),(925,936,924),(924,936,937),(924,937,923),(923,937,938),(923,938,922),(922,938,939),(922,939,921),(921,939,940),(921,940,920),(920,940,941),(920,941,919),(919,941,942),(919,942,918),(918,942,943),(918,943,917),(917,943,944),(917,944,916),(916,944,945),(916,945,915),(915,945,946),(915,946,914),(914,946,947),(914,947,911),(911,947,948),(911,948,912),(912,948,913),(913,948,949),(913,949,935),(935,949,950),(935,950,934),(934,950,951),(934,951,933),(933,951,952),(933,952,932),(932,952,953),(932,953,931),(931,953,954),(931,954,930),(930,954,955),(930,955,929),(929,955,956),(929,956,928),(928,956,957),(928,957,927),(927,957,958),(927,958,926),(926,958,959),(926,959,925),(925,959,936),(947,960,948),(948,960,961),(948,961,949),(949,961,962),(949,962,950),(950,962,963),(950,963,951),(951,963,964),(951,964,952),(952,964,965),(952,965,953),(953,965,966),(953,966,954),(954,966,967),(954,967,955),(955,967,968),(955,968,956),(956,968,969),(956,969,957),(957,969,970),(957,970,958),(958,970,971),(958,971,959),(959,971,972),(959,972,936),(936,972,973),(936,973,937),(937,973,974),(937,974,938),(938,974,975),(938,975,939),(939,975,976),(939,976,940),(940,976,977),(940,977,941),(941,977,978),(941,978,942),(942,978,979),(942,979,943),(943,979,980),(943,980,944),(944,980,981),(944,981,945),(945,981,982),(945,982,946),(946,982,983),(946,983,947),(947,983,960),(965,984,966),(966,984,985),(966,985,967),(967,985,986),(967,986,968),(968,986,987),(968,987,969),(969,987,988),(969,988,970),(970,988,989),(970,989,971),(971,989,990),(971,990,972),(972,990,991),(972,991,973),(973,991,992),(973,992,974),(974,992,993),(974,993,975),(975,993,994),(975,994,976),(976,994,995),(976,995,977),(977,995,996),(977,996,978),(978,996,997),(978,997,979),(979,997,998),(979,998,980),(980,998,999),(980,999,981),(981,999,1000),(981,1000,982),(982,1000,1001),(982,1001,983),(983,1001,1002),(983,1002,960),(960,1002,1003),(960,1003,961),(961,1003,1004),(961,1004,962),(962,1004,1005),(962,1005,963),(963,1005,1006),(963,1006,964),(964,1006,1007),(964,1007,965),(965,1007,984),(1002,1008,1003),(1003,1008,1009),(1003,1009,1004),(1004,1009,1010),(1004,1010,1005),(1005,1010,1011),(1005,1011,1006),(1006,1011,1012),(1006,1012,1007),(1007,1012,1013),(1007,1013,984),(984,1013,1014),(984,1014,985),(985,1014,986),(986,1014,1015),(986,1015,987),(987,1015,1016),(987,1016,988),(988,1016,1017),(988,1017,989),(989,1017,1018),(989,1018,990),(990,1018,1019),(990,1019,991),(991,1019,1020),(991,1020,992),(992,1020,1021),(992,1021,993),(993,1021,1022),(993,1022,994),(994,1022,1023),(994,1023,995),(995,1023,1024),(995,1024,996),(996,1024,1025),(996,1025,997),(997,1025,1026),(997,1026,1027),(1008,1002,1028),(1028,1002,1001),(1028,1001,1029),(1029,1001,1000),(1029,1000,1030),(1030,1000,999),(1030,999,1031),(1031,999,998),(1031,998,1027),(1027,998,997),(1028,1032,1008),(1008,1032,1033),(1008,1033,1009),(1009,1033,1034),(1009,1034,1010),(1010,1034,1035),(1010,1035,1011),(1011,1035,1036),(1011,1036,1012),(1012,1036,1037),(1012,1037,1013),(1013,1037,1038),(1013,1038,1014),(1014,1038,1039),(1014,1039,1015),(1015,1039,1040),(1015,1040,1016),(1016,1040,1041),(1016,1041,1017),(1017,1041,1042),(1017,1042,1018),(1018,1042,1043),(1018,1043,1019),(1019,1043,1044),(1019,1044,1020),(1020,1044,1045),(1020,1045,1021),(1021,1045,1046),(1021,1046,1022),(1022,1046,1047),(1022,1047,1023),(1023,1047,1048),(1023,1048,1024),(1024,1048,1049),(1024,1049,1025),(1025,1049,1050),(1025,1050,1026),(1026,1050,1051),(1026,1051,1027),(1027,1051,1052),(1027,1052,1031),(1031,1052,1053),(1031,1053,1030),(1030,1053,1054),(1030,1054,1029),(1029,1054,1055),(1029,1055,1028),(1028,1055,1032),(1038,1056,1039),(1039,1056,1057),(1039,1057,1040),(1040,1057,1058),(1040,1058,1041),(1041,1058,1059),(1041,1059,1042),(1042,1059,1060),(1042,1060,1043),(1043,1060,1061),(1043,1061,1044),(1044,1061,1062),(1044,1062,1045),(1045,1062,1063),(1045,1063,1046),(1046,1063,1064),(1046,1064,1047),(1047,1064,1065),(1047,1065,1048),(1048,1065,1066),(1048,1066,1049),(1049,1066,1067),(1049,1067,1050),(1050,1067,1068),(1050,1068,1051),(1051,1068,1069),(1051,1069,1052),(1052,1069,1070),(1052,1070,1053),(1053,1070,1071),(1053,1071,1054),(1054,1071,1072),(1054,1072,1055),(1055,1072,1073),(1055,1073,1032),(1032,1073,1074),(1032,1074,1033),(1033,1074,1075),(1033,1075,1034),(1034,1075,1076),(1034,1076,1035),(1035,1076,1077),(1035,1077,1036),(1036,1077,1078),(1036,1078,1037),(1037,1078,1079),(1037,1079,1038),(1038,1079,1056),(1056,1080,1057),(1057,1080,1081),(1057,1081,1058),(1058,1081,1082),(1058,1082,1059),(1059,1082,1083),(1059,1083,1060),(1060,1083,1084),(1060,1084,1061),(1061,1084,1085),(1061,1085,1062),(1062,1085,1086),(1062,1086,1063),(1063,1086,1087),(1063,1087,1064),(1064,1087,1088),(1064,1088,1065),(1065,1088,1089),(1065,1089,1066),(1066,1089,1090),(1066,1090,1067),(1067,1090,1091),(1067,1091,1068),(1068,1091,1092),(1068,1092,1069),(1069,1092,1093),(1069,1093,1070),(1070,1093,1094),(1070,1094,1071),(1071,1094,1095),(1071,1095,1072),(1072,1095,1096),(1072,1096,1073),(1073,1096,1097),(1073,1097,1074),(1074,1097,1098),(1074,1098,1075),(1075,1098,1099),(1075,1099,1076),(1076,1099,1100),(1076,1100,1077),(1077,1100,1101),(1077,1101,1078),(1078,1101,1102),(1078,1102,1079),(1079,1102,1103),(1079,1103,1056),(1056,1103,1080),(1096,1104,1097),(1097,1104,1105),(1097,1105,1098),(1098,1105,1106),(1098,1106,1099),(1099,1106,1107),(1099,1107,1100),(1100,1107,1108),(1100,1108,1101),(1101,1108,1109),(1101,1109,1102),(1102,1109,1110),(1102,1110,1103),(1103,1110,1111),(1103,1111,1080),(1080,1111,1112),(1080,1112,1081),(1081,1112,1113),(1081,1113,1082),(1082,1113,1114),(1082,1114,1083),(1083,1114,1115),(1083,1115,1084),(1084,1115,1116),(1084,1116,1085),(1085,1116,1117),(1085,1117,1086),(1086,1117,1118),(1086,1118,1087),(1087,1118,1119),(1087,1119,1088),(1088,1119,1120),(1088,1120,1089),(1089,1120,1121),(1089,1121,1090),(1090,1121,1122),(1090,1122,1091),(1091,1122,1123),(1091,1123,1092),(1092,1123,1124),(1092,1124,1093),(1093,1124,1125),(1093,1125,1094),(1094,1125,1126),(1094,1126,1095),(1095,1126,1127),(1095,1127,1096),(1096,1127,1104),(1110,1128,1111),(1111,1128,1129),(1111,1129,1112),(1112,1129,1130),(1112,1130,1113),(1113,1130,1131),(1113,1131,1114),(1114,1131,1132),(1114,1132,1115),(1115,1132,1133),(1115,1133,1116),(1116,1133,1134),(1116,1134,1135),(1128,1110,1136),(1136,1110,1109),(1136,1109,1137),(1137,1109,1108),(1137,1108,1138),(1138,1108,1107),(1138,1107,1139),(1139,1107,1106),(1139,1106,1140),(1140,1106,1105),(1140,1105,1141),(1141,1105,1104),(1141,1104,1142),(1142,1104,1127),(1142,1127,1143),(1143,1127,1126),(1143,1126,1144),(1144,1126,1125),(1144,1125,1145),(1145,1125,1124),(1145,1124,1146),(1146,1124,1123),(1146,1123,1147),(1147,1123,1122),(1147,1122,1148),(1148,1122,1121),(1148,1121,1149),(1149,1121,1120),(1149,1120,1150),(1150,1120,1119),(1150,1119,1151),(1151,1119,1118),(1151,1118,1152),(1152,1118,1117),(1152,1117,1135),(1135,1117,1116),(1134,1153,1135),(1135,1153,1154),(1135,1154,1152),(1152,1154,1155),(1152,1155,1151),(1151,1155,1156),(1151,1156,1150),(1150,1156,1157),(1150,1157,1149),(1149,1157,1158),(1149,1158,1148),(1148,1158,1159),(1148,1159,1147),(1147,1159,1160),(1147,1160,1146),(1146,1160,1161),(1146,1161,1145),(1145,1161,1162),(1145,1162,1144),(1144,1162,1163),(1144,1163,1143),(1143,1163,1164),(1143,1164,1142),(1142,1164,1165),(1142,1165,1141),(1141,1165,1166),(1141,1166,1140),(1140,1166,1167),(1140,1167,1139),(1139,1167,1168),(1139,1168,1138),(1138,1168,1169),(1138,1169,1137),(1137,1169,1170),(1137,1170,1136),(1136,1170,1171),(1136,1171,1128),(1128,1171,1172),(1128,1172,1129),(1129,1172,1173),(1129,1173,1130),(1130,1173,1174),(1130,1174,1131),(1131,1174,1175),(1131,1175,1132),(1132,1175,1133),(1133,1175,1176),(1133,1176,1134),(1134,1176,1153),(1171,1177,1172),(1172,1177,1178),(1172,1178,1173),(1173,1178,1179),(1173,1179,1174),(1174,1179,1180),(1174,1180,1175),(1175,1180,1181),(1175,1181,1176),(1176,1181,1182),(1176,1182,1153),(1153,1182,1183),(1153,1183,1154),(1154,1183,1184),(1154,1184,1155),(1155,1184,1185),(1155,1185,1156),(1156,1185,1186),(1156,1186,1157),(1157,1186,1187),(1157,1187,1158),(1158,1187,1188),(1158,1188,1159),(1159,1188,1189),(1159,1189,1160),(1160,1189,1190),(1160,1190,1161),(1161,1190,1191),(1161,1191,1162),(1162,1191,1192),(1162,1192,1163),(1163,1192,1193),(1163,1193,1164),(1164,1193,1194),(1164,1194,1165),(1165,1194,1195),(1165,1195,1166),(1166,1195,1196),(1166,1196,1167),(1167,1196,1197),(1167,1197,1168),(1168,1197,1198),(1168,1198,1169),(1169,1198,1199),(1169,1199,1170),(1170,1199,1200),(1170,1200,1171),(1171,1200,1177),(1200,1201,1177),(1177,1201,1202),(1177,1202,1178),(1178,1202,1203),(1178,1203,1179),(1179,1203,1204),(1179,1204,1180),(1180,1204,1205),(1180,1205,1181),(1181,1205,1206),(1181,1206,1182),(1182,1206,1207),(1182,1207,1208),(1201,1200,1209),(1209,1200,1199),(1209,1199,1210),(1210,1199,1198),(1210,1198,1211),(1211,1198,1197),(1211,1197,1212),(1212,1197,1196),(1212,1196,1213),(1213,1196,1195),(1213,1195,1214),(1214,1195,1194),(1214,1194,1215),(1215,1194,1193),(1215,1193,1216),(1216,1193,1192),(1216,1192,1217),(1217,1192,1191),(1217,1191,1218),(1218,1191,1190),(1218,1190,1219),(1219,1190,1189),(1219,1189,1220),(1220,1189,1188),(1220,1188,1221),(1221,1188,1187),(1221,1187,1222),(1222,1187,1186),(1222,1186,1223),(1223,1186,1185),(1223,1185,1224),(1224,1185,1184),(1224,1184,1225),(1225,1184,1183),(1225,1183,1208),(1208,1183,1182),(1207,1226,1208),(1208,1226,1227),(1208,1227,1225),(1225,1227,1228),(1225,1228,1224),(1224,1228,1229),(1224,1229,1223),(1223,1229,1230),(1223,1230,1222),(1222,1230,1231),(1222,1231,1221),(1221,1231,1232),(1221,1232,1220),(1220,1232,1233),(1220,1233,1219),(1219,1233,1234),(1219,1234,1218),(1218,1234,1235),(1218,1235,1217),(1217,1235,1236),(1217,1236,1216),(1216,1236,1237),(1216,1237,1215),(1215,1237,1238),(1215,1238,1214),(1214,1238,1213),(1213,1238,1239),(1213,1239,1212),(1212,1239,1240),(1212,1240,1211),(1211,1240,1241),(1211,1241,1210),(1210,1241,1242),(1210,1242,1209),(1209,1242,1243),(1209,1243,1201),(1201,1243,1244),(1201,1244,1202),(1202,1244,1245),(1202,1245,1203),(1203,1245,1246),(1203,1246,1204),(1204,1246,1247),(1204,1247,1205),(1205,1247,1248),(1205,1248,1206),(1206,1248,1249),(1206,1249,1207),(1207,1249,1226),(1243,1250,1244),(1244,1250,1251),(1244,1251,1245),(1245,1251,1252),(1245,1252,1246),(1246,1252,1253),(1246,1253,1247),(1247,1253,1254),(1247,1254,1248),(1248,1254,1255),(1248,1255,1249),(1249,1255,1256),(1249,1256,1226),(1226,1256,1257),(1226,1257,1227),(1227,1257,1258),(1227,1258,1228),(1228,1258,1259),(1228,1259,1229),(1229,1259,1260),(1229,1260,1230),(1230,1260,1261),(1230,1261,1231),(1231,1261,1262),(1231,1262,1232),(1232,1262,1263),(1232,1263,1233),(1233,1263,1264),(1233,1264,1234),(1234,1264,1265),(1234,1265,1235),(1235,1265,1266),(1235,1266,1236),(1236,1266,1267),(1236,1267,1237),(1237,1267,1268),(1237,1268,1238),(1238,1268,1269),(1238,1269,1270),(1250,1243,1271),(1271,1243,1242),(1271,1242,1272),(1272,1242,1241),(1272,1241,1273),(1273,1241,1240),(1273,1240,1274),(1274,1240,1239),(1274,1239,1270),(1270,1239,1238),(1256,1275,1257),(1257,1275,1276),(1257,1276,1258),(1258,1276,1277),(1258,1277,1259),(1259,1277,1278),(1259,1278,1260),(1260,1278,1279),(1260,1279,1261),(1261,1279,1280),(1261,1280,1262),(1262,1280,1281),(1262,1281,1263),(1263,1281,1282),(1263,1282,1264),(1264,1282,1283),(1264,1283,1265),(1265,1283,1284),(1265,1284,1266),(1266,1284,1285),(1266,1285,1267),(1267,1285,1286),(1267,1286,1268),(1268,1286,1287),(1268,1287,1269),(1269,1287,1288),(1269,1288,1270),(1270,1288,1289),(1270,1289,1274),(1274,1289,1290),(1274,1290,1273),(1273,1290,1291),(1273,1291,1272),(1272,1291,1292),(1272,1292,1271),(1271,1292,1293),(1271,1293,1250),(1250,1293,1294),(1250,1294,1251),(1251,1294,1252),(1252,1294,1295),(1252,1295,1253),(1253,1295,1296),(1253,1296,1254),(1254,1296,1297),(1254,1297,1255),(1255,1297,1298),(1255,1298,1256),(1256,1298,1275),(1294,1299,1295),(1295,1299,1300),(1295,1300,1296),(1296,1300,1301),(1296,1301,1297),(1297,1301,1302),(1297,1302,1298),(1298,1302,1303),(1298,1303,1275),(1275,1303,1304),(1275,1304,1276),(1276,1304,1305),(1276,1305,1277),(1277,1305,1306),(1277,1306,1278),(1278,1306,1307),(1278,1307,1279),(1279,1307,1308),(1279,1308,1280),(1280,1308,1309),(1280,1309,1281),(1281,1309,1310),(1281,1310,1282),(1282,1310,1311),(1282,1311,1283),(1283,1311,1312),(1283,1312,1284),(1284,1312,1313),(1284,1313,1285),(1285,1313,1314),(1285,1314,1286),(1286,1314,1315),(1286,1315,1287),(1287,1315,1316),(1287,1316,1288),(1288,1316,1317),(1288,1317,1289),(1289,1317,1318),(1289,1318,1290),(1290,1318,1319),(1290,1319,1291),(1291,1319,1320),(1291,1320,1292),(1292,1320,1321),(1292,1321,1293),(1293,1321,1322),(1293,1322,1294),(1294,1322,1299),(1322,1323,1299),(1299,1323,1324),(1299,1324,1300),(1300,1324,1325),(1300,1325,1301),(1301,1325,1326),(1301,1326,1302),(1302,1326,1327),(1302,1327,1303),(1303,1327,1328),(1303,1328,1304),(1304,1328,1329),(1304,1329,1305),(1305,1329,1330),(1305,1330,1306),(1306,1330,1331),(1306,1331,1307),(1307,1331,1332),(1307,1332,1308),(1308,1332,1333),(1308,1333,1309),(1309,1333,1334),(1309,1334,1310),(1310,1334,1335),(1310,1335,1311),(1311,1335,1336),(1311,1336,1312),(1312,1336,1337),(1312,1337,1313),(1313,1337,1338),(1313,1338,1314),(1314,1338,1339),(1314,1339,1315),(1315,1339,1340),(1315,1340,1316),(1316,1340,1341),(1316,1341,1317),(1317,1341,1342),(1317,1342,1318),(1318,1342,1343),(1318,1343,1319),(1319,1343,1344),(1319,1344,1320),(1320,1344,1345),(1320,1345,1321),(1321,1345,1346),(1321,1346,1322),(1322,1346,1323),(1340,1347,1341),(1341,1347,1348),(1341,1348,1342),(1342,1348,1349),(1342,1349,1343),(1343,1349,1350),(1343,1350,1344),(1344,1350,1351),(1344,1351,1345),(1345,1351,1352),(1345,1352,1346),(1346,1352,1353),(1346,1353,1323),(1323,1353,1354),(1323,1354,1355),(1347,1340,1356),(1356,1340,1339),(1356,1339,1357),(1357,1339,1338),(1357,1338,1358),(1358,1338,1337),(1358,1337,1359),(1359,1337,1336),(1359,1336,1360),(1360,1336,1335),(1360,1335,1334),(1360,1334,1361),(1361,1334,1333),(1361,1333,1362),(1362,1333,1332),(1362,1332,1363),(1363,1332,1331),(1363,1331,1364),(1364,1331,1330),(1364,1330,1365),(1365,1330,1329),(1365,1329,1366),(1366,1329,1328),(1366,1328,1367),(1367,1328,1327),(1367,1327,1368),(1368,1327,1326),(1368,1326,1369),(1369,1326,1325),(1369,1325,1370),(1370,1325,1324),(1370,1324,1355),(1355,1324,1323),(1347,1371,1348),(1348,1371,1372),(1348,1372,1349),(1349,1372,1373),(1349,1373,1350),(1350,1373,1374),(1350,1374,1351),(1351,1374,1375),(1351,1375,1352),(1352,1375,1376),(1352,1376,1353),(1353,1376,1377),(1353,1377,1354),(1354,1377,1378),(1354,1378,1355),(1355,1378,1379),(1355,1379,1370),(1370,1379,1380),(1370,1380,1369),(1369,1380,1381),(1369,1381,1368),(1368,1381,1382),(1368,1382,1367),(1367,1382,1383),(1367,1383,1366),(1366,1383,1384),(1366,1384,1365),(1365,1384,1385),(1365,1385,1364),(1364,1385,1386),(1364,1386,1363),(1363,1386,1387),(1363,1387,1362),(1362,1387,1388),(1362,1388,1361),(1361,1388,1389),(1361,1389,1360),(1360,1389,1390),(1360,1390,1359),(1359,1390,1391),(1359,1391,1358),(1358,1391,1392),(1358,1392,1357),(1357,1392,1393),(1357,1393,1356),(1356,1393,1394),(1356,1394,1347),(1347,1394,1371),(1377,1395,1378),(1378,1395,1396),(1378,1396,1379),(1379,1396,1397),(1379,1397,1380),(1380,1397,1398),(1380,1398,1381),(1381,1398,1399),(1381,1399,1382),(1382,1399,1400),(1382,1400,1383),(1383,1400,1401),(1383,1401,1384),(1384,1401,1402),(1384,1402,1385),(1385,1402,1403),(1385,1403,1386),(1386,1403,1404),(1386,1404,1387),(1387,1404,1405),(1387,1405,1388),(1388,1405,1406),(1388,1406,1389),(1389,1406,1407),(1389,1407,1390),(1390,1407,1408),(1390,1408,1391),(1391,1408,1409),(1391,1409,1392),(1392,1409,1410),(1392,1410,1393),(1393,1410,1411),(1393,1411,1394),(1394,1411,1412),(1394,1412,1371),(1371,1412,1413),(1371,1413,1372),(1372,1413,1414),(1372,1414,1373),(1373,1414,1415),(1373,1415,1374),(1374,1415,1416),(1374,1416,1375),(1375,1416,1417),(1375,1417,1376),(1376,1417,1418),(1376,1418,1377),(1377,1418,1395),(1412,1419,1413),(1413,1419,1420),(1413,1420,1414),(1414,1420,1421),(1414,1421,1415),(1415,1421,1422),(1415,1422,1416),(1416,1422,1423),(1416,1423,1417),(1417,1423,1424),(1417,1424,1418),(1418,1424,1425),(1418,1425,1395),(1395,1425,1426),(1395,1426,1396),(1396,1426,1427),(1396,1427,1397),(1397,1427,1428),(1397,1428,1398),(1398,1428,1429),(1398,1429,1399),(1399,1429,1430),(1399,1430,1400),(1400,1430,1431),(1400,1431,1401),(1401,1431,1432),(1401,1432,1402),(1402,1432,1433),(1402,1433,1403),(1403,1433,1434),(1403,1434,1404),(1404,1434,1435),(1404,1435,1405),(1405,1435,1436),(1405,1436,1406),(1406,1436,1437),(1406,1437,1407),(1407,1437,1438),(1407,1438,1408),(1408,1438,1439),(1408,1439,1409),(1409,1439,1440),(1409,1440,1410),(1410,1440,1441),(1410,1441,1411),(1411,1441,1442),(1411,1442,1412),(1412,1442,1419),(1424,1443,1425),(1425,1443,1444),(1425,1444,1426),(1426,1444,1445),(1426,1445,1427),(1427,1445,1446),(1427,1446,1428),(1428,1446,1447),(1428,1447,1429),(1429,1447,1448),(1429,1448,1430),(1430,1448,1449),(1430,1449,1431),(1431,1449,1450),(1431,1450,1432),(1432,1450,1451),(1432,1451,1433),(1433,1451,1452),(1433,1452,1434),(1434,1452,1453),(1434,1453,1435),(1435,1453,1454),(1435,1454,1436),(1436,1454,1455),(1436,1455,1437),(1437,1455,1456),(1437,1456,1438),(1438,1456,1457),(1438,1457,1439),(1439,1457,1458),(1439,1458,1440),(1440,1458,1459),(1440,1459,1441),(1441,1459,1460),(1441,1460,1442),(1442,1460,1461),(1442,1461,1419),(1419,1461,1462),(1419,1462,1420),(1420,1462,1463),(1420,1463,1421),(1421,1463,1464),(1421,1464,1422),(1422,1464,1465),(1422,1465,1423),(1423,1465,1466),(1423,1466,1424),(1424,1466,1443),(1461,1467,1462),(1462,1467,1468),(1462,1468,1469),(1467,1461,1470),(1470,1461,1460),(1470,1460,1471),(1471,1460,1459),(1471,1459,1472),(1472,1459,1458),(1472,1458,1473),(1473,1458,1457),(1473,1457,1474),(1474,1457,1456),(1474,1456,1475),(1475,1456,1455),(1475,1455,1476),(1476,1455,1454),(1476,1454,1477),(1477,1454,1453),(1477,1453,1478),(1478,1453,1452),(1478,1452,1479),(1479,1452,1451),(1479,1451,1480),(1480,1451,1450),(1480,1450,1481),(1481,1450,1449),(1481,1449,1482),(1482,1449,1448),(1482,1448,1483),(1483,1448,1447),(1483,1447,1484),(1484,1447,1446),(1484,1446,1485),(1485,1446,1445),(1485,1445,1486),(1486,1445,1444),(1486,1444,1487),(1487,1444,1443),(1487,1443,1488),(1488,1443,1466),(1488,1466,1489),(1489,1466,1465),(1489,1465,1490),(1490,1465,1464),(1490,1464,1491),(1491,1464,1463),(1491,1463,1469),(1469,1463,1462),(1481,1492,1480),(1480,1492,1493),(1480,1493,1479),(1479,1493,1494),(1479,1494,1478),(1478,1494,1495),(1478,1495,1477),(1477,1495,1496),(1477,1496,1476),(1476,1496,1497),(1476,1497,1475),(1475,1497,1498),(1475,1498,1474),(1474,1498,1499),(1474,1499,1473),(1473,1499,1500),(1473,1500,1472),(1472,1500,1501),(1472,1501,1471),(1471,1501,1502),(1471,1502,1470),(1470,1502,1503),(1470,1503,1467),(1467,1503,1504),(1467,1504,1468),(1468,1504,1505),(1468,1505,1469),(1469,1505,1506),(1469,1506,1491),(1491,1506,1507),(1491,1507,1490),(1490,1507,1508),(1490,1508,1489),(1489,1508,1509),(1489,1509,1488),(1488,1509,1487),(1487,1509,1510),(1487,1510,1486),(1486,1510,1511),(1486,1511,1485),(1485,1511,1512),(1485,1512,1484),(1484,1512,1513),(1484,1513,1483),(1483,1513,1514),(1483,1514,1482),(1482,1514,1515),(1482,1515,1481),(1481,1515,1492),(1508,1516,1509),(1509,1516,1517),(1509,1517,1510),(1510,1517,1518),(1510,1518,1511),(1511,1518,1519),(1511,1519,1512),(1512,1519,1520),(1512,1520,1513),(1513,1520,1521),(1513,1521,1514),(1514,1521,1522),(1514,1522,1515),(1515,1522,1523),(1515,1523,1492),(1492,1523,1524),(1492,1524,1493),(1493,1524,1525),(1493,1525,1494),(1494,1525,1526),(1494,1526,1495),(1495,1526,1527),(1495,1527,1496),(1496,1527,1528),(1496,1528,1497),(1497,1528,1529),(1497,1529,1498),(1498,1529,1530),(1498,1530,1499),(1499,1530,1531),(1499,1531,1500),(1500,1531,1532),(1500,1532,1501),(1501,1532,1533),(1501,1533,1502),(1502,1533,1534),(1502,1534,1503),(1503,1534,1535),(1503,1535,1504),(1504,1535,1536),(1504,1536,1505),(1505,1536,1537),(1505,1537,1506),(1506,1537,1538),(1506,1538,1507),(1507,1538,1539),(1507,1539,1508),(1508,1539,1516),(1517,1540,1518),(1518,1540,1541),(1518,1541,1519),(1519,1541,1542),(1519,1542,1520),(1520,1542,1543),(1520,1543,1521),(1521,1543,1544),(1521,1544,1522),(1522,1544,1545),(1522,1545,1523),(1523,1545,1546),(1523,1546,1524),(1524,1546,1547),(1524,1547,1525),(1525,1547,1548),(1525,1548,1526),(1526,1548,1549),(1526,1549,1527),(1527,1549,1550),(1527,1550,1528),(1528,1550,1551),(1528,1551,1529),(1529,1551,1552),(1529,1552,1530),(1530,1552,1553),(1530,1553,1531),(1531,1553,1554),(1531,1554,1532),(1532,1554,1555),(1532,1555,1533),(1533,1555,1556),(1533,1556,1534),(1534,1556,1557),(1534,1557,1535),(1535,1557,1558),(1535,1558,1536),(1536,1558,1559),(1536,1559,1537),(1537,1559,1560),(1537,1560,1538),(1538,1560,1561),(1538,1561,1562),(1540,1517,1563),(1563,1517,1516),(1563,1516,1564),(1564,1516,1539),(1564,1539,1562),(1562,1539,1538),(1546,1565,1547),(1547,1565,1566),(1547,1566,1548),(1548,1566,1567),(1548,1567,1549),(1549,1567,1568),(1549,1568,1550),(1550,1568,1569),(1550,1569,1551),(1551,1569,1570),(1551,1570,1552),(1552,1570,1571),(1552,1571,1553),(1553,1571,1572),(1553,1572,1554),(1554,1572,1573),(1554,1573,1555),(1555,1573,1574),(1555,1574,1556),(1556,1574,1575),(1556,1575,1557),(1557,1575,1576),(1557,1576,1558),(1558,1576,1577),(1558,1577,1559),(1559,1577,1578),(1559,1578,1560),(1560,1578,1579),(1560,1579,1561),(1561,1579,1580),(1561,1580,1562),(1562,1580,1581),(1562,1581,1564),(1564,1581,1582),(1564,1582,1563),(1563,1582,1583),(1563,1583,1540),(1540,1583,1584),(1540,1584,1541),(1541,1584,1585),(1541,1585,1542),(1542,1585,1586),(1542,1586,1543),(1543,1586,1544),(1544,1586,1587),(1544,1587,1545),(1545,1587,1588),(1545,1588,1546),(1546,1588,1565),(1583,1589,1584),(1584,1589,1590),(1584,1590,1585),(1585,1590,1591),(1585,1591,1586),(1586,1591,1592),(1586,1592,1587),(1587,1592,1593),(1587,1593,1588),(1588,1593,1594),(1588,1594,1565),(1565,1594,1595),(1565,1595,1566),(1566,1595,1596),(1566,1596,1567),(1567,1596,1597),(1567,1597,1568),(1568,1597,1598),(1568,1598,1569),(1569,1598,1599),(1569,1599,1570),(1570,1599,1600),(1570,1600,1571),(1571,1600,1601),(1571,1601,1572),(1572,1601,1602),(1572,1602,1573),(1573,1602,1603),(1573,1603,1574),(1574,1603,1604),(1574,1604,1575),(1575,1604,1605),(1575,1605,1576),(1576,1605,1606),(1576,1606,1577),(1577,1606,1607),(1577,1607,1578),(1578,1607,1608),(1578,1608,1579),(1579,1608,1609),(1579,1609,1580),(1580,1609,1610),(1580,1610,1581),(1581,1610,1611),(1581,1611,1582),(1582,1611,1612),(1582,1612,1583),(1583,1612,1589),(1606,1613,1607),(1607,1613,1614),(1607,1614,1608),(1608,1614,1615),(1608,1615,1609),(1609,1615,1616),(1609,1616,1610),(1610,1616,1617),(1610,1617,1611),(1611,1617,1618),(1611,1618,1612),(1612,1618,1619),(1612,1619,1589),(1589,1619,1620),(1589,1620,1590),(1590,1620,1621),(1590,1621,1591),(1591,1621,1622),(1591,1622,1592),(1592,1622,1623),(1592,1623,1593),(1593,1623,1624),(1593,1624,1594),(1594,1624,1625),(1594,1625,1595),(1595,1625,1626),(1595,1626,1596),(1596,1626,1627),(1596,1627,1597),(1597,1627,1628),(1597,1628,1598),(1598,1628,1629),(1598,1629,1599),(1599,1629,1630),(1599,1630,1600),(1600,1630,1631),(1600,1631,1601),(1601,1631,1632),(1601,1632,1602),(1602,1632,1633),(1602,1633,1603),(1603,1633,1634),(1603,1634,1604),(1604,1634,1635),(1604,1635,1605),(1605,1635,1636),(1605,1636,1606),(1606,1636,1613),(1619,1637,1620),(1620,1637,1638),(1620,1638,1621),(1621,1638,1639),(1621,1639,1622),(1622,1639,1640),(1622,1640,1623),(1623,1640,1641),(1623,1641,1624),(1624,1641,1642),(1624,1642,1625),(1625,1642,1643),(1625,1643,1626),(1626,1643,1644),(1626,1644,1627),(1627,1644,1645),(1627,1645,1628),(1628,1645,1646),(1628,1646,1629),(1629,1646,1647),(1629,1647,1630),(1630,1647,1648),(1630,1648,1631),(1631,1648,1649),(1631,1649,1632),(1632,1649,1650),(1632,1650,1633),(1633,1650,1651),(1633,1651,1634),(1634,1651,1652),(1634,1652,1635),(1635,1652,1653),(1635,1653,1636),(1636,1653,1654),(1636,1654,1613),(1613,1654,1655),(1613,1655,1614),(1614,1655,1656),(1614,1656,1615),(1615,1656,1657),(1615,1657,1616),(1616,1657,1658),(1616,1658,1617),(1617,1658,1659),(1617,1659,1618),(1618,1659,1660),(1618,1660,1619),(1619,1660,1637),(1659,1661,1660),(1660,1661,1662),(1660,1662,1637),(1637,1662,1663),(1637,1663,1638),(1638,1663,1664),(1638,1664,1639),(1639,1664,1665),(1639,1665,1640),(1640,1665,1666),(1640,1666,1641),(1641,1666,1667),(1641,1667,1642),(1642,1667,1668),(1642,1668,1643),(1643,1668,1669),(1643,1669,1644),(1644,1669,1670),(1644,1670,1645),(1645,1670,1671),(1645,1671,1646),(1646,1671,1672),(1646,1672,1647),(1647,1672,1673),(1647,1673,1648),(1648,1673,1674),(1648,1674,1649),(1649,1674,1675),(1649,1675,1650),(1650,1675,1676),(1650,1676,1651),(1651,1676,1677),(1651,1677,1652),(1652,1677,1678),(1652,1678,1653),(1653,1678,1679),(1653,1679,1654),(1654,1679,1680),(1654,1680,1655),(1655,1680,1681),(1655,1681,1656),(1656,1681,1682),(1656,1682,1657),(1657,1682,1683),(1657,1683,1658),(1658,1683,1684),(1658,1684,1659),(1659,1684,1661),(1661,1685,1662),(1662,1685,1686),(1662,1686,1663),(1663,1686,1687),(1663,1687,1664),(1664,1687,1688),(1664,1688,1665),(1665,1688,1689),(1665,1689,1666),(1666,1689,1690),(1666,1690,1667),(1667,1690,1691),(1667,1691,1668),(1668,1691,1692),(1668,1692,1669),(1669,1692,1693),(1669,1693,1670),(1670,1693,1694),(1670,1694,1671),(1671,1694,1695),(1671,1695,1672),(1672,1695,1696),(1672,1696,1673),(1673,1696,1697),(1673,1697,1674),(1674,1697,1698),(1674,1698,1675),(1675,1698,1699),(1675,1699,1676),(1676,1699,1700),(1676,1700,1677),(1677,1700,1701),(1677,1701,1678),(1678,1701,1702),(1678,1702,1679),(1679,1702,1703),(1679,1703,1680),(1680,1703,1704),(1680,1704,1681),(1681,1704,1705),(1681,1705,1682),(1682,1705,1706),(1682,1706,1683),(1683,1706,1707),(1683,1707,1684),(1684,1707,1708),(1684,1708,1661),(1661,1708,1685),(1706,1709,1707),(1707,1709,1710),(1707,1710,1708),(1708,1710,1711),(1708,1711,1685),(1685,1711,1712),(1685,1712,1686),(1686,1712,1713),(1686,1713,1687),(1687,1713,1714),(1687,1714,1688),(1688,1714,1715),(1688,1715,1689),(1689,1715,1716),(1689,1716,1690),(1690,1716,1717),(1690,1717,1691),(1691,1717,1718),(1691,1718,1692),(1692,1718,1719),(1692,1719,1693),(1693,1719,1720),(1693,1720,1694),(1694,1720,1721),(1694,1721,1695),(1695,1721,1722),(1695,1722,1696),(1696,1722,1723),(1696,1723,1697),(1697,1723,1724),(1697,1724,1698),(1698,1724,1725),(1698,1725,1699),(1699,1725,1726),(1699,1726,1700),(1700,1726,1727),(1700,1727,1701),(1701,1727,1728),(1701,1728,1702),(1702,1728,1729),(1702,1729,1703),(1703,1729,1730),(1703,1730,1704),(1704,1730,1731),(1704,1731,1705),(1705,1731,1732),(1705,1732,1706),(1706,1732,1709),(1731,1733,1732),(1732,1733,1734),(1732,1734,1709),(1709,1734,1735),(1709,1735,1710),(1710,1735,1736),(1710,1736,1711),(1711,1736,1737),(1711,1737,1712),(1712,1737,1738),(1712,1738,1713),(1713,1738,1739),(1713,1739,1714),(1714,1739,1740),(1714,1740,1715),(1715,1740,1741),(1715,1741,1716),(1716,1741,1742),(1716,1742,1717),(1717,1742,1743),(1717,1743,1718),(1718,1743,1744),(1718,1744,1719),(1719,1744,1745),(1719,1745,1720),(1720,1745,1746),(1720,1746,1721),(1721,1746,1747),(1721,1747,1722),(1722,1747,1748),(1722,1748,1723),(1723,1748,1749),(1723,1749,1724),(1724,1749,1750),(1724,1750,1725),(1725,1750,1751),(1725,1751,1726),(1726,1751,1752),(1726,1752,1727),(1727,1752,1753),(1727,1753,1728),(1728,1753,1754),(1728,1754,1729),(1729,1754,1755),(1729,1755,1730),(1730,1755,1756),(1730,1756,1731),(1731,1756,1733),(49,47,3),(3,47,45),(3,45,1),(1,45,7),(7,45,9),(9,45,11),(11,45,13),(13,45,43),(13,43,41),(41,39,13),(13,39,37),(13,37,15),(15,37,17),(17,37,19),(19,37,21),(21,37,35),(21,35,33),(21,33,23),(23,33,31),(23,31,29),(27,25,29),(29,25,23),(1733,1756,1734),(1734,1756,1755),(1734,1755,1735),(1735,1755,1736),(1736,1755,1737),(1737,1755,1754),(1737,1754,1753),(1752,1740,1753),(1753,1740,1739),(1753,1739,1738),(1752,1751,1740),(1740,1751,1750),(1740,1750,1749),(1748,1743,1749),(1749,1743,1742),(1749,1742,1741),(1748,1747,1743),(1743,1747,1746),(1743,1746,1744),(1744,1746,1745),(1741,1740,1749),(1738,1737,1753)),$);
#217= IFCSHAPEREPRESENTATION(#28,'Body','Tessellation',(#216));
#218= IFCPRODUCTDEFINITIONSHAPE($,$,(#217));
#219= IFCLOCALPLACEMENT(#5,#22);
#220= IFCBUILTELEMENT('3qf_hSxVH9uQGvkgNVdTnQ',$,'KSR_60_VK',$,$,#219,#218,'E11');
#221= IFCSTYLEDITEM(#216,(#175),'KSR_60_VK');
#222= IFCPROPERTYSET('3utIpWmLnEEAiKPslbt4nZ',$,'Properties',$,(#44,#45,#46,#47,#48,#49,#50,#51,#52,#53,#54,#55,#56,#57,#58,#59,#60,#61,#62,#63,#64,#65,#66,#67,#69,#70,#224,#225));
#223= IFCRELDEFINESBYPROPERTIES('1aRkj6Xpf6owb8r16aFk3_',$,$,$,(#220),#222);
#224= IFCPROPERTYSINGLEVALUE('Area',$,IFCREAL(9.93698273944103),$);
#225= IFCPROPERTYSINGLEVALUE('Bounds',$,IFCLABEL('((2701731.96274668,1166114.37625176,1995.9310734037),(2701742.94406186,1166154.21580873,2001.56700969594))'),$);
#226= IFCPROPERTYSET('2xOf4UGoj4N8GDhMxkHVXA',$,'Misc',$,(#73,#74,#75,#76));
#227= IFCRELDEFINESBYPROPERTIES('1i4Yuv54P8megOMjXGHavH',$,$,$,(#220),#226);
#228= IFCPROPERTYSET('3qcxQxKlf1_vksWRK0UsgL',$,'3D Visualization',$,(#79,#80,#81));
#229= IFCRELDEFINESBYPROPERTIES('0JzeC8HuvDVwk_SIElfXOE',$,$,$,(#220),#228);
#230= IFCPROPERTYSET('1tz5nYKBLFffGSR4aiLqi7',$,'General',$,(#84,#86,#87,#88,#89,#188));
#231= IFCRELDEFINESBYPROPERTIES('2_Z_h_pmD1GP9hG2Q$xXz5',$,$,$,(#220),#230);
#232= IFCPROPERTYSET('3kxc4cnrn2owqRKVSWnauw',$,'Geometry',$,(#92));
#233= IFCRELDEFINESBYPROPERTIES('1h_cVxfmD6wQXLreeAHHxs',$,$,$,(#220),#232);
#234= IFCPROPERTYSET('3RVSlfu4vBA8N0BhcJ8CZy',$,'01_Info',$,(#123,#193));
#235= IFCRELDEFINESBYPROPERTIES('0KTGl1N0H4hQIuKDUJBO9d',$,$,$,(#220),#234);
#236= IFCCARTESIANPOINTLIST3D(((1.90898,3.39829,6.5175),(2.00818,3.96069,6.52048),(1.91053,3.39797,6.52676),(2.00974,3.96064,6.52964),(2.00905,3.96098,6.53839),(2.00437,3.96115,6.51202),(1.90512,3.39902,6.50896),(1.99855,3.962,6.50483),(1.89922,3.40009,6.50172),(1.99113,3.96318,6.49938),(1.89167,3.40145,6.49629),(1.98259,3.9646,6.49603),(1.883,3.403,6.49303),(1.97349,3.96618,6.49501),(1.87378,3.40463,6.49215),(1.96446,3.96781,6.49638),(1.86466,3.40623,6.49373),(1.95608,3.96938,6.50005),(1.85625,3.40769,6.49766),(1.94891,3.97078,6.50579),(1.84912,3.40892,6.50366),(1.94343,3.97193,6.5132),(1.84376,3.40982,6.51133),(1.94001,3.97274,6.5218),(1.84054,3.41035,6.52014),(1.93887,3.97317,6.531),(1.83967,3.41045,6.5295),(1.93996,3.97319,6.53972),(1.84122,3.41013,6.53876),(1.9431,3.97284,6.54792),(1.84507,3.40941,6.5473),(1.94809,3.97214,6.55512),(1.85098,3.40833,6.55453),(1.95465,3.97112,6.56087),(1.85852,3.40697,6.55997),(1.96238,3.96986,6.56485),(1.8672,3.40542,6.56323),(1.97081,3.96842,6.56682),(1.87641,3.4038,6.5641),(1.97946,3.96689,6.56665),(1.88554,3.40219,6.56252),(1.9878,3.96536,6.56436),(1.89395,3.40073,6.5586),(1.99534,3.96393,6.56009),(1.90108,3.39951,6.5526),(2.00163,3.96267,6.55408),(1.90644,3.3986,6.54493),(2.00629,3.96167,6.5467),(1.90966,3.39808,6.53612),(2.07405,4.73368,6.49838),(2.07293,4.73349,6.48967),(2.07404,4.73289,6.48047),(2.07743,4.73191,6.47188),(2.08289,4.73062,6.46448),(2.09004,4.7291,6.45875),(2.09841,4.72747,6.45508),(2.10744,4.72581,6.45371),(2.11653,4.72425,6.45473),(2.07722,4.73349,6.50657),(2.08224,4.73292,6.51375),(2.08881,4.73201,6.5195),(2.09655,4.73083,6.52348),(2.105,4.72942,6.52544),(2.11365,4.72789,6.52528),(2.12198,4.72632,6.52299),(2.12951,4.7248,6.51872),(2.13577,4.72343,6.51272),(2.14041,4.72229,6.50535),(2.14314,4.72144,6.49704),(2.1438,4.72093,6.4883),(2.14221,4.72081,6.47915),(2.13837,4.72111,6.47071),(2.13253,4.72182,6.46352),(2.12509,4.72289,6.45807),(2.1626,5.24202,6.47221),(2.16362,5.2409,6.46303),(2.16692,5.23943,6.45446),(2.1723,5.23773,6.44707),(2.1794,5.23589,6.44135),(2.18773,5.23404,6.43768),(2.19675,5.23231,6.43632),(2.20585,5.23081,6.43734),(2.21444,5.22964,6.44067),(2.22194,5.22888,6.44611),(2.22785,5.22857,6.45328),(2.23177,5.22874,6.46171),(2.23345,5.22938,6.47084),(2.23288,5.23038,6.47957),(2.23023,5.2317,6.48786),(2.22567,5.23326,6.49522),(2.21946,5.23497,6.5012),(2.21198,5.23672,6.50547),(2.20367,5.23842,6.50775),(2.19502,5.23996,6.50791),(2.18656,5.24126,6.50596),(2.16381,5.2427,6.4809),(2.16705,5.24296,6.48908),(2.17214,5.2428,6.49625),(2.17878,5.24222,6.50199),(2.33822,6.23785,6.30248),(2.3388,6.23614,6.29326),(2.34176,6.23411,6.28458),(2.34688,6.23189,6.27702),(2.35383,6.22964,6.2711),(2.36212,6.2275,6.26724),(2.3712,6.22563,6.26568),(2.38044,6.22415,6.26654),(2.38922,6.22316,6.26976),(2.39693,6.22273,6.27511),(2.40305,6.2229,6.28224),(2.40716,6.22364,6.29066),(2.40899,6.2249,6.29979),(2.40841,6.22661,6.30901),(2.40545,6.22865,6.3177),(2.40033,6.23087,6.32526),(2.39338,6.23312,6.33117),(2.38508,6.23526,6.33504),(2.37601,6.23713,6.33659),(2.36677,6.23861,6.33573),(2.35799,6.23959,6.33252),(2.35028,6.24002,6.32716),(2.34416,6.23986,6.32003),(2.34004,6.23912,6.31162),(2.43339,6.37219,6.26456),(2.43527,6.37391,6.27351),(2.43487,6.37594,6.28205),(2.42929,6.37102,6.25631),(2.42323,6.37048,6.24928),(2.41562,6.3706,6.24396),(2.40697,6.37138,6.24069),(2.39784,6.37276,6.23969),(2.38885,6.37465,6.24103),(2.38059,6.37693,6.24462),(2.37362,6.37944,6.25022),(2.36839,6.38202,6.25746),(2.36526,6.3845,6.26585),(2.36444,6.38671,6.27484),(2.36583,6.38841,6.28336),(2.36924,6.38965,6.29136),(2.37448,6.39033,6.29839),(2.38124,6.39043,6.30401),(2.3891,6.38993,6.3079),(2.39761,6.38887,6.30982),(2.40625,6.38731,6.30965),(2.41451,6.38534,6.30742),(2.4219,6.38308,6.30324),(2.42799,6.38067,6.29738),(2.4324,6.37824,6.29017),(2.39939,6.57878,6.22945),(2.39789,6.5764,6.22113),(2.39859,6.57348,6.21234),(2.4016,6.57035,6.20413),(2.40673,6.5672,6.19706),(2.41362,6.56424,6.19158),(2.42183,6.56168,6.18807),(2.4308,6.55968,6.18676),(2.43994,6.55838,6.18774),(2.40292,6.58064,6.23728),(2.40826,6.58188,6.24415),(2.41509,6.58242,6.24965),(2.42301,6.58224,6.25345),(2.43154,6.58133,6.25532),(2.44018,6.57975,6.25516),(2.44841,6.57761,6.25298),(2.45575,6.57502,6.2489),(2.46175,6.57214,6.24316),(2.46606,6.56914,6.23612),(2.46842,6.5662,6.22818),(2.4687,6.5635,6.21982),(2.4667,6.56108,6.21108),(2.46248,6.55926,6.20301),(2.45633,6.55816,6.19614),(2.44864,6.55786,6.19093),(2.42241,6.71547,6.17207),(2.42295,6.71163,6.1636),(2.42581,6.70764,6.1557),(2.4308,6.70375,6.14888),(2.4376,6.70022,6.14361),(2.44574,6.6973,6.14023),(2.45469,6.69516,6.13897),(2.46385,6.69396,6.13991),(2.47261,6.69378,6.14299),(2.48039,6.69462,6.148),(2.48667,6.69643,6.15462),(2.49103,6.69909,6.16239),(2.49319,6.70243,6.17081),(2.49307,6.70601,6.17886),(2.49086,6.70977,6.18651),(2.48668,6.7135,6.19329),(2.48078,6.71698,6.19882),(2.47352,6.72,6.20275),(2.46533,6.72237,6.20485),(2.45669,6.72396,6.205),(2.44812,6.72467,6.2032),(2.42407,6.71871,6.18009),(2.42774,6.7214,6.18763),(2.4332,6.72335,6.19424),(2.44014,6.72447,6.19954),(2.44879,6.85891,6.10491),(2.447,6.85494,6.09728),(2.44741,6.85035,6.08922),(2.45014,6.84564,6.0817),(2.45503,6.84114,6.07522),(2.46174,6.83714,6.0702),(2.46983,6.8339,6.06698),(2.47876,6.83166,6.06578),(2.48793,6.83054,6.06667),(2.45258,6.86227,6.11209),(2.45815,6.86483,6.11838),(2.46517,6.86642,6.12342),(2.47321,6.86696,6.12691),(2.48181,6.86641,6.12863),(2.49044,6.8648,6.12848),(2.4986,6.86224,6.12648),(2.5058,6.85887,6.12274),(2.51161,6.85489,6.11748),(2.51568,6.85055,6.11102),(2.51777,6.84609,6.10375),(2.51777,6.84179,6.09609),(2.51547,6.8377,6.08807),(2.51099,6.83433,6.08067),(2.5046,6.83193,6.07438),(2.49674,6.83063,6.0696),(2.48384,7.05771,5.98815),(2.48206,7.05377,5.9805),(2.48247,7.04921,5.97242),(2.48521,7.04454,5.96488),(2.4901,7.04006,5.95837),(2.49682,7.03608,5.95334),(2.50491,7.03286,5.95012),(2.51384,7.03062,5.94891),(2.52301,7.0295,5.94981),(2.48763,7.06104,5.99534),(2.49319,7.06356,6.00165),(2.50021,7.06513,6.0067),(2.50825,7.06566,6.01019),(2.51684,7.0651,6.01192),(2.52548,7.0635,6.01177),(2.53364,7.06094,6.00976),(2.54084,7.05759,6.00601),(2.54665,7.05363,6.00074),(2.55073,7.04932,5.99427),(2.55283,7.04489,5.98698),(2.55283,7.04063,5.9793),(2.55054,7.03657,5.97126),(2.54606,7.03323,5.96384),(2.53967,7.03085,5.95753),(2.53182,7.02958,5.95275),(2.53977,7.38104,5.80873),(2.54012,7.37617,5.80081),(2.54281,7.37121,5.79342),(2.54766,7.36649,5.78705),(2.55434,7.36232,5.78212),(2.56241,7.35897,5.77896),(2.57133,7.35669,5.77778),(2.58051,7.3556,5.77866),(2.58934,7.35579,5.78154),(2.59723,7.35725,5.78623),(2.60365,7.35987,5.79241),(2.60818,7.36348,5.79968),(2.61052,7.36785,5.80756),(2.61058,7.37241,5.81508),(2.60853,7.37711,5.82223),(2.60449,7.38168,5.82857),(2.59872,7.38583,5.83374),(2.59154,7.38933,5.83741),(2.58339,7.39196,5.83938),(2.57476,7.39357,5.83952),(2.56615,7.39406,5.83784),(2.5416,7.38527,5.81623),(2.54543,7.38888,5.82328),(2.55104,7.39164,5.82946),(2.55809,7.3934,5.83441),(2.58216,7.61528,5.6562),(2.58019,7.61029,5.64923),(2.5804,7.60462,5.64187),(2.58296,7.59891,5.635),(2.5877,7.59354,5.62908),(2.59429,7.58887,5.62449),(2.6023,7.58521,5.62156),(2.6112,7.5828,5.62046),(2.6204,7.58181,5.62128),(2.58612,7.6196,5.66276),(2.59183,7.62299,5.6685),(2.59897,7.62525,5.67311),(2.6071,7.62625,5.67629),(2.61573,7.62593,5.67786),(2.62436,7.62431,5.67772),(2.63247,7.62148,5.67589),(2.63958,7.61761,5.67248),(2.64527,7.61293,5.66768),(2.64919,7.60773,5.66178),(2.65111,7.6023,5.65514),(2.65093,7.59698,5.64814),(2.64845,7.59182,5.64082),(2.64378,7.58747,5.63406),(2.63725,7.58422,5.62831),(2.62928,7.58229,5.62395),(2.63449,7.91809,5.39255),(2.63431,7.91204,5.38536),(2.63654,7.90593,5.37859),(2.64104,7.90015,5.37269),(2.6475,7.89511,5.36808),(2.65547,7.89116,5.36506),(2.66442,7.88856,5.36385),(2.67373,7.88748,5.36452),(2.68277,7.88801,5.36703),(2.69093,7.8901,5.37121),(2.69764,7.89361,5.37676),(2.70245,7.89831,5.38333),(2.70504,7.90387,5.39045),(2.70522,7.90992,5.39764),(2.70299,7.91604,5.40441),(2.69849,7.92181,5.41031),(2.69203,7.92685,5.41492),(2.68406,7.9308,5.41794),(2.67511,7.93341,5.41915),(2.6658,7.93448,5.41848),(2.65675,7.93396,5.41597),(2.6486,7.93187,5.41179),(2.64189,7.92835,5.40624),(2.63707,7.92365,5.39967),(2.76926,8.27701,5.06132),(2.77179,8.28245,5.06841),(2.77203,8.28803,5.07519),(2.76456,8.27242,5.05477),(2.75799,8.26896,5.04919),(2.74999,8.26687,5.04497),(2.74109,8.26628,5.04238),(2.73189,8.26725,5.04158),(2.723,8.2697,5.04265),(2.715,8.27347,5.04549),(2.70844,8.27831,5.04994),(2.70375,8.28389,5.05568),(2.70123,8.28986,5.06234),(2.70106,8.2958,5.06947),(2.70307,8.30104,5.07623),(2.70708,8.3056,5.08258),(2.71283,8.3092,5.08815),(2.72,8.31163,5.09261),(2.72815,8.31275,5.09569),(2.73679,8.31249,5.09722),(2.74542,8.31086,5.09709),(2.75352,8.30796,5.09531),(2.76061,8.30397,5.092),(2.76626,8.29912,5.08735),(2.77014,8.2937,5.08163),(2.80451,8.88248,4.59587),(2.80471,8.8767,4.5886),(2.80725,8.87089,4.58182),(2.81197,8.86544,4.57597),(2.81855,8.8607,4.57145),(2.82655,8.857,4.56855),(2.83545,8.85457,4.56746),(2.84465,8.85359,4.56827),(2.85353,8.85411,4.57091),(2.86152,8.8561,4.57522),(2.86806,8.85943,4.58089),(2.87274,8.86388,4.58757),(2.87524,8.86915,4.59479),(2.87545,8.87457,4.6017),(2.87354,8.88009,4.60826),(2.86964,8.88538,4.61408),(2.86396,8.89013,4.61882),(2.85686,8.89405,4.62219),(2.84876,8.8969,4.624),(2.84013,8.89853,4.62413),(2.83149,8.89883,4.62258),(2.80649,8.88756,4.60275),(2.81047,8.89198,4.60922),(2.8162,8.89545,4.6149),(2.82335,8.89778,4.61944),(2.86975,9.24632,4.32526),(2.86782,9.24151,4.31816),(2.86807,9.23604,4.31066),(2.87066,9.23051,4.30366),(2.87542,9.2253,4.29762),(2.88204,9.22076,4.29295),(2.89006,9.21717,4.28996),(2.89897,9.21479,4.28884),(2.90816,9.21378,4.28967),(2.87368,9.25046,4.33194),(2.87937,9.2537,4.3378),(2.88649,9.25584,4.34249),(2.8946,9.25675,4.34573),(2.90323,9.25639,4.34733),(2.91186,9.25477,4.3472),(2.91998,9.25199,4.34533),(2.9271,9.24821,4.34185),(2.93281,9.24366,4.33696),(2.93676,9.23862,4.33095),(2.93871,9.23337,4.32418),(2.93856,9.22823,4.31705),(2.93611,9.22327,4.30959),(2.93148,9.2191,4.3027),(2.92498,9.216,4.29684),(2.91702,9.21419,4.2924),(3.406,12.28753,2.26739),(3.40415,12.28323,2.25995),(3.4045,12.27829,2.25209),(3.40718,12.27326,2.24475),(3.41202,12.26848,2.23842),(3.41869,12.26426,2.23353),(3.42675,12.26089,2.23039),(3.43567,12.25859,2.22922),(3.44485,12.25751,2.23009),(3.40985,12.2912,2.27439),(3.41546,12.29402,2.28053),(3.42252,12.29583,2.28544),(3.43059,12.29651,2.28884),(3.4392,12.29604,2.29052),(3.44783,12.29443,2.29038),(3.45597,12.29178,2.28842),(3.46314,12.28825,2.28477),(3.46891,12.28405,2.27965),(3.47294,12.27943,2.27335),(3.47498,12.27466,2.26625),(3.47491,12.27003,2.25878),(3.47256,12.26559,2.25096),(3.46801,12.26191,2.24374),(3.46158,12.25923,2.2376),(3.45368,12.25773,2.23295),(3.50131,12.83424,1.94699),(3.50175,12.82981,1.93884),(3.50451,12.82526,1.93123),(3.50942,12.82089,1.92466),(3.51615,12.817,1.91959),(3.52425,12.81383,1.91633),(3.53318,12.81161,1.91512),(3.54235,12.81047,1.91602),(3.55115,12.8105,1.91899),(3.55899,12.8117,1.92382),(3.56536,12.81398,1.93018),(3.56982,12.81719,1.93767),(3.57208,12.82112,1.94578),(3.57206,12.82526,1.95352),(3.56994,12.82956,1.96088),(3.56584,12.83377,1.96742),(3.56002,12.83764,1.97273),(3.55281,12.84093,1.97652),(3.54464,12.84345,1.97854),(3.53601,12.84506,1.97869),(3.52742,12.84564,1.97695),(3.50307,12.83805,1.95471),(3.50684,12.84127,1.96196),(3.51238,12.84369,1.96833),(3.51938,12.84518,1.97343),(3.64615,13.6495,1.54822),(3.64455,13.64658,1.54005),(3.64515,13.64309,1.53143),(3.64807,13.63942,1.52338),(3.65311,13.63581,1.51644),(3.65994,13.6325,1.51107),(3.66811,13.62971,1.50762),(3.67707,13.62763,1.50634),(3.68622,13.62639,1.5073),(3.64977,13.65187,1.5559),(3.65519,13.65356,1.56263),(3.66208,13.65446,1.56802),(3.67004,13.65452,1.57175),(3.6786,13.65373,1.57359),(3.68723,13.65215,1.57343),(3.69544,13.64986,1.57129),(3.70273,13.647,1.56729),(3.70866,13.64375,1.56166),(3.71289,13.6403,1.55475),(3.71517,13.63684,1.54697),(3.71534,13.6336,1.53877),(3.71325,13.6306,1.5302),(3.70894,13.62826,1.52228),(3.7027,13.62671,1.51554),(3.69496,13.62608,1.51043),(3.74161,14.19706,1.38002),(3.74248,14.19505,1.37097),(3.74564,14.19277,1.36251),(3.75089,14.19035,1.35523),(3.75789,14.18796,1.34959),(3.76616,14.18576,1.34597),(3.77515,14.1839,1.34462),(3.78428,14.1825,1.34563),(3.79292,14.18165,1.34892),(3.80051,14.18141,1.35428),(3.80654,14.18179,1.36136),(3.81061,14.18277,1.36967),(3.81245,14.18429,1.37868),(3.81202,14.18613,1.38728),(3.80951,14.18824,1.39546),(3.80507,14.19051,1.40272),(3.79897,14.19279,1.40862),(3.79156,14.19496,1.41282),(3.78329,14.19688,1.41507),(3.77464,14.19844,1.41524),(3.76614,14.19954,1.41331),(3.74297,14.19857,1.3886),(3.74635,14.19962,1.39666),(3.75157,14.20015,1.40373),(3.7583,14.20012,1.40939),(3.98077,15.55341,1.21566),(3.9818,15.5523,1.2065),(3.98511,15.55085,1.19794),(3.99049,15.54916,1.19057),(3.99758,15.54733,1.18486),(4.00592,15.54549,1.1812),(4.01494,15.54377,1.17984),(4.02404,15.54226,1.18085),(4.03263,15.54109,1.18419),(4.04012,15.54031,1.18961),(4.04603,15.53999,1.19677),(4.04995,15.54015,1.20519),(4.05163,15.54078,1.2143),(4.05105,15.54176,1.22301),(4.0484,15.54306,1.23128),(4.04384,15.54461,1.23862),(4.03763,15.54631,1.2446),(4.03014,15.54806,1.24885),(4.02183,15.54975,1.25113),(4.01319,15.55129,1.2513),(4.00472,15.55259,1.24934),(3.98198,15.55407,1.22434),(3.98522,15.55433,1.2325),(3.99031,15.55415,1.23965),(3.99694,15.55356,1.24538),(3.99711,15.63988,1.21739),(3.99599,15.6397,1.20867),(3.9971,15.6391,1.19947),(4.0005,15.63813,1.19087),(4.00595,15.63684,1.18346),(4.0131,15.63533,1.17773),(4.02147,15.63369,1.17406),(4.0305,15.63204,1.17269),(4.0396,15.63048,1.17371),(4.00027,15.63969,1.22558),(4.00529,15.63911,1.23277),(4.01187,15.63821,1.23853),(4.01961,15.63702,1.24251),(4.02806,15.63561,1.24447),(4.0367,15.63408,1.2443),(4.04504,15.63251,1.24201),(4.05256,15.631,1.23774),(4.05883,15.62963,1.23174),(4.06347,15.62849,1.22436),(4.0662,15.62764,1.21605),(4.06686,15.62714,1.2073),(4.06527,15.62702,1.19815),(4.06143,15.62733,1.1897),(4.05559,15.62805,1.18251),(4.04815,15.62912,1.17706),(4.06983,16.05847,1.20588),(4.07102,16.05831,1.19668),(4.07448,16.05774,1.18808),(4.08,16.05681,1.18067),(4.0872,16.05557,1.17494),(4.0956,16.05411,1.17126),(4.10464,16.05252,1.16989),(4.11373,16.05091,1.17091),(4.12226,16.04939,1.17426),(4.12965,16.04806,1.17971),(4.13543,16.047,1.1869),(4.1392,16.0463,1.19536),(4.14071,16.04598,1.20452),(4.13998,16.04607,1.21327),(4.13718,16.04652,1.22158),(4.13248,16.04731,1.22896),(4.12616,16.04839,1.23496),(4.1186,16.0497,1.23924),(4.11025,16.05116,1.24153),(4.1016,16.05269,1.24169),(4.09317,16.05418,1.23973),(4.07088,16.05824,1.2146),(4.07397,16.05765,1.2228),(4.07893,16.05674,1.22999),(4.08546,16.05556,1.23575),(4.33212,17.54586,1.23251),(4.333,17.54581,1.22315),(4.33623,17.54533,1.21434),(4.34159,17.54446,1.20667),(4.34873,17.54326,1.20067),(4.35714,17.54182,1.19675),(4.36627,17.54023,1.19517),(4.37548,17.53859,1.19604),(4.38416,17.53703,1.19931),(4.3917,17.53565,1.20474),(4.3976,17.53453,1.21197),(4.40145,17.53376,1.22051),(4.40298,17.5334,1.22978),(4.40211,17.53346,1.23913),(4.39888,17.53393,1.24795),(4.39352,17.5348,1.25561),(4.38638,17.536,1.26161),(4.37796,17.53744,1.26554),(4.36884,17.53903,1.26712),(4.35962,17.54067,1.26625),(4.35095,17.54223,1.26298),(4.34341,17.54362,1.25755),(4.33751,17.54473,1.25032),(4.33366,17.5455,1.24178),(4.82134,19.90599,1.23827),(4.82047,19.90608,1.24763),(4.81724,19.9066,1.25644),(4.81188,19.90749,1.26411),(4.80475,19.90871,1.27011),(4.79634,19.91017,1.27403),(4.78722,19.91177,1.27561),(4.778,19.9134,1.27474),(4.76933,19.91495,1.27148),(4.76178,19.91632,1.26604),(4.75588,19.9174,1.25881),(4.75202,19.91813,1.25027),(4.75048,19.91846,1.24101),(4.75135,19.91837,1.23165),(4.75457,19.91786,1.22284),(4.75993,19.91696,1.21517),(4.76706,19.91574,1.20917),(4.77547,19.91428,1.20525),(4.7846,19.91268,1.20367),(4.79381,19.91105,1.20454),(4.81979,19.90632,1.22901),(4.81594,19.90705,1.22047),(4.81003,19.90814,1.21324),(4.80249,19.9095,1.2078),(4.88731,20.28924,1.23242),(4.88886,20.28894,1.24169),(4.888,20.28905,1.25104),(4.88478,20.28959,1.25986),(4.87942,20.29051,1.26752),(4.87229,20.29174,1.27352),(4.86388,20.29321,1.27745),(4.85476,20.29482,1.27903),(4.84554,20.29644,1.27816),(4.88345,20.28995,1.22388),(4.87755,20.29102,1.21665),(4.87,20.29237,1.21121),(4.86132,20.29391,1.20795),(4.85211,20.29554,1.20708),(4.84298,20.29714,1.20866),(4.83457,20.29861,1.21258),(4.82744,20.29985,1.21858),(4.82209,20.30076,1.22625),(4.81887,20.3013,1.23506),(4.818,20.30142,1.24442),(4.81955,20.30111,1.25368),(4.82341,20.3004,1.26222),(4.82932,20.29933,1.26946),(4.83687,20.29798,1.27489),(4.94784,20.62343,1.24109),(4.94699,20.62364,1.25045),(4.94379,20.62425,1.25926),(4.93844,20.62524,1.26693),(4.93133,20.62653,1.27293),(4.92292,20.62803,1.27685),(4.9138,20.62965,1.27843),(4.90458,20.63127,1.27756),(4.8959,20.63278,1.2743),(4.88834,20.63409,1.26886),(4.88243,20.63509,1.26163),(4.87855,20.63572,1.25309),(4.87699,20.63594,1.24383),(4.87784,20.63574,1.23447),(4.88104,20.63512,1.22566),(4.88639,20.63414,1.21799),(4.89351,20.63285,1.21199),(4.90191,20.63134,1.20807),(4.91103,20.62973,1.20649),(4.92025,20.62811,1.20736),(4.94628,20.62366,1.23183),(4.9424,20.62429,1.22329),(4.93649,20.62529,1.21606),(4.92893,20.62659,1.21062),(5.44043,23.42615,1.20459),(5.44202,23.42603,1.21386),(5.44118,23.42634,1.22321),(5.438,23.42705,1.23202),(5.43267,23.42812,1.23969),(5.42556,23.42948,1.24569),(5.41716,23.43102,1.24961),(5.40804,23.43266,1.25119),(5.39883,23.43427,1.25032),(5.43654,23.4267,1.19605),(5.43061,23.42762,1.18882),(5.42305,23.42886,1.18339),(5.41436,23.43034,1.18013),(5.40514,23.43195,1.17925),(5.39602,23.43358,1.18083),(5.38762,23.43513,1.18476),(5.38052,23.43648,1.19076),(5.37519,23.43755,1.19842),(5.372,23.43827,1.20724),(5.37117,23.43857,1.21659),(5.37275,23.43845,1.22585),(5.37664,23.43791,1.23439),(5.38257,23.43699,1.24163),(5.39014,23.43575,1.24706),(5.50828,23.81076,1.19534),(5.50982,23.81055,1.2045),(5.5091,23.81073,1.21325),(5.5045,23.81137,1.18689),(5.49871,23.81235,1.17969),(5.4913,23.81362,1.17424),(5.48277,23.8151,1.17089),(5.47368,23.8167,1.16987),(5.46463,23.8183,1.17124),(5.45624,23.8198,1.17492),(5.44906,23.82111,1.18065),(5.44356,23.82213,1.18806),(5.44011,23.82279,1.19666),(5.43894,23.82306,1.20587),(5.44,23.82293,1.21459),(5.44311,23.82243,1.22279),(5.44809,23.8216,1.22998),(5.45463,23.82048,1.23574),(5.46234,23.81915,1.23972),(5.47077,23.81768,1.24168),(5.47942,23.81615,1.24151),(5.48777,23.81466,1.23922),(5.49532,23.8133,1.23495),(5.50163,23.81215,1.22895),(5.50631,23.81128,1.22157),(5.54106,24.40207,1.2138),(5.54193,24.40198,1.20444),(5.54515,24.40147,1.19563),(5.55051,24.40057,1.18796),(5.55764,24.39935,1.18196),(5.56606,24.39789,1.17804),(5.57518,24.39629,1.17646),(5.58439,24.39466,1.17733),(5.59307,24.39311,1.18059),(5.60062,24.39175,1.18603),(5.60652,24.39066,1.19326),(5.61037,24.38993,1.2018),(5.61192,24.3896,1.21106),(5.61105,24.38969,1.22042),(5.60782,24.3902,1.22923),(5.60247,24.3911,1.2369),(5.59534,24.39232,1.2429),(5.58692,24.39378,1.24682),(5.5778,24.39538,1.2484),(5.56858,24.39701,1.24753),(5.55991,24.39856,1.24427),(5.55236,24.39992,1.23883),(5.54646,24.40101,1.2316),(5.54261,24.40174,1.22306),(5.78497,25.37102,1.21237),(5.78411,25.37119,1.22173),(5.7809,25.37176,1.23054),(5.77555,25.37272,1.23821),(5.76843,25.37398,1.24421),(5.76002,25.37547,1.24813),(5.7509,25.37708,1.24971),(5.74168,25.3787,1.24884),(5.733,25.38023,1.24558),(5.72545,25.38155,1.24014),(5.71954,25.38259,1.23291),(5.71567,25.38326,1.22437),(5.71412,25.38352,1.21511),(5.71497,25.38336,1.20575),(5.71818,25.38278,1.19694),(5.72353,25.38183,1.18927),(5.73066,25.38057,1.18327),(5.73906,25.37908,1.17934),(5.74819,25.37747,1.17777),(5.7574,25.37584,1.17864),(5.78341,25.37129,1.20311),(5.77955,25.37196,1.19457),(5.77364,25.37299,1.18733),(5.76608,25.37432,1.1819),(5.83736,25.66816,1.21125),(5.83651,25.66834,1.2206),(5.8333,25.66894,1.22942),(5.82796,25.66992,1.23708),(5.82084,25.67119,1.24308),(5.81243,25.67269,1.24701),(5.80331,25.67431,1.24859),(5.79409,25.67593,1.24771),(5.78541,25.67745,1.24445),(5.77785,25.67876,1.23902),(5.77194,25.67977,1.23178),(5.76807,25.68042,1.22324),(5.76651,25.68066,1.21398),(5.76736,25.68048,1.20462),(5.77057,25.67988,1.19581),(5.77592,25.67891,1.18814),(5.78304,25.67763,1.18214),(5.79144,25.67613,1.17822),(5.80057,25.67452,1.17664),(5.80978,25.67289,1.17751),(5.8358,25.6684,1.20198),(5.83193,25.66905,1.19344),(5.82602,25.67006,1.18621),(5.81846,25.67138,1.18077),(5.87455,25.88795,1.20126),(5.87609,25.8878,1.21041),(5.87538,25.88804,1.21916),(5.87075,25.8885,1.1928),(5.86495,25.88943,1.18561),(5.85754,25.89066,1.18016),(5.849,25.89212,1.17681),(5.83991,25.89371,1.17579),(5.83087,25.89532,1.17716),(5.82248,25.89685,1.18084),(5.8153,25.89819,1.18657),(5.80981,25.89926,1.19398),(5.80637,25.89999,1.20257),(5.80521,25.90032,1.21178),(5.80629,25.90025,1.2205),(5.80941,25.89981,1.2287),(5.81439,25.89903,1.23589),(5.82094,25.89795,1.24164),(5.82866,25.89665,1.24562),(5.8371,25.89518,1.24759),(5.84574,25.89366,1.24742),(5.85409,25.89216,1.24513),(5.86164,25.89077,1.24086),(5.86793,25.88957,1.23485),(5.87261,25.88865,1.22748),(5.89482,26.40833,1.20117),(5.89563,26.40795,1.19181),(5.89881,26.40717,1.183),(5.90413,26.40603,1.17534),(5.91123,26.40463,1.16934),(5.91962,26.40305,1.16541),(5.92874,26.40141,1.16384),(5.93795,26.3998,1.16471),(5.94665,26.39835,1.16797),(5.95422,26.39715,1.1734),(5.96016,26.39629,1.18063),(5.96406,26.39582,1.18917),(5.96566,26.39577,1.19843),(5.96484,26.39615,1.20779),(5.96167,26.39693,1.2166),(5.95635,26.39806,1.22426),(5.94925,26.39947,1.23026),(5.94086,26.40104,1.23418),(5.93174,26.40269,1.23576),(5.92252,26.4043,1.23489),(5.91383,26.40575,1.23163),(5.90625,26.40694,1.22619),(5.90031,26.40781,1.21896),(5.89641,26.40828,1.21043),(6.34893,28.56937,1.13991),(6.34811,28.56975,1.14926),(6.34493,28.57053,1.15807),(6.33961,28.57165,1.16574),(6.33251,28.57305,1.17174),(6.32412,28.57463,1.17566),(6.315,28.57628,1.17724),(6.30578,28.57788,1.17637),(6.29709,28.57933,1.1731),(6.28952,28.58054,1.16767),(6.28358,28.5814,1.16044),(6.27968,28.58188,1.1519),(6.27808,28.58193,1.14264),(6.2789,28.58156,1.13329),(6.28208,28.58078,1.12448),(6.2874,28.57965,1.11681),(6.29449,28.57825,1.11081),(6.30289,28.57668,1.10689),(6.312,28.57503,1.10531),(6.32122,28.57343,1.10618),(6.34733,28.56943,1.13065),(6.34343,28.5699,1.12211),(6.33749,28.57077,1.11488),(6.32992,28.57198,1.10944),(6.39297,28.81918,1.13431),(6.39215,28.81951,1.14366),(6.38896,28.82025,1.15247),(6.38364,28.82134,1.16014),(6.37653,28.82271,1.16614),(6.36814,28.82426,1.17006),(6.35902,28.8259,1.17164),(6.3498,28.82751,1.17077),(6.34111,28.82898,1.16751),(6.33354,28.83021,1.16207),(6.32761,28.83111,1.15484),(6.32371,28.83163,1.1463),(6.32213,28.83173,1.13704),(6.32295,28.8314,1.12769),(6.32614,28.83066,1.11887),(6.33146,28.82958,1.11121),(6.33857,28.8282,1.10521),(6.34696,28.82665,1.10129),(6.35608,28.82501,1.09971),(6.3653,28.8234,1.10058),(6.39139,28.81928,1.12504),(6.38749,28.8198,1.11651),(6.38156,28.8207,1.10927),(6.37399,28.82193,1.10384),(6.64305,30.24653,1.10103),(6.64464,30.24643,1.11029),(6.64381,30.24676,1.11965),(6.64062,30.2475,1.12846),(6.6353,30.24859,1.13613),(6.6282,30.24996,1.14212),(6.6198,30.25152,1.14605),(6.61068,30.25315,1.14763),(6.60146,30.25476,1.14676),(6.63916,30.24705,1.09249),(6.63322,30.24795,1.08526),(6.62565,30.24918,1.07983),(6.61696,30.25065,1.07656),(6.60774,30.25226,1.07569),(6.59863,30.2539,1.07727),(6.59023,30.25545,1.08119),(6.58313,30.25682,1.08719),(6.5778,30.25791,1.09486),(6.57462,30.25865,1.10367),(6.57379,30.25898,1.11303),(6.57538,30.25888,1.12229),(6.57927,30.25836,1.13083),(6.5852,30.25746,1.13806),(6.59277,30.25623,1.14349),(6.77628,31.00191,1.08414),(6.77782,31.00174,1.0933),(6.77711,31.00196,1.10205),(6.77248,31.00248,1.07569),(6.76669,31.00342,1.06849),(6.75927,31.00467,1.06304),(6.75074,31.00613,1.05969),(6.74165,31.00772,1.05867),(6.73261,31.00933,1.06004),(6.72422,31.01086,1.06372),(6.71704,31.01219,1.06945),(6.71154,31.01324,1.07686),(6.7081,31.01394,1.08546),(6.70694,31.01425,1.09467),(6.70801,31.01416,1.10338),(6.71113,31.01371,1.11158),(6.71611,31.01291,1.11877),(6.72265,31.01182,1.12453),(6.73037,31.0105,1.12851),(6.73881,31.00904,1.13047),(6.74745,31.00751,1.13031),(6.7558,31.00602,1.12802),(6.76335,31.00464,1.12374),(6.76965,31.00346,1.11774),(6.77433,31.00255,1.11036),(6.72497,31.11634,1.09602),(6.72582,31.11617,1.08666),(6.72903,31.11558,1.07785),(6.73438,31.11461,1.07018),(6.7415,31.11334,1.06418),(6.74991,31.11185,1.06025),(6.75903,31.11024,1.05867),(6.76825,31.10862,1.05955),(6.77693,31.10709,1.06281),(6.78448,31.10578,1.06824),(6.79039,31.10475,1.07548),(6.79426,31.10409,1.08402),(6.79582,31.10384,1.09328),(6.79497,31.10402,1.10264),(6.79175,31.1046,1.11145),(6.78641,31.10557,1.11912),(6.77929,31.10684,1.12512),(6.77088,31.10833,1.12904),(6.76176,31.10994,1.13062),(6.75254,31.11157,1.12975),(6.74386,31.11309,1.12649),(6.73631,31.11441,1.12105),(6.73039,31.11543,1.11382),(6.72653,31.11609,1.10528),(6.90218,31.70959,1.08581),(6.90247,31.70956,1.0952),(6.90035,31.70992,1.10435),(6.89596,31.71063,1.11264),(6.88961,31.71165,1.11948),(6.88172,31.71291,1.12444),(6.87283,31.71432,1.12715),(6.86355,31.71579,1.12744),(6.85451,31.71721,1.1253),(6.84633,31.71849,1.12085),(6.83956,31.71955,1.11442),(6.83467,31.72031,1.10643),(6.83199,31.72072,1.09743),(6.83169,31.72074,1.08804),(6.83381,31.72039,1.07889),(6.8382,31.71968,1.07061),(6.84455,31.71866,1.06376),(6.85244,31.7174,1.05881),(6.86133,31.71599,1.05609),(6.87061,31.71452,1.0558),(6.87965,31.7131,1.05795),(6.88783,31.71181,1.06239),(6.8946,31.71075,1.06883),(6.89949,31.71,1.07681),(6.95961,32.29917,1.12653),(6.95043,32.30045,1.12811),(6.94117,32.30175,1.12724),(6.93244,32.30299,1.12397),(6.92485,32.30407,1.11854),(6.91891,32.30492,1.11131),(6.91503,32.30549,1.10277),(6.91347,32.30574,1.0935),(6.91433,32.30565,1.08415),(6.91757,32.30523,1.07533),(6.92295,32.3045,1.06766),(6.93012,32.30351,1.06166),(6.93858,32.30234,1.05774),(6.94775,32.30106,1.05616),(6.95702,32.29976,1.05703),(6.96575,32.29853,1.06029),(6.97334,32.29745,1.06573),(6.97928,32.29659,1.07296),(6.98316,32.29602,1.0815),(6.98472,32.29577,1.09076),(6.98385,32.29586,1.10012),(6.98062,32.29629,1.10893),(6.97523,32.29702,1.1166),(6.96807,32.298,1.1226),(7.02008,32.54827,1.09219),(7.01921,32.54829,1.10154),(7.01596,32.54865,1.11036),(7.01057,32.54932,1.11802),(7.0034,32.55025,1.12402),(6.99493,32.55139,1.12795),(6.98576,32.55266,1.12953),(6.97649,32.55397,1.12866),(6.96777,32.55523,1.12539),(6.96018,32.55635,1.11996),(6.95425,32.55726,1.11273),(6.95038,32.5579,1.10419),(6.94883,32.55822,1.09493),(6.9497,32.5582,1.08557),(6.95295,32.55785,1.07676),(6.95834,32.55718,1.06909),(6.96551,32.55624,1.06309),(6.97398,32.5551,1.05916),(6.98315,32.55383,1.05758),(6.99242,32.55253,1.05846),(7.01853,32.54859,1.08292),(7.01466,32.54923,1.07438),(7.00873,32.55014,1.06715),(7.00114,32.55127,1.06172),(7.05031,32.76624,1.09245),(7.05032,32.76612,1.10185),(7.0479,32.76626,1.11093),(7.04323,32.76665,1.11908),(7.03662,32.76725,1.12573),(7.02852,32.76804,1.13044),(7.01948,32.76894,1.13289),(7.01013,32.76991,1.1329),(7.00109,32.77088,1.13049),(6.99299,32.77177,1.1258),(6.98637,32.77254,1.11917),(6.98169,32.77312,1.11103),(6.97927,32.77348,1.10196),(6.97926,32.77359,1.09256),(6.98168,32.77345,1.08348),(6.98635,32.77307,1.07534),(6.99296,32.77246,1.06868),(7.00106,32.77168,1.06397),(7.0101,32.77078,1.06152),(7.01945,32.76981,1.06151),(7.02849,32.76884,1.06393),(7.03659,32.76795,1.06861),(7.04321,32.76718,1.07525),(7.04789,32.7666,1.08338),(7.08676,33.82535,1.14097),(7.07743,33.82582,1.13997),(7.06867,33.82628,1.13659),(7.06108,33.82669,1.13106),(7.05519,33.82701,1.12375),(7.05138,33.82723,1.11516),(7.04993,33.82734,1.10587),(7.05092,33.82732,1.09653),(7.0543,33.82718,1.08776),(7.05983,33.82692,1.08016),(7.06713,33.82657,1.07426),(7.07571,33.82615,1.07045),(7.08498,33.82568,1.06899),(7.09432,33.8252,1.06998),(7.10308,33.82474,1.07336),(7.11066,33.82434,1.0789),(7.11656,33.82402,1.08621),(7.12037,33.82379,1.0948),(7.12182,33.82369,1.10408),(7.12083,33.82371,1.11343),(7.11745,33.82385,1.1222),(7.11192,33.8241,1.12979),(7.10462,33.82446,1.1357),(7.09603,33.82488,1.13951),(7.09166,34.22659,1.13984),(7.08285,34.22689,1.13657),(7.0752,34.22716,1.13113),(7.06921,34.22739,1.12389),(7.06529,34.22755,1.11535),(7.06372,34.22764,1.10608),(7.06461,34.22765,1.09672),(7.06788,34.22758,1.08791),(7.07332,34.22744,1.08025),(7.08055,34.22723,1.07426),(7.08909,34.22697,1.07034),(7.09835,34.22667,1.06877),(7.1077,34.22637,1.06965),(7.11651,34.22606,1.07292),(7.12417,34.22579,1.07836),(7.13016,34.22557,1.0856),(7.13407,34.2254,1.09414),(7.13564,34.22531,1.10341),(7.13476,34.2253,1.11277),(7.13149,34.22537,1.12158),(7.12605,34.22551,1.12924),(7.11881,34.22572,1.13523),(7.11027,34.22598,1.13915),(7.10101,34.22628,1.14072),(7.14662,34.61673,1.09963),(7.14768,34.61659,1.10897),(7.14629,34.61657,1.11826),(7.14254,34.61666,1.12688),(7.13669,34.61686,1.13424),(7.12915,34.61715,1.13983),(7.12041,34.61752,1.14327),(7.11108,34.61795,1.14434),(7.10179,34.61839,1.14295),(7.09319,34.61882,1.1392),(7.08584,34.61922,1.13335),(7.08026,34.61954,1.1258),(7.07682,34.61979,1.11706),(7.07576,34.61992,1.10772),(7.07715,34.61995,1.09843),(7.0809,34.61986,1.08981),(7.08674,34.61966,1.08245),(7.09429,34.61936,1.07686),(7.10303,34.61899,1.07342),(7.11236,34.61857,1.07235),(7.12164,34.61813,1.07374),(7.13025,34.61769,1.07749),(7.1376,34.6173,1.08334),(7.14318,34.61697,1.09089),(7.14618,35.09485,1.14863),(7.13742,35.09539,1.1488),(7.12888,35.09589,1.14683),(7.12106,35.09632,1.14285),(7.11444,35.09665,1.13709),(7.1094,35.09686,1.1299),(7.10625,35.09695,1.1217),(7.10518,35.0969,1.11298),(7.15465,35.0943,1.14635),(7.1623,35.09377,1.14208),(7.1687,35.09329,1.13608),(7.17345,35.0929,1.1287),(7.17628,35.09261,1.12039),(7.17701,35.09245,1.11164),(7.17547,35.09242,1.10248),(7.17163,35.09254,1.09402),(7.16577,35.09281,1.08682),(7.15827,35.0932,1.08136),(7.14962,35.09368,1.07801),(7.14041,35.09424,1.07698),(7.13124,35.09482,1.07835),(7.12273,35.0954,1.08203),(7.11544,35.09592,1.08776),(7.10986,35.09637,1.09518),(7.10636,35.0967,1.10377),(7.11091,35.17365,1.11857),(7.10991,35.17342,1.10923),(7.11135,35.17294,1.09996),(7.11514,35.17225,1.09138),(7.12101,35.1714,1.08409),(7.12857,35.17044,1.07858),(7.1373,35.16944,1.07523),(7.14661,35.16846,1.07426),(7.15585,35.16758,1.07575),(7.16441,35.16685,1.07958),(7.17169,35.16633,1.0855),(7.17721,35.16605,1.09311),(7.18058,35.16602,1.10188),(7.18158,35.16625,1.11122),(7.18013,35.16673,1.1205),(7.17634,35.16742,1.12907),(7.17047,35.16827,1.13636),(7.16291,35.16923,1.14187),(7.15418,35.17023,1.14522),(7.14488,35.17121,1.14619),(7.13563,35.17209,1.14471),(7.12708,35.17282,1.14087),(7.11979,35.17334,1.13495),(7.11428,35.17362,1.12734),(7.2626,36.00563,1.11716),(7.25345,36.00731,1.11576),(7.24496,36.00879,1.112),(7.23769,36.00996,1.10614),(7.23216,36.01075,1.09859),(7.22873,36.0111,1.08984),(7.22763,36.01099,1.08051),(7.22895,36.01042,1.07122),(7.2326,36.00944,1.06261),(7.23832,36.00811,1.05527),(7.24572,36.00652,1.04969),(7.25431,36.00478,1.04626),(7.26349,36.003,1.04521),(7.27264,36.00132,1.04661),(7.28113,35.99985,1.05037),(7.2884,35.99867,1.05623),(7.29393,35.99789,1.06379),(7.29736,35.99754,1.07253),(7.29846,35.99765,1.08187),(7.29714,35.99822,1.09115),(7.29349,35.9992,1.09976),(7.28777,36.00053,1.1071),(7.28037,36.00212,1.11268),(7.27178,36.00386,1.11611),(7.39981,36.5569,1.09826),(7.39129,36.55894,1.0984),(7.38297,36.56088,1.09641),(7.37536,36.56261,1.09243),(7.36891,36.56403,1.08667),(7.36399,36.56505,1.07949),(7.36089,36.56562,1.0713),(7.35982,36.56569,1.06261),(7.40804,36.5549,1.09601),(7.41549,36.55303,1.09178),(7.42171,36.55143,1.08582),(7.42634,36.55017,1.07848),(7.4291,36.54934,1.0702),(7.42983,36.54898,1.06147),(7.42834,36.54915,1.05229),(7.4246,36.54986,1.0438),(7.41888,36.55107,1.03656),(7.41156,36.5527,1.03106),(7.40311,36.55464,1.02767),(7.39411,36.55676,1.02661),(7.38517,36.55892,1.02796),(7.37686,36.56098,1.03162),(7.36976,36.56279,1.03735),(7.36433,36.56424,1.04477),(7.36094,36.56523,1.05338),(7.42367,36.83354,1.06161),(7.42452,36.8332,1.05226),(7.42768,36.8322,1.04346),(7.43292,36.83061,1.03582),(7.43989,36.82854,1.02986),(7.44812,36.82613,1.02597),(7.45703,36.82354,1.02444),(7.46603,36.82095,1.02536),(7.4745,36.81854,1.02866),(7.48186,36.81646,1.03413),(7.48762,36.81487,1.04139),(7.49137,36.81388,1.04995),(7.49287,36.81353,1.05922),(7.49202,36.81388,1.06858),(7.48886,36.81487,1.07737),(7.48362,36.81646,1.08501),(7.47665,36.81854,1.09098),(7.46843,36.82095,1.09486),(7.45951,36.82354,1.0964),(7.45051,36.82613,1.09548),(7.44204,36.82854,1.09217),(7.43468,36.83061,1.0867),(7.42892,36.8322,1.07944),(7.42517,36.8332,1.07088),(7.60176,37.2296,1.09129),(7.59347,37.23243,1.09143),(7.58537,37.23513,1.08944),(7.57796,37.23755,1.08545),(7.57166,37.23955,1.0797),(7.56685,37.241,1.07252),(7.56381,37.24181,1.06433),(7.56273,37.24195,1.05564),(7.5638,37.24135,1.04641),(7.56707,37.24001,1.0378),(7.57233,37.23802,1.03038),(7.57922,37.23552,1.02465),(7.58729,37.23268,1.02099),(7.596,37.22968,1.01965),(7.60476,37.22672,1.02071),(7.61299,37.22401,1.02411),(7.62014,37.22172,1.02961),(7.62573,37.22001,1.03686),(7.62939,37.21898,1.04535),(7.63086,37.21872,1.05454),(7.63018,37.21919,1.06326),(7.60976,37.22682,1.08905),(7.61699,37.22424,1.08482),(7.62303,37.22203,1.07887),(7.62751,37.22031,1.07154),(7.68647,37.60411,1.04608),(7.68626,37.60394,1.03668),(7.68833,37.60291,1.02757),(7.69254,37.60109,1.01937),(7.6986,37.59861,1.01263),(7.70611,37.59563,1.00782),(7.71454,37.59236,1.00526),(7.72333,37.58902,1.00512),(7.73187,37.58583,1.00743),(7.73959,37.58302,1.01201),(7.74596,37.58078,1.01856),(7.75054,37.57926,1.02662),(7.75302,37.57856,1.03566),(7.75323,37.57872,1.04506),(7.75116,37.57975,1.05417),(7.74695,37.58157,1.06237),(7.74089,37.58405,1.06911),(7.73338,37.58703,1.07392),(7.72495,37.5903,1.07649),(7.71616,37.59365,1.07662),(7.70761,37.59683,1.07432),(7.6999,37.59964,1.06974),(7.69353,37.60188,1.06319),(7.68895,37.6034,1.05512),(7.75904,37.70293,1.07487),(7.75086,37.70645,1.07186),(7.74367,37.70953,1.06664),(7.73796,37.71195,1.05958),(7.73411,37.71354,1.05116),(7.73239,37.7142,1.04194),(7.73292,37.71388,1.03256),(7.73565,37.71261,1.02366),(7.74041,37.71047,1.01585),(7.74686,37.70761,1.00964),(7.75458,37.70421,1.00548),(7.76302,37.70052,1.00364),(7.77163,37.69679,1.00425),(7.7798,37.69326,1.00726),(7.78699,37.69019,1.01248),(7.7927,37.68777,1.01954),(7.79655,37.68618,1.02797),(7.79827,37.68552,1.03718),(7.79774,37.68583,1.04656),(7.79501,37.68711,1.05546),(7.79025,37.68925,1.06328),(7.7838,37.69211,1.06948),(7.77609,37.69551,1.07364),(7.76764,37.69919,1.07548),(7.8188,37.81627,1.07475),(7.81027,37.8201,1.07379),(7.80225,37.82368,1.07045),(7.79529,37.82678,1.06494),(7.78987,37.82918,1.05765),(7.78635,37.83072,1.04907),(7.78497,37.83129,1.0398),(7.78582,37.83085,1.03045),(7.78886,37.82944,1.02167),(7.79386,37.82715,1.01405),(7.8005,37.82413,1.00812),(7.80831,37.8206,1.00427),(7.81677,37.81679,1.00278),(7.8253,37.81296,1.00374),(7.83332,37.80937,1.00709),(7.84028,37.80627,1.01259),(7.8457,37.80387,1.01988),(7.84922,37.80234,1.02846),(7.8506,37.80177,1.03774),(7.84975,37.8022,1.04709),(7.84671,37.80361,1.05587),(7.84171,37.80591,1.06348),(7.83507,37.80892,1.06942),(7.82726,37.81246,1.07326),(8.06015,38.27148,1.02655),(8.06152,38.27089,1.03582),(8.06066,38.27131,1.04517),(8.05762,38.27271,1.05395),(8.05261,38.27499,1.06157),(8.04597,38.278,1.0675),(8.03815,38.28152,1.07135),(8.02969,38.28533,1.07284),(8.02116,38.28916,1.07188),(8.05664,38.27303,1.01797),(8.05122,38.27544,1.01068),(8.04426,38.27855,1.00517),(8.03625,38.28214,1.00183),(8.02772,38.28597,1.00087),(8.01926,38.28978,1.00236),(8.01144,38.29331,1.0062),(8.0048,38.29632,1.01214),(7.99979,38.29859,1.01975),(7.99675,38.29999,1.02853),(7.99589,38.30041,1.03788),(7.99726,38.29983,1.04716),(8.00078,38.29827,1.05574),(8.00619,38.29586,1.06303),(8.01315,38.29276,1.06853),(8.10617,38.37304,1.02744),(8.10723,38.37252,1.03677),(8.1061,38.37312,1.04608),(8.10286,38.37479,1.05474),(8.09772,38.37742,1.06217),(8.09104,38.38082,1.06784),(8.08328,38.38477,1.07139),(8.07495,38.389,1.07257),(8.06664,38.39321,1.07129),(8.0589,38.39713,1.06765),(8.05227,38.40048,1.06188),(8.04719,38.40304,1.0544),(8.04402,38.40463,1.04569),(8.04296,38.40514,1.03637),(8.04409,38.40455,1.02706),(8.04733,38.40288,1.0184),(8.05247,38.40025,1.01097),(8.05915,38.39685,1.00529),(8.06691,38.3929,1.00174),(8.07524,38.38867,1.00057),(8.08355,38.38446,1.00185),(8.09129,38.38054,1.00549),(8.09792,38.37719,1.01125),(8.103,38.37463,1.01874),(8.3927,38.94559,1.07128),(8.38457,38.95021,1.07032),(8.37694,38.95456,1.06697),(8.37033,38.95835,1.06146),(8.36519,38.9613,1.05417),(8.36187,38.96323,1.04559),(8.36059,38.964,1.03631),(8.36145,38.96356,1.02696),(8.36438,38.96194,1.01818),(8.36918,38.95925,1.01057),(8.37553,38.95567,1.00464),(8.383,38.95144,1.0008),(8.39107,38.94686,0.99931),(8.39919,38.94224,1.00027),(8.40682,38.93789,1.00362),(8.41343,38.93411,1.00912),(8.41857,38.93115,1.01641),(8.42189,38.92922,1.02499),(8.42317,38.92845,1.03427),(8.42231,38.92889,1.04362),(8.41938,38.93051,1.0524),(8.41458,38.93321,1.06001),(8.40823,38.93679,1.06595),(8.40077,38.94101,1.06979),(8.52156,39.10184,1.0341),(8.52121,39.10199,1.04349),(8.51882,39.10344,1.05246),(8.51455,39.10608,1.06041),(8.50869,39.10974,1.06679),(8.50163,39.11417,1.07116),(8.49387,39.11907,1.07323),(8.48593,39.1241,1.07286),(8.47834,39.12891,1.07007),(8.47164,39.13319,1.06505),(8.46626,39.13664,1.05815),(8.46259,39.13902,1.04983),(8.46087,39.14017,1.04066),(8.46122,39.14002,1.03127),(8.46361,39.13857,1.0223),(8.46788,39.13593,1.01435),(8.47374,39.13227,1.00798),(8.4808,39.12784,1.0036),(8.48856,39.12294,1.00153),(8.4965,39.11792,1.0019),(8.50409,39.1131,1.00469),(8.51079,39.10882,1.00971),(8.51617,39.10537,1.01661),(8.51984,39.10299,1.02493),(8.7573,39.48283,1.07267),(8.7497,39.48816,1.07416),(8.74204,39.49352,1.07321),(8.73484,39.49855,1.06986),(8.7286,39.50291,1.06436),(8.72373,39.5063,1.05707),(8.72056,39.50849,1.0485),(8.71933,39.50933,1.03922),(8.7201,39.50877,1.02987),(8.72282,39.50683,1.02109),(8.72732,39.50366,1.01347),(8.73328,39.49946,1.00754),(8.7403,39.49454,1.00369),(8.74789,39.48921,1.00219),(8.75555,39.48385,1.00315),(8.76275,39.47881,1.00649),(8.769,39.47445,1.012),(8.77387,39.47106,1.01928),(8.77703,39.46887,1.02786),(8.77827,39.46803,1.03714),(8.7775,39.4686,1.04649),(8.77477,39.47054,1.05527),(8.77027,39.47371,1.06289),(8.76431,39.4779,1.06882),(8.96571,39.73821,1.02568),(8.96702,39.73746,1.03496),(8.96631,39.73812,1.0443),(8.96365,39.74015,1.05309),(8.95921,39.7434,1.0607),(8.95329,39.74765,1.06664),(8.9463,39.75262,1.07048),(8.93871,39.75796,1.07198),(8.93105,39.76331,1.07102),(8.96249,39.74031,1.0171),(8.95757,39.74363,1.00982),(8.95128,39.74793,1.00431),(8.94406,39.75293,1.00097),(8.93639,39.75828,1.00001),(8.92881,39.76362,1.00151),(8.92182,39.76859,1.00536),(8.9159,39.77284,1.01129),(8.91146,39.77609,1.01891),(8.90879,39.77812,1.02769),(8.90809,39.77878,1.03704),(8.90939,39.77803,1.04632),(8.91262,39.77593,1.05489),(8.91754,39.77261,1.06218),(8.92382,39.76831,1.06768),(9.00259,39.78873,1.02995),(9.0028,39.78906,1.03934),(9.00108,39.79088,1.0484),(8.99754,39.79405,1.05652),(8.99242,39.79836,1.06314),(8.98608,39.80351,1.06781),(8.97895,39.80915,1.07021),(8.97151,39.81491,1.07018),(8.96426,39.82038,1.06772),(8.95771,39.82519,1.063),(8.95229,39.82902,1.05634),(8.94839,39.83161,1.04819),(8.94626,39.83277,1.03911),(8.94605,39.83243,1.02972),(8.94777,39.83062,1.02065),(8.95131,39.82745,1.01254),(8.95642,39.82314,1.00592),(8.96276,39.81799,1.00125),(8.96989,39.81234,0.99885),(8.97734,39.80659,0.99888),(8.98458,39.80112,1.00134),(8.99114,39.7963,1.00606),(8.99655,39.79247,1.01272),(9.00045,39.78989,1.02087),(9.53627,40.43974,1.01265),(9.53028,40.44571,1.01677),(9.52362,40.45211,1.01856),(9.51674,40.45849,1.01791),(9.51011,40.46443,1.01486),(9.50418,40.46951,1.00962),(9.49936,40.4734,1.00255),(9.49598,40.47583,0.99412),(9.49426,40.47662,0.98492),(9.49432,40.47574,0.97556),(9.49616,40.47323,0.96669),(9.49966,40.46927,0.95892),(9.50457,40.46413,0.95276),(9.51056,40.45816,0.94864),(9.51722,40.45176,0.94685),(9.5241,40.44537,0.9475),(9.53073,40.43944,0.95054),(9.53666,40.43435,0.95578),(9.54148,40.43046,0.96286),(9.54486,40.42804,0.97128),(9.54658,40.42724,0.98049),(9.54652,40.42813,0.98984),(9.54468,40.43064,0.99871),(9.54118,40.4346,1.00649),(9.69047,40.61063,1.00281),(9.68439,40.61689,1.00289),(9.67843,40.62295,1.00087),(9.67295,40.62845,0.99686),(9.66828,40.63306,0.9911),(9.66468,40.63651,0.98393),(9.66237,40.6386,0.97577),(9.66148,40.63921,0.9671),(9.66216,40.63819,0.95783),(9.66448,40.63549,0.94918),(9.6683,40.63131,0.94175),(9.67334,40.62592,0.93601),(9.67927,40.61968,0.93238),(9.6857,40.61303,0.93108),(9.69218,40.6064,0.9322),(9.69829,40.60024,0.93568),(9.7036,40.59496,0.94127),(9.70777,40.59093,0.9486),(9.71051,40.58841,0.95717),(9.71164,40.58757,0.96642),(9.71117,40.58836,0.97511),(9.70925,40.59063,0.98332),(9.706,40.59423,0.99059),(9.69632,40.60453,1.00063),(9.7016,40.59896,0.99647),(10.10077,41.06532,0.98485),(10.10061,41.06582,0.97547),(10.10207,41.06448,0.96628),(10.10505,41.06139,0.95792),(10.10934,41.05677,0.95095),(10.11466,41.05093,0.94584),(10.12064,41.04426,0.94296),(10.12687,41.03723,0.94248),(10.13293,41.03031,0.94445),(10.13841,41.02397,0.94873),(10.14293,41.01865,0.95503),(10.14618,41.0147,0.96292),(10.14795,41.0124,0.97186),(10.14811,41.01191,0.98124),(10.14665,41.01325,0.99043),(10.14367,41.01633,0.9988),(10.13938,41.02096,1.00577),(10.13406,41.0268,1.01087),(10.12808,41.03346,1.01376),(10.12185,41.04049,1.01423),(10.11579,41.04742,1.01226),(10.11031,41.05375,1.00798),(10.1058,41.05908,1.00168),(10.10254,41.06302,0.99379),(10.68621,41.4893,1.0331),(10.68038,41.4966,1.03207),(10.67499,41.5035,1.02866),(10.67039,41.50952,1.0231),(10.6669,41.51425,1.01577),(10.66476,41.51738,1.00717),(10.66412,41.51869,0.99788),(10.66501,41.51808,0.98855),(10.66738,41.5156,0.9798),(10.67106,41.51143,0.97223),(10.67581,41.50583,0.96635),(10.6813,41.4992,0.96258),(10.68715,41.49199,0.96116),(10.69297,41.48469,0.96219),(10.69837,41.47779,0.9656),(10.70297,41.47177,0.97116),(10.70646,41.46703,0.97849),(10.7086,41.46391,0.98709),(10.70924,41.4626,0.99637),(10.70835,41.46321,1.00571),(10.70598,41.46568,1.01446),(10.7023,41.46986,1.02203),(10.69755,41.47545,1.0279),(10.69206,41.48208,1.03168),(10.80383,41.53968,0.99439),(10.80402,41.53878,1.00374),(10.80272,41.53983,1.01299),(10.80001,41.54276,1.0215),(10.7961,41.54736,1.0287),(10.79123,41.55333,1.03409),(10.78574,41.56025,1.03731),(10.78001,41.56765,1.03813),(10.77442,41.57504,1.03651),(10.76937,41.5819,1.03254),(10.76518,41.58777,1.02651),(10.76215,41.59225,1.01882),(10.76049,41.59503,1.01),(10.7603,41.59592,1.00065),(10.7616,41.59487,0.9914),(10.7643,41.59195,0.98289),(10.76822,41.58734,0.97569),(10.77309,41.58138,0.9703),(10.77857,41.57446,0.96708),(10.78431,41.56705,0.96626),(10.78989,41.55967,0.96788),(10.79495,41.55281,0.97185),(10.79913,41.54694,0.97788),(10.80216,41.54246,0.98557),(10.82904,41.60072,1.04071),(10.82359,41.60832,1.0397),(10.81857,41.6155,1.03631),(10.8143,41.62178,1.03076),(10.81109,41.62672,1.02345),(10.80914,41.63,1.01486),(10.8086,41.63139,1.00558),(10.8095,41.63079,0.99624),(10.81177,41.62825,0.98749),(10.81527,41.62393,0.97991),(10.81975,41.61813,0.97402),(10.82491,41.61126,0.97023),(10.8304,41.60377,0.96878),(10.83584,41.59617,0.96979),(10.84087,41.58899,0.97319),(10.84513,41.58271,0.97873),(10.84835,41.57777,0.98604),(10.85029,41.57449,0.99463),(10.85084,41.5731,1.00391),(10.84994,41.5737,1.01325),(10.84767,41.57625,1.02201),(10.84417,41.58056,1.02959),(10.83969,41.58636,1.03547),(10.83453,41.59323,1.03927),(11.60796,42.11326,1.03435),(11.60764,42.11298,1.04374),(11.60578,42.11459,1.05281),(11.60252,42.118,1.06095),(11.59808,42.12296,1.0676),(11.59276,42.12914,1.07231),(11.58693,42.13611,1.07476),(11.58097,42.14341,1.07477),(11.5753,42.15053,1.07236),(11.57031,42.15699,1.06768),(11.56633,42.16234,1.06105),(11.56363,42.16624,1.05293),(11.5624,42.1684,1.04387),(11.56273,42.16868,1.03448),(11.56459,42.16706,1.02541),(11.56785,42.16366,1.01727),(11.57229,42.1587,1.01062),(11.57761,42.15252,1.00591),(11.58344,42.14554,1.00346),(11.5894,42.13825,1.00344),(11.59507,42.13113,1.00586),(11.60006,42.12467,1.01054),(11.60404,42.11931,1.01716),(11.60674,42.11542,1.02528),(12.23327,42.73119,1.12157),(12.22667,42.73777,1.12284),(12.22023,42.74451,1.12165),(12.2144,42.75097,1.11811),(12.20956,42.75671,1.11244),(12.20606,42.76132,1.10504),(12.20413,42.7645,1.09641),(12.20389,42.76603,1.08713),(12.20538,42.76581,1.07784),(12.20848,42.76385,1.06918),(12.21298,42.76028,1.06172),(12.21858,42.75535,1.05599),(12.22489,42.7494,1.05237),(12.2315,42.74283,1.05111),(12.23793,42.73608,1.05229),(12.24377,42.72962,1.05584),(12.2486,42.72389,1.0615),(12.2521,42.71927,1.06891),(12.25403,42.71609,1.07754),(12.25427,42.71456,1.08682),(12.25278,42.71478,1.0961),(12.24969,42.71674,1.10477),(12.24518,42.72031,1.11222),(12.23958,42.72524,1.11795),(12.57864,43.05035,1.16385),(12.57453,43.05193,1.17217),(12.56907,43.05508,1.17916),(12.56264,43.05959,1.18435),(12.55568,43.06514,1.18739),(12.54865,43.07136,1.18806),(12.54205,43.07783,1.18633),(12.53632,43.08409,1.1823),(12.53185,43.08974,1.17626),(12.52894,43.09437,1.16862),(12.5278,43.09768,1.15989),(12.5285,43.09944,1.15067),(12.53099,43.09953,1.1416),(12.5351,43.09795,1.13328),(12.54056,43.09479,1.12629),(12.54699,43.09029,1.1211),(12.55395,43.08473,1.11806),(12.56097,43.07851,1.11739),(12.56758,43.07205,1.11912),(12.57331,43.06578,1.12315),(12.57778,43.06014,1.12919),(12.58069,43.05551,1.13683),(12.58183,43.0522,1.14556),(12.58113,43.05044,1.15478),(12.77803,43.28921,1.24649),(12.77252,43.29157,1.25373),(12.76596,43.29537,1.25929),(12.7588,43.30034,1.26278),(12.75151,43.30616,1.26397),(12.7446,43.31242,1.26278),(12.73854,43.3187,1.25929),(12.73374,43.32456,1.25373),(12.73053,43.32962,1.24649),(12.72913,43.33352,1.23805),(12.72963,43.336,1.229),(12.732,43.33689,1.21995),(12.73607,43.33613,1.21151),(12.74158,43.33377,1.20427),(12.74814,43.32997,1.19871),(12.7553,43.325,1.19522),(12.76259,43.31918,1.19403),(12.7695,43.31292,1.19522),(12.77556,43.30664,1.19871),(12.78035,43.30078,1.20427),(12.78357,43.29572,1.21151),(12.78497,43.29182,1.21995),(12.78447,43.28934,1.229),(12.7821,43.28845,1.23805)),$);
#237= IFCTRIANGULATEDFACESET(#236,$,$,((1,2,3),(3,2,4),(3,4,5),(2,1,6),(6,1,7),(6,7,8),(8,7,9),(8,9,10),(10,9,11),(10,11,12),(12,11,13),(12,13,14),(14,13,15),(14,15,16),(16,15,17),(16,17,18),(18,17,19),(18,19,20),(20,19,21),(20,21,22),(22,21,23),(22,23,24),(24,23,25),(24,25,26),(26,25,27),(26,27,28),(28,27,29),(28,29,30),(30,29,31),(30,31,32),(32,31,33),(32,33,34),(34,33,35),(34,35,36),(36,35,37),(36,37,38),(38,37,39),(38,39,40),(40,39,41),(40,41,42),(42,41,43),(42,43,44),(44,43,45),(44,45,46),(46,45,47),(46,47,48),(48,47,49),(48,49,5),(5,49,3),(28,50,26),(26,50,51),(26,51,24),(24,51,52),(24,52,22),(22,52,53),(22,53,20),(20,53,54),(20,54,18),(18,54,55),(18,55,16),(16,55,56),(16,56,14),(14,56,57),(14,57,58),(50,28,59),(59,28,30),(59,30,60),(60,30,32),(60,32,61),(61,32,34),(61,34,62),(62,34,36),(62,36,63),(63,36,38),(63,38,40),(63,40,64),(64,40,42),(64,42,65),(65,42,44),(65,44,66),(66,44,46),(66,46,67),(67,46,48),(67,48,68),(68,48,5),(68,5,69),(69,5,4),(69,4,70),(70,4,2),(70,2,71),(71,2,6),(71,6,72),(72,6,8),(72,8,73),(73,8,10),(73,10,74),(74,10,12),(74,12,58),(58,12,14),(50,75,51),(51,75,76),(51,76,52),(52,76,77),(52,77,53),(53,77,78),(53,78,54),(54,78,79),(54,79,55),(55,79,80),(55,80,56),(56,80,81),(56,81,57),(57,81,58),(58,81,82),(58,82,74),(74,82,83),(74,83,73),(73,83,84),(73,84,72),(72,84,85),(72,85,71),(71,85,86),(71,86,70),(70,86,87),(70,87,69),(69,87,88),(69,88,68),(68,88,89),(68,89,67),(67,89,90),(67,90,66),(66,90,91),(66,91,65),(65,91,92),(65,92,64),(64,92,93),(64,93,63),(63,93,94),(63,94,95),(75,50,96),(96,50,59),(96,59,97),(97,59,60),(97,60,98),(98,60,61),(98,61,99),(99,61,62),(99,62,95),(95,62,63),(96,100,75),(75,100,101),(75,101,76),(76,101,102),(76,102,77),(77,102,103),(77,103,78),(78,103,104),(78,104,79),(79,104,105),(79,105,80),(80,105,106),(80,106,81),(81,106,107),(81,107,82),(82,107,108),(82,108,83),(83,108,109),(83,109,84),(84,109,110),(84,110,85),(85,110,111),(85,111,86),(86,111,112),(86,112,87),(87,112,88),(88,112,113),(88,113,89),(89,113,114),(89,114,90),(90,114,115),(90,115,91),(91,115,116),(91,116,92),(92,116,117),(92,117,93),(93,117,118),(93,118,94),(94,118,119),(94,119,95),(95,119,120),(95,120,99),(99,120,121),(99,121,98),(98,121,122),(98,122,97),(97,122,123),(97,123,96),(96,123,100),(111,124,112),(112,124,125),(112,125,126),(124,111,127),(127,111,110),(127,110,128),(128,110,109),(128,109,129),(129,109,108),(129,108,130),(130,108,107),(130,107,131),(131,107,106),(131,106,132),(132,106,105),(132,105,133),(133,105,104),(133,104,134),(134,104,103),(134,103,135),(135,103,102),(135,102,136),(136,102,101),(136,101,137),(137,101,100),(137,100,138),(138,100,123),(138,123,139),(139,123,122),(139,122,140),(140,122,121),(140,121,141),(141,121,120),(141,120,142),(142,120,119),(142,119,143),(143,119,118),(143,118,144),(144,118,117),(144,117,145),(145,117,116),(145,116,146),(146,116,115),(146,115,147),(147,115,114),(147,114,148),(148,114,113),(148,113,126),(126,113,112),(138,149,137),(137,149,150),(137,150,136),(136,150,151),(136,151,135),(135,151,152),(135,152,134),(134,152,153),(134,153,133),(133,153,154),(133,154,132),(132,154,155),(132,155,131),(131,155,156),(131,156,157),(149,138,158),(158,138,139),(158,139,159),(159,139,140),(159,140,160),(160,140,141),(160,141,161),(161,141,142),(161,142,162),(162,142,143),(162,143,144),(162,144,163),(163,144,145),(163,145,164),(164,145,146),(164,146,165),(165,146,147),(165,147,166),(166,147,148),(166,148,167),(167,148,126),(167,126,168),(168,126,125),(168,125,169),(169,125,124),(169,124,170),(170,124,127),(170,127,171),(171,127,128),(171,128,172),(172,128,129),(172,129,173),(173,129,130),(173,130,157),(157,130,131),(149,174,150),(150,174,175),(150,175,151),(151,175,176),(151,176,152),(152,176,177),(152,177,153),(153,177,178),(153,178,154),(154,178,179),(154,179,155),(155,179,180),(155,180,156),(156,180,157),(157,180,181),(157,181,173),(173,181,182),(173,182,172),(172,182,183),(172,183,171),(171,183,184),(171,184,170),(170,184,185),(170,185,169),(169,185,186),(169,186,168),(168,186,187),(168,187,167),(167,187,188),(167,188,166),(166,188,189),(166,189,165),(165,189,190),(165,190,164),(164,190,191),(164,191,163),(163,191,192),(163,192,162),(162,192,193),(162,193,194),(174,149,195),(195,149,158),(195,158,196),(196,158,159),(196,159,197),(197,159,160),(197,160,198),(198,160,161),(198,161,194),(194,161,162),(195,199,174),(174,199,200),(174,200,175),(175,200,201),(175,201,176),(176,201,202),(176,202,177),(177,202,203),(177,203,178),(178,203,204),(178,204,179),(179,204,205),(179,205,180),(180,205,206),(180,206,207),(199,195,208),(208,195,196),(208,196,209),(209,196,197),(209,197,210),(210,197,198),(210,198,211),(211,198,194),(211,194,212),(212,194,193),(212,193,192),(212,192,213),(213,192,191),(213,191,214),(214,191,190),(214,190,215),(215,190,189),(215,189,216),(216,189,188),(216,188,217),(217,188,187),(217,187,218),(218,187,186),(218,186,219),(219,186,185),(219,185,220),(220,185,184),(220,184,221),(221,184,183),(221,183,222),(222,183,182),(222,182,223),(223,182,181),(223,181,207),(207,181,180),(199,224,200),(200,224,225),(200,225,201),(201,225,226),(201,226,202),(202,226,227),(202,227,203),(203,227,228),(203,228,204),(204,228,229),(204,229,205),(205,229,230),(205,230,206),(206,230,231),(206,231,232),(224,199,233),(233,199,208),(233,208,234),(234,208,209),(234,209,235),(235,209,210),(235,210,236),(236,210,211),(236,211,237),(237,211,212),(237,212,213),(237,213,238),(238,213,214),(238,214,239),(239,214,215),(239,215,240),(240,215,216),(240,216,241),(241,216,217),(241,217,242),(242,217,218),(242,218,243),(243,218,219),(243,219,244),(244,219,220),(244,220,245),(245,220,221),(245,221,246),(246,221,222),(246,222,247),(247,222,223),(247,223,248),(248,223,207),(248,207,232),(232,207,206),(224,249,225),(225,249,250),(225,250,226),(226,250,251),(226,251,227),(227,251,252),(227,252,228),(228,252,253),(228,253,229),(229,253,254),(229,254,230),(230,254,255),(230,255,231),(231,255,232),(232,255,256),(232,256,248),(248,256,257),(248,257,247),(247,257,258),(247,258,246),(246,258,259),(246,259,245),(245,259,260),(245,260,244),(244,260,261),(244,261,243),(243,261,262),(243,262,242),(242,262,263),(242,263,241),(241,263,264),(241,264,240),(240,264,265),(240,265,239),(239,265,266),(239,266,238),(238,266,267),(238,267,237),(237,267,268),(237,268,269),(249,224,270),(270,224,233),(270,233,271),(271,233,234),(271,234,272),(272,234,235),(272,235,273),(273,235,236),(273,236,269),(269,236,237),(270,274,249),(249,274,275),(249,275,250),(250,275,276),(250,276,251),(251,276,277),(251,277,252),(252,277,278),(252,278,253),(253,278,279),(253,279,254),(254,279,280),(254,280,255),(255,280,281),(255,281,282),(274,270,283),(283,270,271),(283,271,284),(284,271,272),(284,272,285),(285,272,273),(285,273,286),(286,273,269),(286,269,287),(287,269,268),(287,268,267),(287,267,288),(288,267,266),(288,266,289),(289,266,265),(289,265,290),(290,265,264),(290,264,291),(291,264,263),(291,263,292),(292,263,262),(292,262,293),(293,262,261),(293,261,294),(294,261,260),(294,260,295),(295,260,259),(295,259,296),(296,259,258),(296,258,297),(297,258,257),(297,257,298),(298,257,256),(298,256,282),(282,256,255),(274,299,275),(275,299,300),(275,300,276),(276,300,301),(276,301,277),(277,301,302),(277,302,278),(278,302,303),(278,303,279),(279,303,304),(279,304,280),(280,304,305),(280,305,281),(281,305,306),(281,306,282),(282,306,307),(282,307,298),(298,307,308),(298,308,297),(297,308,309),(297,309,296),(296,309,310),(296,310,295),(295,310,311),(295,311,294),(294,311,293),(293,311,312),(293,312,292),(292,312,313),(292,313,291),(291,313,314),(291,314,290),(290,314,315),(290,315,289),(289,315,316),(289,316,288),(288,316,317),(288,317,287),(287,317,318),(287,318,286),(286,318,319),(286,319,285),(285,319,320),(285,320,284),(284,320,321),(284,321,283),(283,321,322),(283,322,274),(274,322,299),(310,323,311),(311,323,324),(311,324,325),(323,310,326),(326,310,309),(326,309,327),(327,309,308),(327,308,328),(328,308,307),(328,307,329),(329,307,306),(329,306,330),(330,306,305),(330,305,331),(331,305,304),(331,304,332),(332,304,303),(332,303,333),(333,303,302),(333,302,334),(334,302,301),(334,301,335),(335,301,300),(335,300,336),(336,300,299),(336,299,337),(337,299,322),(337,322,338),(338,322,321),(338,321,339),(339,321,320),(339,320,340),(340,320,319),(340,319,341),(341,319,318),(341,318,342),(342,318,317),(342,317,343),(343,317,316),(343,316,344),(344,316,315),(344,315,345),(345,315,314),(345,314,346),(346,314,313),(346,313,347),(347,313,312),(347,312,325),(325,312,311),(337,348,336),(336,348,349),(336,349,335),(335,349,350),(335,350,334),(334,350,351),(334,351,333),(333,351,352),(333,352,332),(332,352,353),(332,353,331),(331,353,354),(331,354,330),(330,354,329),(329,354,355),(329,355,328),(328,355,356),(328,356,327),(327,356,357),(327,357,326),(326,357,358),(326,358,323),(323,358,359),(323,359,324),(324,359,360),(324,360,325),(325,360,361),(325,361,347),(347,361,362),(347,362,346),(346,362,363),(346,363,345),(345,363,364),(345,364,344),(344,364,365),(344,365,343),(343,365,366),(343,366,342),(342,366,367),(342,367,368),(348,337,369),(369,337,338),(369,338,370),(370,338,339),(370,339,371),(371,339,340),(371,340,372),(372,340,341),(372,341,368),(368,341,342),(369,373,348),(348,373,374),(348,374,349),(349,374,375),(349,375,350),(350,375,376),(350,376,351),(351,376,377),(351,377,352),(352,377,378),(352,378,353),(353,378,379),(353,379,354),(354,379,380),(354,380,381),(373,369,382),(382,369,370),(382,370,383),(383,370,371),(383,371,384),(384,371,372),(384,372,385),(385,372,368),(385,368,386),(386,368,367),(386,367,366),(386,366,387),(387,366,365),(387,365,388),(388,365,364),(388,364,389),(389,364,363),(389,363,390),(390,363,362),(390,362,391),(391,362,361),(391,361,392),(392,361,360),(392,360,393),(393,360,359),(393,359,394),(394,359,358),(394,358,395),(395,358,357),(395,357,396),(396,357,356),(396,356,397),(397,356,355),(397,355,381),(381,355,354),(373,398,374),(374,398,399),(374,399,375),(375,399,400),(375,400,376),(376,400,401),(376,401,377),(377,401,402),(377,402,378),(378,402,403),(378,403,379),(379,403,404),(379,404,380),(380,404,405),(380,405,406),(398,373,407),(407,373,382),(407,382,408),(408,382,383),(408,383,409),(409,383,384),(409,384,410),(410,384,385),(410,385,411),(411,385,386),(411,386,387),(411,387,412),(412,387,388),(412,388,413),(413,388,389),(413,389,414),(414,389,390),(414,390,415),(415,390,391),(415,391,416),(416,391,392),(416,392,417),(417,392,393),(417,393,418),(418,393,394),(418,394,419),(419,394,395),(419,395,420),(420,395,396),(420,396,421),(421,396,397),(421,397,422),(422,397,381),(422,381,406),(406,381,380),(398,423,399),(399,423,424),(399,424,400),(400,424,425),(400,425,401),(401,425,426),(401,426,402),(402,426,427),(402,427,403),(403,427,428),(403,428,404),(404,428,429),(404,429,405),(405,429,406),(406,429,430),(406,430,422),(422,430,431),(422,431,421),(421,431,432),(421,432,420),(420,432,433),(420,433,419),(419,433,434),(419,434,418),(418,434,435),(418,435,417),(417,435,436),(417,436,416),(416,436,437),(416,437,415),(415,437,438),(415,438,414),(414,438,439),(414,439,413),(413,439,440),(413,440,412),(412,440,441),(412,441,411),(411,441,442),(411,442,443),(423,398,444),(444,398,407),(444,407,445),(445,407,408),(445,408,446),(446,408,409),(446,409,447),(447,409,410),(447,410,443),(443,410,411),(444,448,423),(423,448,449),(423,449,424),(424,449,450),(424,450,425),(425,450,451),(425,451,426),(426,451,452),(426,452,427),(427,452,453),(427,453,428),(428,453,454),(428,454,429),(429,454,455),(429,455,456),(448,444,457),(457,444,445),(457,445,458),(458,445,446),(458,446,459),(459,446,447),(459,447,460),(460,447,443),(460,443,461),(461,443,442),(461,442,441),(461,441,462),(462,441,440),(462,440,463),(463,440,439),(463,439,464),(464,439,438),(464,438,465),(465,438,437),(465,437,466),(466,437,436),(466,436,467),(467,436,435),(467,435,468),(468,435,434),(468,434,469),(469,434,433),(469,433,470),(470,433,432),(470,432,471),(471,432,431),(471,431,472),(472,431,430),(472,430,456),(456,430,429),(448,473,449),(449,473,474),(449,474,450),(450,474,475),(450,475,451),(451,475,476),(451,476,452),(452,476,477),(452,477,453),(453,477,478),(453,478,454),(454,478,479),(454,479,455),(455,479,456),(456,479,480),(456,480,472),(472,480,481),(472,481,471),(471,481,482),(471,482,470),(470,482,483),(470,483,469),(469,483,484),(469,484,468),(468,484,485),(468,485,467),(467,485,486),(467,486,466),(466,486,487),(466,487,465),(465,487,488),(465,488,464),(464,488,489),(464,489,463),(463,489,490),(463,490,462),(462,490,491),(462,491,461),(461,491,492),(461,492,493),(473,448,494),(494,448,457),(494,457,495),(495,457,458),(495,458,496),(496,458,459),(496,459,497),(497,459,460),(497,460,493),(493,460,461),(494,498,473),(473,498,499),(473,499,474),(474,499,500),(474,500,475),(475,500,501),(475,501,476),(476,501,502),(476,502,477),(477,502,503),(477,503,478),(478,503,504),(478,504,479),(479,504,480),(480,504,505),(480,505,481),(481,505,506),(481,506,482),(482,506,507),(482,507,483),(483,507,508),(483,508,484),(484,508,509),(484,509,485),(485,509,510),(485,510,486),(486,510,511),(486,511,487),(487,511,512),(487,512,488),(488,512,513),(488,513,489),(489,513,514),(489,514,490),(490,514,515),(490,515,491),(491,515,516),(491,516,492),(492,516,517),(492,517,518),(498,494,519),(519,494,495),(519,495,520),(520,495,496),(520,496,521),(521,496,497),(521,497,522),(522,497,493),(522,493,518),(518,493,492),(519,523,498),(498,523,524),(498,524,499),(499,524,525),(499,525,500),(500,525,526),(500,526,501),(501,526,527),(501,527,502),(502,527,528),(502,528,503),(503,528,529),(503,529,504),(504,529,530),(504,530,531),(523,519,532),(532,519,520),(532,520,533),(533,520,521),(533,521,534),(534,521,522),(534,522,535),(535,522,518),(535,518,536),(536,518,517),(536,517,516),(536,516,537),(537,516,515),(537,515,538),(538,515,514),(538,514,539),(539,514,513),(539,513,540),(540,513,512),(540,512,541),(541,512,511),(541,511,542),(542,511,510),(542,510,543),(543,510,509),(543,509,544),(544,509,508),(544,508,545),(545,508,507),(545,507,546),(546,507,506),(546,506,547),(547,506,505),(547,505,531),(531,505,504),(523,548,524),(524,548,549),(524,549,525),(525,549,550),(525,550,526),(526,550,551),(526,551,527),(527,551,552),(527,552,528),(528,552,553),(528,553,529),(529,553,554),(529,554,530),(530,554,531),(531,554,555),(531,555,547),(547,555,556),(547,556,546),(546,556,557),(546,557,545),(545,557,558),(545,558,544),(544,558,559),(544,559,543),(543,559,560),(543,560,542),(542,560,561),(542,561,541),(541,561,562),(541,562,540),(540,562,563),(540,563,539),(539,563,564),(539,564,538),(538,564,565),(538,565,537),(537,565,566),(537,566,536),(536,566,567),(536,567,568),(548,523,569),(569,523,532),(569,532,570),(570,532,533),(570,533,571),(571,533,534),(571,534,572),(572,534,535),(572,535,568),(568,535,536),(569,573,548),(548,573,574),(548,574,549),(549,574,575),(549,575,550),(550,575,576),(550,576,551),(551,576,577),(551,577,552),(552,577,578),(552,578,553),(553,578,579),(553,579,554),(554,579,580),(554,580,555),(555,580,581),(555,581,556),(556,581,582),(556,582,557),(557,582,583),(557,583,558),(558,583,584),(558,584,559),(559,584,585),(559,585,560),(560,585,561),(561,585,586),(561,586,562),(562,586,587),(562,587,563),(563,587,588),(563,588,564),(564,588,589),(564,589,565),(565,589,590),(565,590,566),(566,590,591),(566,591,567),(567,591,592),(567,592,568),(568,592,593),(568,593,572),(572,593,594),(572,594,571),(571,594,595),(571,595,570),(570,595,596),(570,596,569),(569,596,573),(584,597,585),(585,597,598),(585,598,586),(586,598,599),(586,599,587),(587,599,600),(587,600,588),(588,600,601),(588,601,589),(589,601,602),(589,602,590),(590,602,603),(590,603,591),(591,603,592),(592,603,604),(592,604,593),(593,604,605),(593,605,594),(594,605,606),(594,606,595),(595,606,607),(595,607,596),(596,607,608),(596,608,573),(573,608,609),(573,609,574),(574,609,610),(574,610,575),(575,610,611),(575,611,576),(576,611,612),(576,612,577),(577,612,613),(577,613,578),(578,613,614),(578,614,579),(579,614,615),(579,615,616),(597,584,617),(617,584,583),(617,583,618),(618,583,582),(618,582,619),(619,582,581),(619,581,620),(620,581,580),(620,580,616),(616,580,579),(617,621,597),(597,621,622),(597,622,598),(598,622,623),(598,623,599),(599,623,624),(599,624,600),(600,624,625),(600,625,601),(601,625,626),(601,626,602),(602,626,627),(602,627,603),(603,627,628),(603,628,629),(621,617,630),(630,617,618),(630,618,631),(631,618,619),(631,619,632),(632,619,620),(632,620,633),(633,620,616),(633,616,634),(634,616,615),(634,615,614),(634,614,635),(635,614,613),(635,613,636),(636,613,612),(636,612,637),(637,612,611),(637,611,638),(638,611,610),(638,610,639),(639,610,609),(639,609,640),(640,609,608),(640,608,641),(641,608,607),(641,607,642),(642,607,606),(642,606,643),(643,606,605),(643,605,644),(644,605,604),(644,604,629),(629,604,603),(621,645,622),(622,645,646),(622,646,623),(623,646,647),(623,647,624),(624,647,648),(624,648,625),(625,648,649),(625,649,626),(626,649,650),(626,650,627),(627,650,651),(627,651,628),(628,651,629),(629,651,652),(629,652,644),(644,652,653),(644,653,643),(643,653,654),(643,654,642),(642,654,655),(642,655,641),(641,655,656),(641,656,640),(640,656,657),(640,657,639),(639,657,658),(639,658,638),(638,658,659),(638,659,637),(637,659,660),(637,660,636),(636,660,661),(636,661,635),(635,661,662),(635,662,634),(634,662,663),(634,663,664),(645,621,665),(665,621,630),(665,630,666),(666,630,631),(666,631,667),(667,631,632),(667,632,668),(668,632,633),(668,633,664),(664,633,634),(665,669,645),(645,669,670),(645,670,646),(646,670,671),(646,671,647),(647,671,672),(647,672,648),(648,672,673),(648,673,649),(649,673,674),(649,674,650),(650,674,675),(650,675,651),(651,675,676),(651,676,677),(669,665,678),(678,665,666),(678,666,679),(679,666,667),(679,667,680),(680,667,668),(680,668,681),(681,668,664),(681,664,682),(682,664,663),(682,663,662),(682,662,683),(683,662,661),(683,661,684),(684,661,660),(684,660,685),(685,660,659),(685,659,686),(686,659,658),(686,658,687),(687,658,657),(687,657,688),(688,657,656),(688,656,689),(689,656,655),(689,655,690),(690,655,654),(690,654,691),(691,654,653),(691,653,692),(692,653,652),(692,652,677),(677,652,651),(669,693,670),(670,693,694),(670,694,695),(693,669,696),(696,669,678),(696,678,697),(697,678,679),(697,679,698),(698,679,680),(698,680,699),(699,680,681),(699,681,700),(700,681,682),(700,682,701),(701,682,683),(701,683,702),(702,683,684),(702,684,703),(703,684,685),(703,685,704),(704,685,686),(704,686,705),(705,686,687),(705,687,706),(706,687,688),(706,688,707),(707,688,689),(707,689,708),(708,689,690),(708,690,709),(709,690,691),(709,691,710),(710,691,692),(710,692,711),(711,692,677),(711,677,712),(712,677,676),(712,676,713),(713,676,675),(713,675,714),(714,675,674),(714,674,715),(715,674,673),(715,673,716),(716,673,672),(716,672,717),(717,672,671),(717,671,695),(695,671,670),(707,718,706),(706,718,719),(706,719,705),(705,719,720),(705,720,704),(704,720,721),(704,721,703),(703,721,722),(703,722,702),(702,722,723),(702,723,701),(701,723,724),(701,724,700),(700,724,725),(700,725,699),(699,725,726),(699,726,698),(698,726,727),(698,727,697),(697,727,728),(697,728,696),(696,728,729),(696,729,693),(693,729,730),(693,730,694),(694,730,695),(695,730,731),(695,731,717),(717,731,732),(717,732,716),(716,732,733),(716,733,715),(715,733,734),(715,734,714),(714,734,735),(714,735,713),(713,735,736),(713,736,712),(712,736,737),(712,737,711),(711,737,738),(711,738,710),(710,738,739),(710,739,709),(709,739,740),(709,740,708),(708,740,741),(708,741,707),(707,741,718),(729,742,730),(730,742,743),(730,743,731),(731,743,744),(731,744,732),(732,744,745),(732,745,733),(733,745,746),(733,746,734),(734,746,747),(734,747,735),(735,747,748),(735,748,736),(736,748,737),(737,748,749),(737,749,738),(738,749,750),(738,750,739),(739,750,751),(739,751,740),(740,751,752),(740,752,741),(741,752,753),(741,753,718),(718,753,754),(718,754,719),(719,754,755),(719,755,720),(720,755,756),(720,756,721),(721,756,757),(721,757,722),(722,757,758),(722,758,723),(723,758,759),(723,759,724),(724,759,760),(724,760,761),(742,729,762),(762,729,728),(762,728,763),(763,728,727),(763,727,764),(764,727,726),(764,726,765),(765,726,725),(765,725,761),(761,725,724),(762,766,742),(742,766,767),(742,767,743),(743,767,768),(743,768,744),(744,768,769),(744,769,745),(745,769,770),(745,770,746),(746,770,771),(746,771,747),(747,771,772),(747,772,748),(748,772,749),(749,772,773),(749,773,750),(750,773,774),(750,774,751),(751,774,775),(751,775,752),(752,775,776),(752,776,753),(753,776,777),(753,777,754),(754,777,778),(754,778,755),(755,778,779),(755,779,756),(756,779,780),(756,780,757),(757,780,781),(757,781,758),(758,781,782),(758,782,759),(759,782,783),(759,783,760),(760,783,784),(760,784,785),(766,762,786),(786,762,763),(786,763,787),(787,763,764),(787,764,788),(788,764,765),(788,765,789),(789,765,761),(789,761,785),(785,761,760),(786,790,766),(766,790,791),(766,791,792),(790,786,793),(793,786,787),(793,787,794),(794,787,788),(794,788,795),(795,788,789),(795,789,796),(796,789,785),(796,785,797),(797,785,784),(797,784,798),(798,784,783),(798,783,799),(799,783,782),(799,782,800),(800,782,781),(800,781,801),(801,781,780),(801,780,802),(802,780,779),(802,779,803),(803,779,778),(803,778,804),(804,778,777),(804,777,805),(805,777,776),(805,776,806),(806,776,775),(806,775,807),(807,775,774),(807,774,808),(808,774,773),(808,773,809),(809,773,772),(809,772,810),(810,772,771),(810,771,811),(811,771,770),(811,770,812),(812,770,769),(812,769,813),(813,769,768),(813,768,814),(814,768,767),(814,767,792),(792,767,766),(804,815,803),(803,815,816),(803,816,802),(802,816,817),(802,817,801),(801,817,818),(801,818,800),(800,818,819),(800,819,799),(799,819,820),(799,820,798),(798,820,821),(798,821,797),(797,821,822),(797,822,796),(796,822,823),(796,823,795),(795,823,824),(795,824,794),(794,824,825),(794,825,793),(793,825,826),(793,826,790),(790,826,827),(790,827,791),(791,827,792),(792,827,828),(792,828,814),(814,828,829),(814,829,813),(813,829,830),(813,830,812),(812,830,831),(812,831,811),(811,831,832),(811,832,810),(810,832,833),(810,833,809),(809,833,834),(809,834,808),(808,834,835),(808,835,807),(807,835,836),(807,836,806),(806,836,837),(806,837,805),(805,837,838),(805,838,804),(804,838,815),(826,839,827),(827,839,840),(827,840,828),(828,840,841),(828,841,829),(829,841,842),(829,842,830),(830,842,843),(830,843,831),(831,843,844),(831,844,832),(832,844,845),(832,845,833),(833,845,834),(834,845,846),(834,846,835),(835,846,847),(835,847,836),(836,847,848),(836,848,837),(837,848,849),(837,849,838),(838,849,850),(838,850,815),(815,850,851),(815,851,816),(816,851,852),(816,852,817),(817,852,853),(817,853,818),(818,853,854),(818,854,819),(819,854,855),(819,855,820),(820,855,856),(820,856,821),(821,856,857),(821,857,858),(839,826,859),(859,826,825),(859,825,860),(860,825,824),(860,824,861),(861,824,823),(861,823,862),(862,823,822),(862,822,858),(858,822,821),(859,863,839),(839,863,864),(839,864,840),(840,864,865),(840,865,841),(841,865,866),(841,866,842),(842,866,867),(842,867,843),(843,867,868),(843,868,844),(844,868,869),(844,869,845),(845,869,846),(846,869,870),(846,870,847),(847,870,871),(847,871,848),(848,871,872),(848,872,849),(849,872,873),(849,873,850),(850,873,874),(850,874,851),(851,874,875),(851,875,852),(852,875,876),(852,876,853),(853,876,877),(853,877,854),(854,877,878),(854,878,855),(855,878,879),(855,879,856),(856,879,880),(856,880,857),(857,880,881),(857,881,882),(863,859,883),(883,859,860),(883,860,884),(884,860,861),(884,861,885),(885,861,862),(885,862,886),(886,862,858),(886,858,882),(882,858,857),(883,887,863),(863,887,888),(863,888,864),(864,888,889),(864,889,865),(865,889,890),(865,890,866),(866,890,891),(866,891,867),(867,891,892),(867,892,868),(868,892,893),(868,893,869),(869,893,894),(869,894,895),(887,883,896),(896,883,884),(896,884,897),(897,884,885),(897,885,898),(898,885,886),(898,886,899),(899,886,882),(899,882,900),(900,882,881),(900,881,880),(900,880,901),(901,880,879),(901,879,902),(902,879,878),(902,878,903),(903,878,877),(903,877,904),(904,877,876),(904,876,905),(905,876,875),(905,875,906),(906,875,874),(906,874,907),(907,874,873),(907,873,908),(908,873,872),(908,872,909),(909,872,871),(909,871,910),(910,871,870),(910,870,895),(895,870,869),(887,911,888),(888,911,912),(888,912,913),(911,887,914),(914,887,896),(914,896,915),(915,896,897),(915,897,916),(916,897,898),(916,898,917),(917,898,899),(917,899,918),(918,899,900),(918,900,919),(919,900,901),(919,901,920),(920,901,902),(920,902,921),(921,902,903),(921,903,922),(922,903,904),(922,904,923),(923,904,905),(923,905,924),(924,905,906),(924,906,925),(925,906,907),(925,907,926),(926,907,908),(926,908,927),(927,908,909),(927,909,928),(928,909,910),(928,910,929),(929,910,895),(929,895,930),(930,895,894),(930,894,931),(931,894,893),(931,893,932),(932,893,892),(932,892,933),(933,892,891),(933,891,934),(934,891,890),(934,890,935),(935,890,889),(935,889,913),(913,889,888),(925,936,924),(924,936,937),(924,937,923),(923,937,938),(923,938,922),(922,938,939),(922,939,921),(921,939,940),(921,940,920),(920,940,941),(920,941,919),(919,941,942),(919,942,918),(918,942,943),(918,943,917),(917,943,944),(917,944,916),(916,944,945),(916,945,915),(915,945,946),(915,946,914),(914,946,947),(914,947,911),(911,947,948),(911,948,912),(912,948,913),(913,948,949),(913,949,935),(935,949,950),(935,950,934),(934,950,951),(934,951,933),(933,951,952),(933,952,932),(932,952,953),(932,953,931),(931,953,954),(931,954,930),(930,954,955),(930,955,929),(929,955,956),(929,956,928),(928,956,957),(928,957,927),(927,957,958),(927,958,926),(926,958,959),(926,959,925),(925,959,936),(947,960,948),(948,960,961),(948,961,949),(949,961,962),(949,962,950),(950,962,963),(950,963,951),(951,963,964),(951,964,952),(952,964,965),(952,965,953),(953,965,966),(953,966,954),(954,966,967),(954,967,955),(955,967,968),(955,968,956),(956,968,969),(956,969,957),(957,969,970),(957,970,958),(958,970,971),(958,971,959),(959,971,972),(959,972,936),(936,972,973),(936,973,937),(937,973,974),(937,974,938),(938,974,975),(938,975,939),(939,975,976),(939,976,940),(940,976,977),(940,977,941),(941,977,978),(941,978,942),(942,978,979),(942,979,943),(943,979,980),(943,980,944),(944,980,981),(944,981,945),(945,981,982),(945,982,946),(946,982,983),(946,983,947),(947,983,960),(965,984,966),(966,984,985),(966,985,967),(967,985,986),(967,986,968),(968,986,987),(968,987,969),(969,987,988),(969,988,970),(970,988,989),(970,989,971),(971,989,990),(971,990,972),(972,990,991),(972,991,973),(973,991,992),(973,992,974),(974,992,993),(974,993,975),(975,993,994),(975,994,976),(976,994,995),(976,995,977),(977,995,996),(977,996,978),(978,996,997),(978,997,979),(979,997,998),(979,998,980),(980,998,999),(980,999,981),(981,999,1000),(981,1000,982),(982,1000,1001),(982,1001,983),(983,1001,1002),(983,1002,960),(960,1002,1003),(960,1003,961),(961,1003,1004),(961,1004,962),(962,1004,1005),(962,1005,963),(963,1005,1006),(963,1006,964),(964,1006,1007),(964,1007,965),(965,1007,984),(1002,1008,1003),(1003,1008,1009),(1003,1009,1004),(1004,1009,1010),(1004,1010,1005),(1005,1010,1011),(1005,1011,1006),(1006,1011,1012),(1006,1012,1007),(1007,1012,1013),(1007,1013,984),(984,1013,1014),(984,1014,985),(985,1014,986),(986,1014,1015),(986,1015,987),(987,1015,1016),(987,1016,988),(988,1016,1017),(988,1017,989),(989,1017,1018),(989,1018,990),(990,1018,1019),(990,1019,991),(991,1019,1020),(991,1020,992),(992,1020,1021),(992,1021,993),(993,1021,1022),(993,1022,994),(994,1022,1023),(994,1023,995),(995,1023,1024),(995,1024,996),(996,1024,1025),(996,1025,997),(997,1025,1026),(997,1026,1027),(1008,1002,1028),(1028,1002,1001),(1028,1001,1029),(1029,1001,1000),(1029,1000,1030),(1030,1000,999),(1030,999,1031),(1031,999,998),(1031,998,1027),(1027,998,997),(1028,1032,1008),(1008,1032,1033),(1008,1033,1009),(1009,1033,1034),(1009,1034,1010),(1010,1034,1035),(1010,1035,1011),(1011,1035,1036),(1011,1036,1012),(1012,1036,1037),(1012,1037,1013),(1013,1037,1038),(1013,1038,1014),(1014,1038,1039),(1014,1039,1015),(1015,1039,1040),(1015,1040,1016),(1016,1040,1041),(1016,1041,1017),(1017,1041,1042),(1017,1042,1018),(1018,1042,1043),(1018,1043,1019),(1019,1043,1044),(1019,1044,1020),(1020,1044,1045),(1020,1045,1021),(1021,1045,1046),(1021,1046,1022),(1022,1046,1047),(1022,1047,1023),(1023,1047,1048),(1023,1048,1024),(1024,1048,1049),(1024,1049,1025),(1025,1049,1050),(1025,1050,1026),(1026,1050,1051),(1026,1051,1027),(1027,1051,1052),(1027,1052,1031),(1031,1052,1053),(1031,1053,1030),(1030,1053,1054),(1030,1054,1029),(1029,1054,1055),(1029,1055,1028),(1028,1055,1032),(1038,1056,1039),(1039,1056,1057),(1039,1057,1040),(1040,1057,1058),(1040,1058,1041),(1041,1058,1059),(1041,1059,1042),(1042,1059,1060),(1042,1060,1043),(1043,1060,1061),(1043,1061,1044),(1044,1061,1062),(1044,1062,1045),(1045,1062,1063),(1045,1063,1046),(1046,1063,1064),(1046,1064,1047),(1047,1064,1065),(1047,1065,1048),(1048,1065,1066),(1048,1066,1049),(1049,1066,1067),(1049,1067,1050),(1050,1067,1068),(1050,1068,1051),(1051,1068,1069),(1051,1069,1052),(1052,1069,1070),(1052,1070,1053),(1053,1070,1071),(1053,1071,1054),(1054,1071,1072),(1054,1072,1055),(1055,1072,1073),(1055,1073,1032),(1032,1073,1074),(1032,1074,1033),(1033,1074,1075),(1033,1075,1034),(1034,1075,1076),(1034,1076,1035),(1035,1076,1077),(1035,1077,1036),(1036,1077,1078),(1036,1078,1037),(1037,1078,1079),(1037,1079,1038),(1038,1079,1056),(1056,1080,1057),(1057,1080,1081),(1057,1081,1058),(1058,1081,1082),(1058,1082,1059),(1059,1082,1083),(1059,1083,1060),(1060,1083,1084),(1060,1084,1061),(1061,1084,1085),(1061,1085,1062),(1062,1085,1086),(1062,1086,1063),(1063,1086,1087),(1063,1087,1064),(1064,1087,1088),(1064,1088,1065),(1065,1088,1089),(1065,1089,1066),(1066,1089,1090),(1066,1090,1067),(1067,1090,1091),(1067,1091,1068),(1068,1091,1092),(1068,1092,1069),(1069,1092,1093),(1069,1093,1070),(1070,1093,1094),(1070,1094,1071),(1071,1094,1095),(1071,1095,1072),(1072,1095,1096),(1072,1096,1073),(1073,1096,1097),(1073,1097,1074),(1074,1097,1098),(1074,1098,1075),(1075,1098,1099),(1075,1099,1076),(1076,1099,1100),(1076,1100,1077),(1077,1100,1101),(1077,1101,1078),(1078,1101,1102),(1078,1102,1079),(1079,1102,1103),(1079,1103,1056),(1056,1103,1080),(1096,1104,1097),(1097,1104,1105),(1097,1105,1098),(1098,1105,1106),(1098,1106,1099),(1099,1106,1107),(1099,1107,1100),(1100,1107,1108),(1100,1108,1101),(1101,1108,1109),(1101,1109,1102),(1102,1109,1110),(1102,1110,1103),(1103,1110,1111),(1103,1111,1080),(1080,1111,1112),(1080,1112,1081),(1081,1112,1113),(1081,1113,1082),(1082,1113,1114),(1082,1114,1083),(1083,1114,1115),(1083,1115,1084),(1084,1115,1116),(1084,1116,1085),(1085,1116,1117),(1085,1117,1086),(1086,1117,1118),(1086,1118,1087),(1087,1118,1119),(1087,1119,1088),(1088,1119,1120),(1088,1120,1089),(1089,1120,1121),(1089,1121,1090),(1090,1121,1122),(1090,1122,1091),(1091,1122,1123),(1091,1123,1092),(1092,1123,1124),(1092,1124,1093),(1093,1124,1125),(1093,1125,1094),(1094,1125,1126),(1094,1126,1095),(1095,1126,1127),(1095,1127,1096),(1096,1127,1104),(1110,1128,1111),(1111,1128,1129),(1111,1129,1112),(1112,1129,1130),(1112,1130,1113),(1113,1130,1131),(1113,1131,1114),(1114,1131,1132),(1114,1132,1115),(1115,1132,1133),(1115,1133,1116),(1116,1133,1134),(1116,1134,1135),(1128,1110,1136),(1136,1110,1109),(1136,1109,1137),(1137,1109,1108),(1137,1108,1138),(1138,1108,1107),(1138,1107,1139),(1139,1107,1106),(1139,1106,1140),(1140,1106,1105),(1140,1105,1141),(1141,1105,1104),(1141,1104,1142),(1142,1104,1127),(1142,1127,1143),(1143,1127,1126),(1143,1126,1144),(1144,1126,1125),(1144,1125,1145),(1145,1125,1124),(1145,1124,1146),(1146,1124,1123),(1146,1123,1147),(1147,1123,1122),(1147,1122,1148),(1148,1122,1121),(1148,1121,1149),(1149,1121,1120),(1149,1120,1150),(1150,1120,1119),(1150,1119,1151),(1151,1119,1118),(1151,1118,1152),(1152,1118,1117),(1152,1117,1135),(1135,1117,1116),(1134,1153,1135),(1135,1153,1154),(1135,1154,1152),(1152,1154,1155),(1152,1155,1151),(1151,1155,1156),(1151,1156,1150),(1150,1156,1157),(1150,1157,1149),(1149,1157,1158),(1149,1158,1148),(1148,1158,1159),(1148,1159,1147),(1147,1159,1160),(1147,1160,1146),(1146,1160,1161),(1146,1161,1145),(1145,1161,1162),(1145,1162,1144),(1144,1162,1163),(1144,1163,1143),(1143,1163,1164),(1143,1164,1142),(1142,1164,1165),(1142,1165,1141),(1141,1165,1166),(1141,1166,1140),(1140,1166,1167),(1140,1167,1139),(1139,1167,1168),(1139,1168,1138),(1138,1168,1169),(1138,1169,1137),(1137,1169,1170),(1137,1170,1136),(1136,1170,1171),(1136,1171,1128),(1128,1171,1172),(1128,1172,1129),(1129,1172,1173),(1129,1173,1130),(1130,1173,1174),(1130,1174,1131),(1131,1174,1175),(1131,1175,1132),(1132,1175,1176),(1132,1176,1133),(1133,1176,1134),(1134,1176,1153),(1171,1177,1172),(1172,1177,1178),(1172,1178,1173),(1173,1178,1179),(1173,1179,1174),(1174,1179,1180),(1174,1180,1175),(1175,1180,1181),(1175,1181,1176),(1176,1181,1182),(1176,1182,1153),(1153,1182,1183),(1153,1183,1154),(1154,1183,1184),(1154,1184,1155),(1155,1184,1185),(1155,1185,1156),(1156,1185,1186),(1156,1186,1157),(1157,1186,1187),(1157,1187,1158),(1158,1187,1188),(1158,1188,1159),(1159,1188,1189),(1159,1189,1160),(1160,1189,1190),(1160,1190,1161),(1161,1190,1191),(1161,1191,1162),(1162,1191,1192),(1162,1192,1163),(1163,1192,1193),(1163,1193,1164),(1164,1193,1194),(1164,1194,1165),(1165,1194,1195),(1165,1195,1166),(1166,1195,1196),(1166,1196,1167),(1167,1196,1197),(1167,1197,1168),(1168,1197,1198),(1168,1198,1169),(1169,1198,1199),(1169,1199,1170),(1170,1199,1200),(1170,1200,1171),(1171,1200,1177),(1200,1201,1177),(1177,1201,1202),(1177,1202,1178),(1178,1202,1203),(1178,1203,1179),(1179,1203,1204),(1179,1204,1180),(1180,1204,1205),(1180,1205,1181),(1181,1205,1206),(1181,1206,1182),(1182,1206,1207),(1182,1207,1208),(1201,1200,1209),(1209,1200,1199),(1209,1199,1210),(1210,1199,1198),(1210,1198,1211),(1211,1198,1197),(1211,1197,1212),(1212,1197,1196),(1212,1196,1213),(1213,1196,1195),(1213,1195,1214),(1214,1195,1194),(1214,1194,1215),(1215,1194,1193),(1215,1193,1216),(1216,1193,1192),(1216,1192,1217),(1217,1192,1191),(1217,1191,1218),(1218,1191,1190),(1218,1190,1219),(1219,1190,1189),(1219,1189,1220),(1220,1189,1188),(1220,1188,1221),(1221,1188,1187),(1221,1187,1222),(1222,1187,1186),(1222,1186,1223),(1223,1186,1185),(1223,1185,1224),(1224,1185,1184),(1224,1184,1225),(1225,1184,1183),(1225,1183,1208),(1208,1183,1182),(1207,1226,1208),(1208,1226,1227),(1208,1227,1225),(1225,1227,1228),(1225,1228,1224),(1224,1228,1229),(1224,1229,1223),(1223,1229,1230),(1223,1230,1222),(1222,1230,1231),(1222,1231,1221),(1221,1231,1232),(1221,1232,1220),(1220,1232,1233),(1220,1233,1219),(1219,1233,1234),(1219,1234,1218),(1218,1234,1235),(1218,1235,1217),(1217,1235,1236),(1217,1236,1216),(1216,1236,1237),(1216,1237,1215),(1215,1237,1238),(1215,1238,1214),(1214,1238,1213),(1213,1238,1239),(1213,1239,1212),(1212,1239,1240),(1212,1240,1211),(1211,1240,1241),(1211,1241,1210),(1210,1241,1242),(1210,1242,1209),(1209,1242,1243),(1209,1243,1201),(1201,1243,1244),(1201,1244,1202),(1202,1244,1245),(1202,1245,1203),(1203,1245,1246),(1203,1246,1204),(1204,1246,1247),(1204,1247,1205),(1205,1247,1248),(1205,1248,1206),(1206,1248,1249),(1206,1249,1207),(1207,1249,1226),(1243,1250,1244),(1244,1250,1251),(1244,1251,1245),(1245,1251,1252),(1245,1252,1246),(1246,1252,1253),(1246,1253,1247),(1247,1253,1254),(1247,1254,1248),(1248,1254,1255),(1248,1255,1249),(1249,1255,1256),(1249,1256,1226),(1226,1256,1257),(1226,1257,1227),(1227,1257,1258),(1227,1258,1228),(1228,1258,1259),(1228,1259,1229),(1229,1259,1260),(1229,1260,1230),(1230,1260,1261),(1230,1261,1231),(1231,1261,1262),(1231,1262,1232),(1232,1262,1263),(1232,1263,1233),(1233,1263,1264),(1233,1264,1234),(1234,1264,1265),(1234,1265,1235),(1235,1265,1266),(1235,1266,1236),(1236,1266,1267),(1236,1267,1237),(1237,1267,1268),(1237,1268,1238),(1238,1268,1269),(1238,1269,1270),(1250,1243,1271),(1271,1243,1242),(1271,1242,1272),(1272,1242,1241),(1272,1241,1273),(1273,1241,1240),(1273,1240,1274),(1274,1240,1239),(1274,1239,1270),(1270,1239,1238),(1256,1275,1257),(1257,1275,1276),(1257,1276,1258),(1258,1276,1277),(1258,1277,1259),(1259,1277,1278),(1259,1278,1260),(1260,1278,1279),(1260,1279,1261),(1261,1279,1280),(1261,1280,1262),(1262,1280,1281),(1262,1281,1263),(1263,1281,1282),(1263,1282,1264),(1264,1282,1283),(1264,1283,1265),(1265,1283,1284),(1265,1284,1266),(1266,1284,1285),(1266,1285,1267),(1267,1285,1286),(1267,1286,1268),(1268,1286,1287),(1268,1287,1269),(1269,1287,1288),(1269,1288,1270),(1270,1288,1289),(1270,1289,1274),(1274,1289,1290),(1274,1290,1273),(1273,1290,1291),(1273,1291,1272),(1272,1291,1292),(1272,1292,1271),(1271,1292,1293),(1271,1293,1250),(1250,1293,1294),(1250,1294,1251),(1251,1294,1252),(1252,1294,1295),(1252,1295,1253),(1253,1295,1296),(1253,1296,1254),(1254,1296,1297),(1254,1297,1255),(1255,1297,1298),(1255,1298,1256),(1256,1298,1275),(1294,1299,1295),(1295,1299,1300),(1295,1300,1296),(1296,1300,1301),(1296,1301,1297),(1297,1301,1302),(1297,1302,1298),(1298,1302,1303),(1298,1303,1275),(1275,1303,1304),(1275,1304,1276),(1276,1304,1305),(1276,1305,1277),(1277,1305,1306),(1277,1306,1278),(1278,1306,1307),(1278,1307,1279),(1279,1307,1308),(1279,1308,1280),(1280,1308,1309),(1280,1309,1281),(1281,1309,1310),(1281,1310,1282),(1282,1310,1311),(1282,1311,1283),(1283,1311,1312),(1283,1312,1284),(1284,1312,1313),(1284,1313,1285),(1285,1313,1314),(1285,1314,1286),(1286,1314,1315),(1286,1315,1287),(1287,1315,1316),(1287,1316,1288),(1288,1316,1317),(1288,1317,1289),(1289,1317,1318),(1289,1318,1290),(1290,1318,1319),(1290,1319,1291),(1291,1319,1320),(1291,1320,1292),(1292,1320,1321),(1292,1321,1293),(1293,1321,1322),(1293,1322,1294),(1294,1322,1299),(1322,1323,1299),(1299,1323,1324),(1299,1324,1300),(1300,1324,1325),(1300,1325,1301),(1301,1325,1326),(1301,1326,1302),(1302,1326,1327),(1302,1327,1303),(1303,1327,1328),(1303,1328,1304),(1304,1328,1329),(1304,1329,1305),(1305,1329,1330),(1305,1330,1306),(1306,1330,1331),(1306,1331,1307),(1307,1331,1332),(1307,1332,1308),(1308,1332,1333),(1308,1333,1309),(1309,1333,1334),(1309,1334,1310),(1310,1334,1335),(1310,1335,1311),(1311,1335,1336),(1311,1336,1312),(1312,1336,1337),(1312,1337,1313),(1313,1337,1338),(1313,1338,1314),(1314,1338,1339),(1314,1339,1315),(1315,1339,1340),(1315,1340,1316),(1316,1340,1341),(1316,1341,1317),(1317,1341,1342),(1317,1342,1318),(1318,1342,1343),(1318,1343,1319),(1319,1343,1344),(1319,1344,1320),(1320,1344,1345),(1320,1345,1321),(1321,1345,1346),(1321,1346,1322),(1322,1346,1323),(1340,1347,1341),(1341,1347,1348),(1341,1348,1342),(1342,1348,1349),(1342,1349,1343),(1343,1349,1350),(1343,1350,1344),(1344,1350,1351),(1344,1351,1345),(1345,1351,1352),(1345,1352,1346),(1346,1352,1353),(1346,1353,1323),(1323,1353,1354),(1323,1354,1355),(1347,1340,1356),(1356,1340,1339),(1356,1339,1357),(1357,1339,1338),(1357,1338,1358),(1358,1338,1337),(1358,1337,1359),(1359,1337,1336),(1359,1336,1360),(1360,1336,1335),(1360,1335,1334),(1360,1334,1361),(1361,1334,1333),(1361,1333,1362),(1362,1333,1332),(1362,1332,1363),(1363,1332,1331),(1363,1331,1364),(1364,1331,1330),(1364,1330,1365),(1365,1330,1329),(1365,1329,1366),(1366,1329,1328),(1366,1328,1367),(1367,1328,1327),(1367,1327,1368),(1368,1327,1326),(1368,1326,1369),(1369,1326,1325),(1369,1325,1370),(1370,1325,1324),(1370,1324,1355),(1355,1324,1323),(1347,1371,1348),(1348,1371,1372),(1348,1372,1349),(1349,1372,1373),(1349,1373,1350),(1350,1373,1374),(1350,1374,1351),(1351,1374,1375),(1351,1375,1352),(1352,1375,1376),(1352,1376,1353),(1353,1376,1377),(1353,1377,1354),(1354,1377,1378),(1354,1378,1355),(1355,1378,1379),(1355,1379,1370),(1370,1379,1380),(1370,1380,1369),(1369,1380,1381),(1369,1381,1368),(1368,1381,1382),(1368,1382,1367),(1367,1382,1383),(1367,1383,1366),(1366,1383,1384),(1366,1384,1365),(1365,1384,1385),(1365,1385,1364),(1364,1385,1386),(1364,1386,1363),(1363,1386,1387),(1363,1387,1362),(1362,1387,1388),(1362,1388,1361),(1361,1388,1389),(1361,1389,1360),(1360,1389,1390),(1360,1390,1359),(1359,1390,1391),(1359,1391,1358),(1358,1391,1392),(1358,1392,1357),(1357,1392,1393),(1357,1393,1356),(1356,1393,1394),(1356,1394,1347),(1347,1394,1371),(1377,1395,1378),(1378,1395,1396),(1378,1396,1379),(1379,1396,1397),(1379,1397,1380),(1380,1397,1398),(1380,1398,1381),(1381,1398,1399),(1381,1399,1382),(1382,1399,1400),(1382,1400,1383),(1383,1400,1401),(1383,1401,1384),(1384,1401,1402),(1384,1402,1385),(1385,1402,1403),(1385,1403,1386),(1386,1403,1404),(1386,1404,1387),(1387,1404,1405),(1387,1405,1388),(1388,1405,1406),(1388,1406,1389),(1389,1406,1407),(1389,1407,1390),(1390,1407,1408),(1390,1408,1391),(1391,1408,1409),(1391,1409,1392),(1392,1409,1410),(1392,1410,1393),(1393,1410,1411),(1393,1411,1394),(1394,1411,1412),(1394,1412,1371),(1371,1412,1413),(1371,1413,1372),(1372,1413,1414),(1372,1414,1373),(1373,1414,1415),(1373,1415,1374),(1374,1415,1416),(1374,1416,1375),(1375,1416,1417),(1375,1417,1376),(1376,1417,1418),(1376,1418,1377),(1377,1418,1395),(1412,1419,1413),(1413,1419,1420),(1413,1420,1414),(1414,1420,1421),(1414,1421,1415),(1415,1421,1422),(1415,1422,1416),(1416,1422,1423),(1416,1423,1417),(1417,1423,1424),(1417,1424,1418),(1418,1424,1425),(1418,1425,1395),(1395,1425,1426),(1395,1426,1396),(1396,1426,1427),(1396,1427,1397),(1397,1427,1428),(1397,1428,1398),(1398,1428,1429),(1398,1429,1399),(1399,1429,1430),(1399,1430,1400),(1400,1430,1431),(1400,1431,1401),(1401,1431,1432),(1401,1432,1402),(1402,1432,1433),(1402,1433,1403),(1403,1433,1434),(1403,1434,1404),(1404,1434,1435),(1404,1435,1405),(1405,1435,1436),(1405,1436,1406),(1406,1436,1437),(1406,1437,1407),(1407,1437,1438),(1407,1438,1408),(1408,1438,1439),(1408,1439,1409),(1409,1439,1440),(1409,1440,1410),(1410,1440,1441),(1410,1441,1411),(1411,1441,1442),(1411,1442,1412),(1412,1442,1419),(1424,1443,1425),(1425,1443,1444),(1425,1444,1426),(1426,1444,1445),(1426,1445,1427),(1427,1445,1446),(1427,1446,1428),(1428,1446,1447),(1428,1447,1429),(1429,1447,1448),(1429,1448,1430),(1430,1448,1449),(1430,1449,1431),(1431,1449,1450),(1431,1450,1432),(1432,1450,1451),(1432,1451,1433),(1433,1451,1452),(1433,1452,1434),(1434,1452,1453),(1434,1453,1435),(1435,1453,1454),(1435,1454,1436),(1436,1454,1455),(1436,1455,1437),(1437,1455,1456),(1437,1456,1438),(1438,1456,1457),(1438,1457,1439),(1439,1457,1458),(1439,1458,1440),(1440,1458,1459),(1440,1459,1441),(1441,1459,1460),(1441,1460,1442),(1442,1460,1461),(1442,1461,1419),(1419,1461,1462),(1419,1462,1420),(1420,1462,1463),(1420,1463,1421),(1421,1463,1464),(1421,1464,1422),(1422,1464,1465),(1422,1465,1423),(1423,1465,1466),(1423,1466,1424),(1424,1466,1443),(1461,1467,1462),(1462,1467,1468),(1462,1468,1463),(1463,1468,1469),(1463,1469,1464),(1464,1469,1470),(1464,1470,1465),(1465,1470,1471),(1465,1471,1466),(1466,1471,1472),(1466,1472,1443),(1443,1472,1473),(1443,1473,1444),(1444,1473,1474),(1444,1474,1475),(1467,1461,1476),(1476,1461,1460),(1476,1460,1477),(1477,1460,1459),(1477,1459,1478),(1478,1459,1458),(1478,1458,1479),(1479,1458,1457),(1479,1457,1480),(1480,1457,1456),(1480,1456,1455),(1480,1455,1481),(1481,1455,1454),(1481,1454,1482),(1482,1454,1453),(1482,1453,1483),(1483,1453,1452),(1483,1452,1484),(1484,1452,1451),(1484,1451,1485),(1485,1451,1450),(1485,1450,1486),(1486,1450,1449),(1486,1449,1487),(1487,1449,1448),(1487,1448,1488),(1488,1448,1447),(1488,1447,1489),(1489,1447,1446),(1489,1446,1490),(1490,1446,1445),(1490,1445,1475),(1475,1445,1444),(1467,1491,1468),(1468,1491,1492),(1468,1492,1469),(1469,1492,1493),(1469,1493,1470),(1470,1493,1494),(1470,1494,1471),(1471,1494,1495),(1471,1495,1472),(1472,1495,1496),(1472,1496,1473),(1473,1496,1497),(1473,1497,1474),(1474,1497,1498),(1474,1498,1475),(1475,1498,1499),(1475,1499,1490),(1490,1499,1500),(1490,1500,1489),(1489,1500,1501),(1489,1501,1488),(1488,1501,1502),(1488,1502,1487),(1487,1502,1503),(1487,1503,1486),(1486,1503,1504),(1486,1504,1485),(1485,1504,1505),(1485,1505,1484),(1484,1505,1506),(1484,1506,1483),(1483,1506,1507),(1483,1507,1482),(1482,1507,1508),(1482,1508,1481),(1481,1508,1509),(1481,1509,1480),(1480,1509,1510),(1480,1510,1479),(1479,1510,1511),(1479,1511,1478),(1478,1511,1512),(1478,1512,1477),(1477,1512,1513),(1477,1513,1476),(1476,1513,1514),(1476,1514,1467),(1467,1514,1491),(1495,1515,1496),(1496,1515,1516),(1496,1516,1497),(1497,1516,1517),(1497,1517,1498),(1498,1517,1518),(1498,1518,1499),(1499,1518,1519),(1499,1519,1500),(1500,1519,1520),(1500,1520,1501),(1501,1520,1521),(1501,1521,1502),(1502,1521,1522),(1502,1522,1503),(1503,1522,1523),(1503,1523,1504),(1504,1523,1524),(1504,1524,1505),(1505,1524,1525),(1505,1525,1506),(1506,1525,1526),(1506,1526,1507),(1507,1526,1527),(1507,1527,1508),(1508,1527,1528),(1508,1528,1509),(1509,1528,1529),(1509,1529,1510),(1510,1529,1530),(1510,1530,1511),(1511,1530,1531),(1511,1531,1512),(1512,1531,1532),(1512,1532,1513),(1513,1532,1533),(1513,1533,1514),(1514,1533,1534),(1514,1534,1491),(1491,1534,1535),(1491,1535,1492),(1492,1535,1536),(1492,1536,1493),(1493,1536,1537),(1493,1537,1494),(1494,1537,1538),(1494,1538,1495),(1495,1538,1515),(1516,1539,1517),(1517,1539,1540),(1517,1540,1518),(1518,1540,1541),(1518,1541,1519),(1519,1541,1542),(1519,1542,1520),(1520,1542,1543),(1520,1543,1521),(1521,1543,1544),(1521,1544,1522),(1522,1544,1545),(1522,1545,1523),(1523,1545,1546),(1523,1546,1524),(1524,1546,1547),(1524,1547,1525),(1525,1547,1548),(1525,1548,1526),(1526,1548,1549),(1526,1549,1527),(1527,1549,1550),(1527,1550,1528),(1528,1550,1551),(1528,1551,1529),(1529,1551,1552),(1529,1552,1530),(1530,1552,1553),(1530,1553,1531),(1531,1553,1554),(1531,1554,1532),(1532,1554,1555),(1532,1555,1533),(1533,1555,1556),(1533,1556,1534),(1534,1556,1557),(1534,1557,1535),(1535,1557,1558),(1535,1558,1536),(1536,1558,1559),(1536,1559,1537),(1537,1559,1560),(1537,1560,1561),(1539,1516,1562),(1562,1516,1515),(1562,1515,1563),(1563,1515,1538),(1563,1538,1561),(1561,1538,1537),(1545,1564,1546),(1546,1564,1565),(1546,1565,1547),(1547,1565,1566),(1547,1566,1548),(1548,1566,1567),(1548,1567,1549),(1549,1567,1568),(1549,1568,1550),(1550,1568,1569),(1550,1569,1551),(1551,1569,1570),(1551,1570,1552),(1552,1570,1571),(1552,1571,1553),(1553,1571,1572),(1553,1572,1554),(1554,1572,1573),(1554,1573,1555),(1555,1573,1574),(1555,1574,1556),(1556,1574,1575),(1556,1575,1557),(1557,1575,1576),(1557,1576,1558),(1558,1576,1577),(1558,1577,1559),(1559,1577,1578),(1559,1578,1560),(1560,1578,1579),(1560,1579,1561),(1561,1579,1580),(1561,1580,1563),(1563,1580,1581),(1563,1581,1562),(1562,1581,1582),(1562,1582,1539),(1539,1582,1583),(1539,1583,1540),(1540,1583,1584),(1540,1584,1541),(1541,1584,1585),(1541,1585,1542),(1542,1585,1543),(1543,1585,1586),(1543,1586,1544),(1544,1586,1587),(1544,1587,1545),(1545,1587,1564),(1582,1588,1583),(1583,1588,1589),(1583,1589,1584),(1584,1589,1590),(1584,1590,1585),(1585,1590,1591),(1585,1591,1586),(1586,1591,1592),(1586,1592,1587),(1587,1592,1593),(1587,1593,1564),(1564,1593,1594),(1564,1594,1565),(1565,1594,1595),(1565,1595,1566),(1566,1595,1596),(1566,1596,1567),(1567,1596,1597),(1567,1597,1568),(1568,1597,1598),(1568,1598,1569),(1569,1598,1599),(1569,1599,1570),(1570,1599,1600),(1570,1600,1571),(1571,1600,1601),(1571,1601,1572),(1572,1601,1602),(1572,1602,1573),(1573,1602,1603),(1573,1603,1574),(1574,1603,1604),(1574,1604,1575),(1575,1604,1605),(1575,1605,1576),(1576,1605,1606),(1576,1606,1577),(1577,1606,1607),(1577,1607,1578),(1578,1607,1608),(1578,1608,1579),(1579,1608,1609),(1579,1609,1580),(1580,1609,1610),(1580,1610,1581),(1581,1610,1611),(1581,1611,1582),(1582,1611,1588),(1605,1612,1606),(1606,1612,1613),(1606,1613,1607),(1607,1613,1614),(1607,1614,1608),(1608,1614,1615),(1608,1615,1609),(1609,1615,1616),(1609,1616,1610),(1610,1616,1617),(1610,1617,1611),(1611,1617,1618),(1611,1618,1588),(1588,1618,1619),(1588,1619,1589),(1589,1619,1620),(1589,1620,1590),(1590,1620,1621),(1590,1621,1591),(1591,1621,1622),(1591,1622,1592),(1592,1622,1623),(1592,1623,1593),(1593,1623,1624),(1593,1624,1594),(1594,1624,1625),(1594,1625,1595),(1595,1625,1626),(1595,1626,1596),(1596,1626,1627),(1596,1627,1597),(1597,1627,1628),(1597,1628,1598),(1598,1628,1629),(1598,1629,1599),(1599,1629,1630),(1599,1630,1600),(1600,1630,1631),(1600,1631,1601),(1601,1631,1632),(1601,1632,1602),(1602,1632,1633),(1602,1633,1603),(1603,1633,1634),(1603,1634,1604),(1604,1634,1635),(1604,1635,1605),(1605,1635,1612),(1618,1636,1619),(1619,1636,1637),(1619,1637,1620),(1620,1637,1638),(1620,1638,1621),(1621,1638,1639),(1621,1639,1622),(1622,1639,1640),(1622,1640,1623),(1623,1640,1641),(1623,1641,1624),(1624,1641,1642),(1624,1642,1625),(1625,1642,1643),(1625,1643,1626),(1626,1643,1644),(1626,1644,1627),(1627,1644,1645),(1627,1645,1628),(1628,1645,1646),(1628,1646,1629),(1629,1646,1647),(1629,1647,1630),(1630,1647,1648),(1630,1648,1631),(1631,1648,1649),(1631,1649,1632),(1632,1649,1650),(1632,1650,1633),(1633,1650,1651),(1633,1651,1634),(1634,1651,1652),(1634,1652,1635),(1635,1652,1653),(1635,1653,1612),(1612,1653,1654),(1612,1654,1613),(1613,1654,1655),(1613,1655,1614),(1614,1655,1656),(1614,1656,1615),(1615,1656,1657),(1615,1657,1616),(1616,1657,1658),(1616,1658,1617),(1617,1658,1659),(1617,1659,1618),(1618,1659,1636),(1653,1660,1654),(1654,1660,1661),(1654,1661,1655),(1655,1661,1662),(1655,1662,1656),(1656,1662,1663),(1656,1663,1657),(1657,1663,1664),(1657,1664,1658),(1658,1664,1665),(1658,1665,1659),(1659,1665,1666),(1659,1666,1636),(1636,1666,1667),(1636,1667,1637),(1637,1667,1668),(1637,1668,1638),(1638,1668,1669),(1638,1669,1639),(1639,1669,1670),(1639,1670,1640),(1640,1670,1671),(1640,1671,1641),(1641,1671,1672),(1641,1672,1642),(1642,1672,1673),(1642,1673,1643),(1643,1673,1674),(1643,1674,1644),(1644,1674,1675),(1644,1675,1645),(1645,1675,1676),(1645,1676,1646),(1646,1676,1677),(1646,1677,1647),(1647,1677,1678),(1647,1678,1648),(1648,1678,1679),(1648,1679,1649),(1649,1679,1680),(1649,1680,1650),(1650,1680,1681),(1650,1681,1651),(1651,1681,1682),(1651,1682,1652),(1652,1682,1683),(1652,1683,1653),(1653,1683,1660),(1665,1684,1666),(1666,1684,1685),(1666,1685,1667),(1667,1685,1686),(1667,1686,1668),(1668,1686,1687),(1668,1687,1669),(1669,1687,1688),(1669,1688,1670),(1670,1688,1689),(1670,1689,1671),(1671,1689,1690),(1671,1690,1672),(1672,1690,1691),(1672,1691,1673),(1673,1691,1692),(1673,1692,1674),(1674,1692,1693),(1674,1693,1675),(1675,1693,1694),(1675,1694,1676),(1676,1694,1695),(1676,1695,1677),(1677,1695,1696),(1677,1696,1678),(1678,1696,1697),(1678,1697,1679),(1679,1697,1698),(1679,1698,1680),(1680,1698,1699),(1680,1699,1681),(1681,1699,1700),(1681,1700,1682),(1682,1700,1701),(1682,1701,1683),(1683,1701,1702),(1683,1702,1660),(1660,1702,1703),(1660,1703,1661),(1661,1703,1704),(1661,1704,1662),(1662,1704,1705),(1662,1705,1663),(1663,1705,1706),(1663,1706,1664),(1664,1706,1707),(1664,1707,1665),(1665,1707,1684),(1704,1708,1705),(1705,1708,1709),(1705,1709,1706),(1706,1709,1710),(1706,1710,1707),(1707,1710,1711),(1707,1711,1684),(1684,1711,1712),(1684,1712,1685),(1685,1712,1713),(1685,1713,1686),(1686,1713,1714),(1686,1714,1687),(1687,1714,1715),(1687,1715,1688),(1688,1715,1716),(1688,1716,1689),(1689,1716,1717),(1689,1717,1690),(1690,1717,1718),(1690,1718,1691),(1691,1718,1719),(1691,1719,1692),(1692,1719,1720),(1692,1720,1693),(1693,1720,1721),(1693,1721,1694),(1694,1721,1722),(1694,1722,1695),(1695,1722,1723),(1695,1723,1696),(1696,1723,1724),(1696,1724,1697),(1697,1724,1725),(1697,1725,1698),(1698,1725,1726),(1698,1726,1699),(1699,1726,1727),(1699,1727,1700),(1700,1727,1728),(1700,1728,1701),(1701,1728,1729),(1701,1729,1702),(1702,1729,1730),(1702,1730,1703),(1703,1730,1731),(1703,1731,1704),(1704,1731,1708),(1708,1732,1709),(1709,1732,1733),(1709,1733,1710),(1710,1733,1734),(1710,1734,1711),(1711,1734,1735),(1711,1735,1712),(1712,1735,1736),(1712,1736,1713),(1713,1736,1737),(1713,1737,1714),(1714,1737,1738),(1714,1738,1715),(1715,1738,1739),(1715,1739,1716),(1716,1739,1740),(1716,1740,1717),(1717,1740,1741),(1717,1741,1718),(1718,1741,1742),(1718,1742,1719),(1719,1742,1743),(1719,1743,1720),(1720,1743,1744),(1720,1744,1721),(1721,1744,1745),(1721,1745,1722),(1722,1745,1746),(1722,1746,1723),(1723,1746,1747),(1723,1747,1724),(1724,1747,1748),(1724,1748,1725),(1725,1748,1749),(1725,1749,1726),(1726,1749,1750),(1726,1750,1727),(1727,1750,1751),(1727,1751,1728),(1728,1751,1752),(1728,1752,1729),(1729,1752,1753),(1729,1753,1730),(1730,1753,1754),(1730,1754,1731),(1731,1754,1755),(1731,1755,1708),(1708,1755,1732),(3,49,1),(1,49,7),(7,49,47),(7,47,45),(45,43,7),(7,43,9),(9,43,11),(11,43,41),(11,41,39),(37,17,39),(39,17,15),(39,15,13),(37,35,17),(17,35,19),(19,35,21),(21,35,33),(21,33,31),(29,27,31),(31,27,25),(31,25,23),(23,21,31),(13,11,39),(1755,1754,1733),(1733,1754,1753),(1733,1753,1734),(1734,1753,1752),(1734,1752,1751),(1750,1737,1751),(1751,1737,1736),(1751,1736,1735),(1737,1750,1738),(1738,1750,1749),(1738,1749,1748),(1748,1747,1738),(1738,1747,1739),(1739,1747,1740),(1740,1747,1741),(1741,1747,1746),(1741,1746,1745),(1744,1743,1745),(1745,1743,1742),(1745,1742,1741),(1735,1734,1751),(1733,1732,1755)),$);
#238= IFCSHAPEREPRESENTATION(#28,'Body','Tessellation',(#237));
#239= IFCPRODUCTDEFINITIONSHAPE($,$,(#238));
#240= IFCLOCALPLACEMENT(#5,#22);
#241= IFCBUILTELEMENT('2mLZKdbLv2wwNmN76_c6FT',$,'KSR_60_VK',$,$,#240,#239,'E18');
#242= IFCSTYLEDITEM(#237,(#175),'KSR_60_VK');
#243= IFCPROPERTYSET('09T0qMB6L8n85t0G$$cxQJ',$,'Properties',$,(#44,#45,#46,#47,#48,#49,#50,#51,#52,#53,#54,#55,#56,#57,#58,#59,#60,#61,#62,#63,#64,#65,#66,#67,#69,#70,#245,#246));
#244= IFCRELDEFINESBYPROPERTIES('2ogWmxdgT8C98sxg0YDmGB',$,$,$,(#241),#243);
#245= IFCPROPERTYSINGLEVALUE('Area',$,IFCREAL(9.94731628980033),$);
#246= IFCPROPERTYSINGLEVALUE('Bounds',$,IFCLABEL('((2701731.83964571,1166114.39795779,1995.93107420942),(2701742.78502392,1166154.33688764,2001.56700969593))'),$);
#247= IFCPROPERTYSET('2YIzqSpbz9TufCtTN3e$lw',$,'Misc',$,(#73,#74,#75,#76));
#248= IFCRELDEFINESBYPROPERTIES('2f5DJbnuLCGR7SSqQXbRB3',$,$,$,(#241),#247);
#249= IFCPROPERTYSET('17GBZbarXEbgB5SfBaQMEg',$,'3D Visualization',$,(#79,#80,#81));
#250= IFCRELDEFINESBYPROPERTIES('37QJMqhMD9rhr$EsuAN1KU',$,$,$,(#241),#249);
#251= IFCPROPERTYSET('1T45o2klj9kA2GBFKsWfTI',$,'General',$,(#84,#86,#87,#88,#89,#188));
#252= IFCRELDEFINESBYPROPERTIES('3Hg61ieEn9yOmXNOoziQmb',$,$,$,(#241),#251);
#253= IFCPROPERTYSET('2P94LhDaHAuwLhcTlXilre',$,'Geometry',$,(#92));
#254= IFCRELDEFINESBYPROPERTIES('2TZp45_xzASwXa5qdYdCs9',$,$,$,(#241),#253);
#255= IFCPROPERTYSET('1dtRLrNBz2$vsoI1DUhN8f',$,'01_Info',$,(#123,#193));
#256= IFCRELDEFINESBYPROPERTIES('0JGXEt6nn2bgOWWGgrdqTN',$,$,$,(#241),#255);
#257= IFCCARTESIANPOINTLIST3D(((3.35601,20.99945,1.25096),(4.09634,20.86881,1.27581),(3.35561,20.99894,1.26033),(4.09618,20.86836,1.28467),(4.09643,20.87015,1.29368),(4.09686,20.87139,1.26733),(3.35681,21.00234,1.24205),(4.09772,20.87592,1.25975),(3.35796,21.0074,1.23422),(4.09887,20.88215,1.25353),(3.35938,21.01429,1.22799),(4.10023,20.88968,1.24905),(3.36097,21.02255,1.22379),(4.10173,20.89807,1.24658),(3.36263,21.03161,1.22192),(4.10328,20.9068,1.24627),(3.36424,21.04085,1.22249),(4.10477,20.91535,1.24814),(3.36569,21.04964,1.22546),(4.10612,20.92318,1.25207),(3.36689,21.05739,1.23065),(4.10724,20.92984,1.25783),(3.36775,21.06357,1.23768),(4.10808,20.93491,1.26506),(3.36821,21.06775,1.24608),(4.10857,20.93809,1.27333),(3.36824,21.06965,1.25529),(4.10869,20.93918,1.28214),(3.36784,21.06914,1.26466),(4.10841,20.93803,1.29126),(3.36704,21.06625,1.27357),(4.10775,20.93466,1.29978),(3.36589,21.06119,1.28141),(4.10674,20.92926,1.30715),(3.36447,21.0543,1.28763),(4.10545,20.92221,1.3129),(3.36288,21.04604,1.29183),(4.10396,20.91394,1.31664),(3.36122,21.03698,1.2937),(4.10237,20.90502,1.31813),(3.35961,21.02774,1.29313),(4.10079,20.89601,1.31728),(3.35816,21.01895,1.29016),(4.09931,20.8875,1.31413),(3.35696,21.0112,1.28498),(4.09804,20.88005,1.30891),(3.3561,21.00502,1.27794),(4.09706,20.87414,1.30194),(3.35564,21.00084,1.26954),(4.19444,20.92405,1.28145),(4.19422,20.92303,1.27211),(4.19381,20.91963,1.26335),(4.19325,20.91407,1.25577),(4.19256,20.90673,1.2499),(4.1918,20.89813,1.24612),(4.19101,20.88883,1.24469),(4.19025,20.87948,1.24572),(4.18958,20.87071,1.24913),(4.18903,20.86312,1.25469),(4.18865,20.85723,1.26202),(4.18846,20.85344,1.27062),(4.18848,20.852,1.27991),(4.18869,20.85302,1.28925),(4.1891,20.85643,1.29801),(4.18967,20.86198,1.30558),(4.19036,20.86932,1.31146),(4.19112,20.87793,1.31524),(4.19191,20.88722,1.31667),(4.19266,20.89657,1.31564),(4.19334,20.90534,1.31223),(4.19388,20.91293,1.30667),(4.19426,20.91882,1.29934),(4.19445,20.92261,1.29074),(4.37698,20.88404,1.31393),(4.37507,20.89342,1.31425),(4.37313,20.90255,1.31214),(4.3713,20.91082,1.30772),(4.36969,20.91766,1.30131),(4.36843,20.9226,1.29334),(4.36759,20.92531,1.28435),(4.36723,20.92561,1.27496),(4.36738,20.92347,1.26581),(4.36802,20.91904,1.25752),(4.36912,20.91262,1.25065),(4.3706,20.90465,1.24568),(4.37235,20.89567,1.24293),(4.37426,20.8863,1.24261),(4.3762,20.87717,1.24473),(4.37804,20.8689,1.24915),(4.37964,20.86206,1.25556),(4.38091,20.85712,1.26353),(4.38175,20.8544,1.27251),(4.3821,20.85411,1.2819),(4.38195,20.85625,1.29106),(4.38131,20.86068,1.29935),(4.38021,20.8671,1.30622),(4.37873,20.87507,1.31119),(4.56381,20.96272,1.30421),(4.55846,20.97067,1.3045),(4.5531,20.97833,1.30235),(4.5481,20.98517,1.29792),(4.5438,20.99073,1.29149),(4.5405,20.99462,1.28352),(4.53841,20.99659,1.27454),(4.53768,20.9965,1.26517),(4.53836,20.99436,1.25604),(4.54041,20.99031,1.24778),(4.54368,20.98462,1.24095),(4.54795,20.97769,1.23601),(4.55293,20.96999,1.23331),(4.55829,20.96204,1.23302),(4.56364,20.95439,1.23517),(4.56864,20.94755,1.2396),(4.57294,20.94199,1.24603),(4.57625,20.93809,1.254),(4.57833,20.93612,1.26298),(4.57906,20.93621,1.27235),(4.57838,20.93836,1.28148),(4.57633,20.94241,1.28974),(4.57306,20.94809,1.29657),(4.56879,20.95502,1.30151),(4.70171,21.10891,1.28704),(4.69366,21.11409,1.28665),(4.68588,21.11889,1.28384),(4.67891,21.12298,1.27882),(4.67321,21.12608,1.27192),(4.66918,21.12798,1.26361),(4.6671,21.12854,1.25446),(4.6671,21.12774,1.24509),(4.66919,21.12562,1.23614),(4.67321,21.12234,1.22823),(4.67891,21.1181,1.22189),(4.68588,21.11321,1.21754),(4.69366,21.108,1.2155),(4.70172,21.10281,1.21589),(4.7095,21.09801,1.2187),(4.71647,21.09392,1.22372),(4.72217,21.09082,1.23063),(4.72619,21.08892,1.23893),(4.72828,21.08836,1.24808),(4.72828,21.08916,1.25745),(4.72619,21.09128,1.2664),(4.72217,21.09456,1.27431),(4.71647,21.0988,1.28066),(4.70949,21.10369,1.285),(4.77552,21.29371,1.27637),(4.76643,21.29627,1.27639),(4.75762,21.29865,1.27398),(4.74969,21.30069,1.2693),(4.74318,21.30225,1.26268),(4.73854,21.30322,1.25456),(4.73608,21.30354,1.24549),(4.73597,21.30318,1.2361),(4.73822,21.30217,1.22702),(4.74267,21.30058,1.21888),(4.74902,21.29852,1.21222),(4.75683,21.29612,1.20751),(4.76559,21.29355,1.20506),(4.77468,21.29099,1.20503),(4.78349,21.28861,1.20744),(4.79141,21.28657,1.21212),(4.79792,21.28501,1.21875),(4.80256,21.28404,1.22687),(4.80502,21.28372,1.23593),(4.80513,21.28408,1.24532),(4.80289,21.28509,1.2544),(4.79844,21.28668,1.26254),(4.79209,21.28874,1.2692),(4.78427,21.29114,1.27392),(4.82431,21.54317,1.26869),(4.81515,21.54481,1.27),(4.80596,21.54641,1.26885),(4.79737,21.54786,1.26533),(4.78996,21.54906,1.25967),(4.78424,21.54993,1.25226),(4.7806,21.55042,1.24361),(4.77929,21.55048,1.23431),(4.78039,21.55012,1.22498),(4.78383,21.54935,1.21627),(4.78938,21.54824,1.20877),(4.79666,21.54685,1.20298),(4.80517,21.54528,1.19931),(4.81433,21.54364,1.19801),(4.82352,21.54204,1.19916),(4.83211,21.54059,1.20268),(4.83952,21.53939,1.20834),(4.84523,21.53851,1.21574),(4.84888,21.53803,1.22439),(4.85019,21.53797,1.2337),(4.84909,21.53833,1.24303),(4.84565,21.5391,1.25174),(4.8401,21.54021,1.25924),(4.83282,21.5416,1.26502),(5.1896,23.4704,1.20562),(5.19092,23.47033,1.21492),(5.18981,23.47068,1.22425),(5.18637,23.47144,1.23296),(5.18082,23.47254,1.24046),(5.17354,23.47392,1.24624),(5.16503,23.47549,1.24991),(5.15587,23.47712,1.25122),(5.14668,23.47873,1.25007),(5.18597,23.47089,1.19696),(5.18025,23.47178,1.18956),(5.17284,23.47299,1.1839),(5.16425,23.47444,1.18038),(5.15506,23.47604,1.17923),(5.1459,23.47768,1.18053),(5.13739,23.47924,1.1842),(5.13011,23.48062,1.18999),(5.12456,23.48173,1.19749),(5.12112,23.48249,1.2062),(5.12001,23.48284,1.21553),(5.12133,23.48277,1.22483),(5.12497,23.48227,1.23348),(5.13068,23.48139,1.24089),(5.13809,23.48018,1.24655),(5.25743,23.855,1.19628),(5.25872,23.85483,1.20556),(5.25776,23.85506,1.21421),(5.25382,23.85558,1.18765),(5.24815,23.85653,1.18025),(5.24078,23.85779,1.17459),(5.23223,23.85928,1.17104),(5.22307,23.86088,1.16986),(5.21393,23.86251,1.17112),(5.20542,23.86403,1.17474),(5.19811,23.86536,1.18046),(5.19252,23.86639,1.18791),(5.189,23.86707,1.19657),(5.18781,23.86734,1.20587),(5.18886,23.86721,1.21451),(5.19191,23.86672,1.22264),(5.1968,23.86591,1.2298),(5.20323,23.86481,1.23555),(5.21084,23.8635,1.23957),(5.21917,23.86204,1.24163),(5.22774,23.86053,1.24159),(5.23604,23.85905,1.23947),(5.24361,23.85769,1.23538),(5.24998,23.85653,1.22957),(5.25479,23.85563,1.22237),(5.28991,24.44637,1.21273),(5.29105,24.44622,1.20341),(5.29453,24.44567,1.19469),(5.30011,24.44473,1.18719),(5.30741,24.44348,1.18141),(5.31594,24.442,1.17774),(5.3251,24.44039,1.17643),(5.33429,24.43876,1.17758),(5.34286,24.43723,1.1811),(5.35025,24.43589,1.18676),(5.35594,24.43484,1.19417),(5.35954,24.43415,1.20282),(5.36081,24.43387,1.21213),(5.35967,24.43401,1.22145),(5.35619,24.43457,1.23017),(5.35061,24.4355,1.23767),(5.34331,24.43675,1.24345),(5.33479,24.43823,1.24712),(5.32562,24.43984,1.24843),(5.31644,24.44147,1.24728),(5.30786,24.443,1.24376),(5.30048,24.44434,1.2381),(5.29479,24.44539,1.23069),(5.29119,24.44608,1.22204),(5.53387,25.4153,1.21344),(5.53274,25.41551,1.22276),(5.52927,25.41613,1.23148),(5.5237,25.41713,1.23898),(5.51641,25.41842,1.24476),(5.50789,25.41993,1.24843),(5.49872,25.42154,1.24974),(5.48954,25.42316,1.24859),(5.48096,25.42467,1.24507),(5.47356,25.42597,1.23941),(5.46787,25.42696,1.232),(5.46425,25.42759,1.22335),(5.46296,25.42781,1.21404),(5.46409,25.42759,1.20471),(5.46756,25.42697,1.196),(5.47313,25.42598,1.1885),(5.48043,25.42469,1.18271),(5.48895,25.42318,1.17905),(5.49811,25.42156,1.17774),(5.5073,25.41995,1.17889),(5.53258,25.41552,1.20413),(5.52897,25.41614,1.19548),(5.52327,25.41714,1.18807),(5.51588,25.41844,1.18241),(5.58626,25.71244,1.21231),(5.58514,25.71267,1.22164),(5.58167,25.71332,1.23035),(5.57611,25.71433,1.23785),(5.56881,25.71563,1.24364),(5.5603,25.71715,1.24731),(5.55113,25.71877,1.24861),(5.54195,25.72039,1.24746),(5.53336,25.72189,1.24394),(5.52597,25.72317,1.23828),(5.52027,25.72415,1.23087),(5.51665,25.72475,1.22222),(5.51536,25.72494,1.21292),(5.51648,25.72471,1.20359),(5.51995,25.72407,1.19488),(5.52551,25.72306,1.18737),(5.53281,25.72175,1.18159),(5.54132,25.72023,1.17792),(5.55049,25.71861,1.17661),(5.55967,25.717,1.17776),(5.58497,25.71263,1.203),(5.58135,25.71324,1.19435),(5.57565,25.71421,1.18694),(5.56826,25.7155,1.18129),(5.62369,25.93219,1.20219),(5.62499,25.93209,1.21148),(5.62405,25.93238,1.22012),(5.62008,25.93271,1.19356),(5.61439,25.93361,1.18617),(5.60702,25.93483,1.1805),(5.59847,25.93629,1.17696),(5.58931,25.93789,1.17578),(5.58016,25.93952,1.17704),(5.57166,25.94107,1.18066),(5.56436,25.94244,1.18638),(5.55877,25.94353,1.19382),(5.55527,25.94426,1.20249),(5.55409,25.9446,1.21178),(5.55514,25.94453,1.22042),(5.55821,25.9441,1.22855),(5.56311,25.94333,1.2357),(5.56955,25.94228,1.24146),(5.57716,25.94099,1.24548),(5.58549,25.93955,1.24753),(5.59406,25.93804,1.2475),(5.60236,25.93654,1.24537),(5.60992,25.93516,1.24129),(5.61629,25.93395,1.23548),(5.62109,25.93301,1.22828),(5.64366,26.45259,1.2001),(5.64475,26.45216,1.19078),(5.64818,26.45133,1.18207),(5.65372,26.45017,1.17457),(5.66099,26.44874,1.16878),(5.6695,26.44715,1.16512),(5.67866,26.4455,1.16381),(5.68785,26.44391,1.16496),(5.69644,26.44248,1.16848),(5.70386,26.44132,1.17414),(5.70959,26.44049,1.18154),(5.71324,26.44007,1.19019),(5.71456,26.44007,1.19949),(5.71347,26.4405,1.20882),(5.71004,26.44132,1.21753),(5.7045,26.44249,1.22503),(5.69723,26.44392,1.23081),(5.68873,26.44551,1.23448),(5.67957,26.44716,1.23579),(5.67038,26.44875,1.23464),(5.66178,26.45018,1.23112),(5.65437,26.45134,1.22546),(5.64864,26.45216,1.21805),(5.64499,26.45259,1.20941),(6.09783,28.61368,1.14097),(6.09674,28.6141,1.1503),(6.0933,28.61492,1.15901),(6.08776,28.61608,1.16651),(6.08049,28.61751,1.17229),(6.07199,28.6191,1.17596),(6.06283,28.62074,1.17726),(6.05364,28.62234,1.17611),(6.04504,28.62376,1.17259),(6.03763,28.62493,1.16694),(6.0319,28.62576,1.15953),(6.02825,28.62619,1.15088),(6.02693,28.62619,1.14158),(6.02802,28.62577,1.13225),(6.03145,28.62495,1.12354),(6.03699,28.62379,1.11604),(6.04426,28.62236,1.11026),(6.05277,28.62077,1.10659),(6.06193,28.61913,1.10529),(6.07112,28.61753,1.10643),(6.0965,28.61368,1.13167),(6.09285,28.61411,1.12302),(6.08713,28.61494,1.11561),(6.07971,28.61611,1.10996),(6.11581,28.71564,1.13868),(6.1147,28.716,1.14801),(6.11126,28.71675,1.15672),(6.10571,28.71786,1.16423),(6.09843,28.71924,1.17001),(6.08992,28.7208,1.17368),(6.08076,28.72244,1.17498),(6.07157,28.72404,1.17383),(6.06298,28.7255,1.17031),(6.05557,28.72671,1.16465),(6.04986,28.72759,1.15725),(6.04622,28.72808,1.1486),(6.04491,28.72815,1.13929),(6.04601,28.7278,1.12997),(6.04945,28.72704,1.12125),(6.055,28.72594,1.11375),(6.06228,28.72456,1.10797),(6.07079,28.72299,1.1043),(6.07995,28.72135,1.10299),(6.08914,28.71975,1.10414),(6.11449,28.71571,1.12938),(6.11086,28.71621,1.12073),(6.10514,28.71709,1.11332),(6.09773,28.7183,1.10766),(6.22222,29.32131,1.12667),(6.22235,29.32128,1.13607),(6.22005,29.32145,1.14518),(6.21547,29.32181,1.1534),(6.20891,29.32234,1.16015),(6.20084,29.323,1.16498),(6.19179,29.32374,1.16755),(6.18238,29.32451,1.1677),(6.17326,29.32527,1.16542),(6.16505,29.32596,1.16085),(6.1583,29.32653,1.15431),(6.15348,29.32694,1.14625),(6.15092,29.32717,1.13721),(6.15078,29.3272,1.12781),(6.15308,29.32703,1.11869),(6.15766,29.32667,1.11048),(6.16422,29.32614,1.10373),(6.17229,29.32549,1.0989),(6.18134,29.32475,1.09632),(6.19075,29.32397,1.09617),(6.19987,29.32321,1.09846),(6.20808,29.32253,1.10303),(6.21483,29.32196,1.10957),(6.21965,29.32154,1.11763),(6.19841,29.50901,1.16813),(6.18935,29.50706,1.1705),(6.17997,29.50514,1.17044),(6.17091,29.50339,1.16795),(6.1628,29.50192,1.1632),(6.15619,29.50084,1.15652),(6.15153,29.50021,1.14836),(6.14912,29.50009,1.13927),(6.14915,29.50048,1.12987),(6.15161,29.50135,1.12082),(6.15632,29.50264,1.11271),(6.16297,29.50427,1.10611),(6.17111,29.50613,1.10147),(6.18018,29.50808,1.0991),(6.18955,29.51,1.09915),(6.19861,29.51175,1.10164),(6.20672,29.51322,1.10639),(6.21333,29.51431,1.11308),(6.21799,29.51493,1.12124),(6.2204,29.51505,1.13033),(6.22037,29.51466,1.13972),(6.21791,29.51379,1.14878),(6.2132,29.5125,1.15688),(6.20655,29.51087,1.16348),(6.1165,29.69645,1.18212),(6.10864,29.69112,1.18331),(6.10075,29.68579,1.18203),(6.09338,29.68084,1.17839),(6.08702,29.67661,1.17262),(6.08211,29.67337,1.16513),(6.07898,29.67135,1.15642),(6.07784,29.67069,1.14708),(6.07878,29.67143,1.13776),(6.08173,29.67353,1.12908),(6.08649,29.67684,1.12164),(6.09273,29.68113,1.11595),(6.10003,29.68611,1.11239),(6.10789,29.69144,1.1112),(6.11578,29.69676,1.11248),(6.12315,29.70171,1.11612),(6.12951,29.70595,1.12189),(6.13442,29.70919,1.12938),(6.13755,29.71121,1.13809),(6.13869,29.71187,1.14743),(6.13775,29.71112,1.15675),(6.1348,29.70903,1.16543),(6.13004,29.70572,1.17287),(6.1238,29.70143,1.17856),(5.96131,29.82514,1.17384),(5.95645,29.81747,1.17083),(5.95226,29.8107,1.16562),(5.94901,29.80528,1.15856),(5.94694,29.80159,1.15014),(5.94617,29.79988,1.14093),(5.94677,29.80026,1.13155),(5.94869,29.80271,1.12265),(5.9518,29.80706,1.11484),(5.95589,29.81301,1.10864),(5.96069,29.82016,1.10448),(5.96585,29.82803,1.10264),(5.97104,29.83606,1.10324),(5.9759,29.84373,1.10626),(5.98009,29.8505,1.11147),(5.98334,29.85592,1.11853),(5.98541,29.85961,1.12695),(5.98618,29.86132,1.13616),(5.98558,29.86094,1.14553),(5.98366,29.85849,1.15443),(5.98055,29.85414,1.16225),(5.97646,29.84819,1.16845),(5.97166,29.84104,1.17261),(5.9665,29.83317,1.17445),(5.7837,29.91203,1.16985),(5.78115,29.903,1.17099),(5.7786,29.894,1.16968),(5.77621,29.88565,1.16601),(5.77415,29.87852,1.16022),(5.77256,29.87308,1.15271),(5.77154,29.86972,1.144),(5.77116,29.86865,1.13467),(5.77146,29.86996,1.12536),(5.7724,29.87355,1.11671),(5.77393,29.87918,1.1093),(5.77594,29.88647,1.10364),(5.7783,29.89491,1.10012),(5.78084,29.90394,1.09897),(5.78339,29.91293,1.10028),(5.78578,29.92128,1.10396),(5.78784,29.92842,1.10974),(5.78944,29.93385,1.11725),(5.79046,29.93722,1.12597),(5.79084,29.93828,1.1353),(5.79054,29.93697,1.14461),(5.7896,29.93338,1.15326),(5.78807,29.92775,1.16067),(5.78605,29.92047,1.16633),(5.42026,29.97699,1.18201),(5.41868,29.96781,1.18324),(5.41701,29.95865,1.18201),(5.41535,29.95012,1.17842),(5.41383,29.94282,1.1727),(5.41255,29.93724,1.16525),(5.4116,29.93375,1.15658),(5.41103,29.93261,1.14726),(5.41089,29.93388,1.13795),(5.4112,29.93748,1.12928),(5.41192,29.94316,1.12183),(5.413,29.95054,1.11611),(5.41439,29.95911,1.11252),(5.41597,29.96829,1.11129),(5.41765,29.97746,1.11252),(5.4193,29.98598,1.11611),(5.42082,29.99329,1.12183),(5.4221,29.99887,1.12928),(5.42306,30.00235,1.13795),(5.42362,30.0035,1.14726),(5.42376,30.00223,1.15658),(5.42346,29.99863,1.16525),(5.42274,29.99295,1.1727),(5.42165,29.98557,1.17842),(5.24817,30.03341,1.14564),(5.24878,30.03455,1.15495),(5.24897,30.03327,1.16426),(5.24871,30.02966,1.17293),(5.24802,30.02397,1.18038),(5.24696,30.01659,1.1861),(5.2456,30.00801,1.18969),(5.24402,29.99883,1.19092),(5.24234,29.98967,1.18969),(5.24718,30.02994,1.13697),(5.24586,30.02436,1.12952),(5.24431,30.01706,1.1238),(5.24264,30.00854,1.12021),(5.24096,29.99937,1.11898),(5.23938,29.99019,1.12021),(5.23802,29.98162,1.1238),(5.23696,29.97423,1.12952),(5.23627,29.96854,1.13697),(5.23601,29.96494,1.14564),(5.2362,29.96366,1.15495),(5.23681,29.96479,1.16426),(5.2378,29.96827,1.17293),(5.23912,29.97385,1.18038),(5.24067,29.98114,1.1861)),$);
#258= IFCTRIANGULATEDFACESET(#257,$,$,((1,2,3),(3,2,4),(3,4,5),(2,1,6),(6,1,7),(6,7,8),(8,7,9),(8,9,10),(10,9,11),(10,11,12),(12,11,13),(12,13,14),(14,13,15),(14,15,16),(16,15,17),(16,17,18),(18,17,19),(18,19,20),(20,19,21),(20,21,22),(22,21,23),(22,23,24),(24,23,25),(24,25,26),(26,25,27),(26,27,28),(28,27,29),(28,29,30),(30,29,31),(30,31,32),(32,31,33),(32,33,34),(34,33,35),(34,35,36),(36,35,37),(36,37,38),(38,37,39),(38,39,40),(40,39,41),(40,41,42),(42,41,43),(42,43,44),(44,43,45),(44,45,46),(46,45,47),(46,47,48),(48,47,49),(48,49,5),(5,49,3),(30,50,28),(28,50,51),(28,51,26),(26,51,24),(24,51,52),(24,52,22),(22,52,53),(22,53,20),(20,53,54),(20,54,18),(18,54,55),(18,55,16),(16,55,56),(16,56,14),(14,56,57),(14,57,12),(12,57,58),(12,58,10),(10,58,59),(10,59,8),(8,59,60),(8,60,6),(6,60,61),(6,61,2),(2,61,62),(2,62,4),(4,62,63),(4,63,5),(5,63,64),(5,64,48),(48,64,65),(48,65,46),(46,65,66),(46,66,44),(44,66,67),(44,67,42),(42,67,68),(42,68,40),(40,68,69),(40,69,38),(38,69,70),(38,70,36),(36,70,71),(36,71,34),(34,71,72),(34,72,32),(32,72,73),(32,73,30),(30,73,50),(67,74,68),(68,74,75),(68,75,69),(69,75,76),(69,76,70),(70,76,77),(70,77,71),(71,77,78),(71,78,72),(72,78,79),(72,79,73),(73,79,80),(73,80,50),(50,80,81),(50,81,51),(51,81,82),(51,82,52),(52,82,83),(52,83,53),(53,83,84),(53,84,54),(54,84,85),(54,85,55),(55,85,86),(55,86,56),(56,86,87),(56,87,57),(57,87,88),(57,88,58),(58,88,89),(58,89,59),(59,89,90),(59,90,60),(60,90,91),(60,91,61),(61,91,92),(61,92,62),(62,92,93),(62,93,63),(63,93,94),(63,94,64),(64,94,95),(64,95,65),(65,95,96),(65,96,66),(66,96,97),(66,97,67),(67,97,74),(74,98,75),(75,98,99),(75,99,76),(76,99,100),(76,100,77),(77,100,101),(77,101,78),(78,101,102),(78,102,79),(79,102,103),(79,103,80),(80,103,104),(80,104,81),(81,104,105),(81,105,82),(82,105,106),(82,106,83),(83,106,107),(83,107,84),(84,107,108),(84,108,85),(85,108,109),(85,109,86),(86,109,110),(86,110,87),(87,110,111),(87,111,88),(88,111,112),(88,112,89),(89,112,113),(89,113,90),(90,113,114),(90,114,91),(91,114,115),(91,115,92),(92,115,116),(92,116,93),(93,116,117),(93,117,94),(94,117,118),(94,118,95),(95,118,119),(95,119,96),(96,119,120),(96,120,97),(97,120,121),(97,121,74),(74,121,98),(98,122,99),(99,122,123),(99,123,100),(100,123,124),(100,124,101),(101,124,125),(101,125,102),(102,125,126),(102,126,103),(103,126,127),(103,127,104),(104,127,128),(104,128,105),(105,128,129),(105,129,106),(106,129,130),(106,130,107),(107,130,131),(107,131,108),(108,131,132),(108,132,109),(109,132,133),(109,133,110),(110,133,134),(110,134,111),(111,134,135),(111,135,112),(112,135,136),(112,136,113),(113,136,137),(113,137,114),(114,137,138),(114,138,115),(115,138,139),(115,139,116),(116,139,140),(116,140,117),(117,140,141),(117,141,118),(118,141,142),(118,142,119),(119,142,143),(119,143,120),(120,143,144),(120,144,121),(121,144,145),(121,145,98),(98,145,122),(145,146,122),(122,146,147),(122,147,123),(123,147,148),(123,148,124),(124,148,149),(124,149,125),(125,149,150),(125,150,126),(126,150,151),(126,151,127),(127,151,152),(127,152,128),(128,152,153),(128,153,129),(129,153,154),(129,154,130),(130,154,155),(130,155,131),(131,155,156),(131,156,132),(132,156,157),(132,157,133),(133,157,158),(133,158,134),(134,158,159),(134,159,135),(135,159,160),(135,160,136),(136,160,161),(136,161,137),(137,161,162),(137,162,138),(138,162,163),(138,163,139),(139,163,164),(139,164,140),(140,164,165),(140,165,141),(141,165,166),(141,166,142),(142,166,167),(142,167,143),(143,167,168),(143,168,144),(144,168,169),(144,169,145),(145,169,146),(169,170,146),(146,170,171),(146,171,147),(147,171,172),(147,172,148),(148,172,173),(148,173,149),(149,173,174),(149,174,150),(150,174,175),(150,175,151),(151,175,176),(151,176,152),(152,176,177),(152,177,153),(153,177,178),(153,178,154),(154,178,179),(154,179,155),(155,179,180),(155,180,156),(156,180,181),(156,181,157),(157,181,182),(157,182,158),(158,182,183),(158,183,159),(159,183,184),(159,184,160),(160,184,185),(160,185,161),(161,185,186),(161,186,162),(162,186,187),(162,187,163),(163,187,188),(163,188,164),(164,188,189),(164,189,165),(165,189,190),(165,190,166),(166,190,191),(166,191,167),(167,191,192),(167,192,168),(168,192,193),(168,193,169),(169,193,170),(188,194,189),(189,194,195),(189,195,190),(190,195,196),(190,196,191),(191,196,197),(191,197,192),(192,197,198),(192,198,193),(193,198,199),(193,199,170),(170,199,200),(170,200,171),(171,200,201),(171,201,202),(194,188,203),(203,188,187),(203,187,204),(204,187,186),(204,186,205),(205,186,185),(205,185,206),(206,185,184),(206,184,207),(207,184,183),(207,183,182),(207,182,208),(208,182,181),(208,181,209),(209,181,180),(209,180,210),(210,180,179),(210,179,211),(211,179,178),(211,178,212),(212,178,177),(212,177,213),(213,177,176),(213,176,214),(214,176,175),(214,175,215),(215,175,174),(215,174,216),(216,174,173),(216,173,217),(217,173,172),(217,172,202),(202,172,171),(194,218,195),(195,218,219),(195,219,220),(218,194,221),(221,194,203),(221,203,222),(222,203,204),(222,204,223),(223,204,205),(223,205,224),(224,205,206),(224,206,225),(225,206,207),(225,207,226),(226,207,208),(226,208,227),(227,208,209),(227,209,228),(228,209,210),(228,210,229),(229,210,211),(229,211,230),(230,211,212),(230,212,231),(231,212,213),(231,213,232),(232,213,214),(232,214,233),(233,214,215),(233,215,234),(234,215,216),(234,216,235),(235,216,217),(235,217,236),(236,217,202),(236,202,237),(237,202,201),(237,201,238),(238,201,200),(238,200,239),(239,200,199),(239,199,240),(240,199,198),(240,198,241),(241,198,197),(241,197,242),(242,197,196),(242,196,220),(220,196,195),(232,243,231),(231,243,244),(231,244,230),(230,244,245),(230,245,229),(229,245,246),(229,246,228),(228,246,247),(228,247,227),(227,247,248),(227,248,226),(226,248,249),(226,249,225),(225,249,250),(225,250,224),(224,250,251),(224,251,223),(223,251,252),(223,252,222),(222,252,253),(222,253,221),(221,253,254),(221,254,218),(218,254,255),(218,255,219),(219,255,220),(220,255,256),(220,256,242),(242,256,257),(242,257,241),(241,257,258),(241,258,240),(240,258,259),(240,259,239),(239,259,260),(239,260,238),(238,260,261),(238,261,237),(237,261,262),(237,262,236),(236,262,263),(236,263,235),(235,263,264),(235,264,234),(234,264,265),(234,265,233),(233,265,266),(233,266,232),(232,266,243),(254,267,255),(255,267,268),(255,268,256),(256,268,269),(256,269,257),(257,269,270),(257,270,258),(258,270,271),(258,271,259),(259,271,272),(259,272,260),(260,272,273),(260,273,261),(261,273,262),(262,273,274),(262,274,263),(263,274,275),(263,275,264),(264,275,276),(264,276,265),(265,276,277),(265,277,266),(266,277,278),(266,278,243),(243,278,279),(243,279,244),(244,279,280),(244,280,245),(245,280,281),(245,281,246),(246,281,282),(246,282,247),(247,282,283),(247,283,248),(248,283,284),(248,284,249),(249,284,285),(249,285,286),(267,254,287),(287,254,253),(287,253,288),(288,253,252),(288,252,289),(289,252,251),(289,251,290),(290,251,250),(290,250,286),(286,250,249),(287,291,267),(267,291,292),(267,292,268),(268,292,293),(268,293,269),(269,293,294),(269,294,270),(270,294,295),(270,295,271),(271,295,296),(271,296,272),(272,296,297),(272,297,273),(273,297,274),(274,297,298),(274,298,275),(275,298,299),(275,299,276),(276,299,300),(276,300,277),(277,300,301),(277,301,278),(278,301,302),(278,302,279),(279,302,303),(279,303,280),(280,303,304),(280,304,281),(281,304,305),(281,305,282),(282,305,306),(282,306,283),(283,306,307),(283,307,284),(284,307,308),(284,308,285),(285,308,309),(285,309,310),(291,287,311),(311,287,288),(311,288,312),(312,288,289),(312,289,313),(313,289,290),(313,290,314),(314,290,286),(314,286,310),(310,286,285),(311,315,291),(291,315,316),(291,316,317),(315,311,318),(318,311,312),(318,312,319),(319,312,313),(319,313,320),(320,313,314),(320,314,321),(321,314,310),(321,310,322),(322,310,309),(322,309,323),(323,309,308),(323,308,324),(324,308,307),(324,307,325),(325,307,306),(325,306,326),(326,306,305),(326,305,327),(327,305,304),(327,304,328),(328,304,303),(328,303,329),(329,303,302),(329,302,330),(330,302,301),(330,301,331),(331,301,300),(331,300,332),(332,300,299),(332,299,333),(333,299,298),(333,298,334),(334,298,297),(334,297,335),(335,297,296),(335,296,336),(336,296,295),(336,295,337),(337,295,294),(337,294,338),(338,294,293),(338,293,339),(339,293,292),(339,292,317),(317,292,291),(329,340,328),(328,340,341),(328,341,327),(327,341,342),(327,342,326),(326,342,343),(326,343,325),(325,343,344),(325,344,324),(324,344,345),(324,345,323),(323,345,346),(323,346,322),(322,346,347),(322,347,321),(321,347,348),(321,348,320),(320,348,349),(320,349,319),(319,349,350),(319,350,318),(318,350,351),(318,351,315),(315,351,352),(315,352,316),(316,352,317),(317,352,353),(317,353,339),(339,353,354),(339,354,338),(338,354,355),(338,355,337),(337,355,356),(337,356,336),(336,356,357),(336,357,335),(335,357,358),(335,358,334),(334,358,359),(334,359,333),(333,359,360),(333,360,332),(332,360,361),(332,361,331),(331,361,362),(331,362,330),(330,362,363),(330,363,329),(329,363,340),(351,364,352),(352,364,365),(352,365,353),(353,365,366),(353,366,354),(354,366,367),(354,367,355),(355,367,368),(355,368,356),(356,368,369),(356,369,357),(357,369,370),(357,370,358),(358,370,359),(359,370,371),(359,371,360),(360,371,372),(360,372,361),(361,372,373),(361,373,362),(362,373,374),(362,374,363),(363,374,375),(363,375,340),(340,375,376),(340,376,341),(341,376,377),(341,377,342),(342,377,378),(342,378,343),(343,378,379),(343,379,344),(344,379,380),(344,380,345),(345,380,381),(345,381,346),(346,381,382),(346,382,383),(364,351,384),(384,351,350),(384,350,385),(385,350,349),(385,349,386),(386,349,348),(386,348,387),(387,348,347),(387,347,383),(383,347,346),(384,388,364),(364,388,389),(364,389,365),(365,389,390),(365,390,366),(366,390,391),(366,391,367),(367,391,392),(367,392,368),(368,392,393),(368,393,369),(369,393,394),(369,394,370),(370,394,371),(371,394,395),(371,395,372),(372,395,396),(372,396,373),(373,396,397),(373,397,374),(374,397,398),(374,398,375),(375,398,399),(375,399,376),(376,399,400),(376,400,377),(377,400,401),(377,401,378),(378,401,402),(378,402,379),(379,402,403),(379,403,380),(380,403,404),(380,404,381),(381,404,405),(381,405,382),(382,405,406),(382,406,407),(388,384,408),(408,384,385),(408,385,409),(409,385,386),(409,386,410),(410,386,387),(410,387,411),(411,387,383),(411,383,407),(407,383,382),(408,412,388),(388,412,413),(388,413,389),(389,413,414),(389,414,390),(390,414,415),(390,415,391),(391,415,416),(391,416,392),(392,416,417),(392,417,393),(393,417,418),(393,418,394),(394,418,419),(394,419,395),(395,419,420),(395,420,396),(396,420,421),(396,421,397),(397,421,422),(397,422,398),(398,422,423),(398,423,399),(399,423,424),(399,424,400),(400,424,425),(400,425,401),(401,425,426),(401,426,402),(402,426,427),(402,427,403),(403,427,428),(403,428,404),(404,428,429),(404,429,405),(405,429,430),(405,430,406),(406,430,431),(406,431,407),(407,431,432),(407,432,411),(411,432,433),(411,433,410),(410,433,434),(410,434,409),(409,434,435),(409,435,408),(408,435,412),(417,436,418),(418,436,437),(418,437,419),(419,437,438),(419,438,420),(420,438,439),(420,439,421),(421,439,440),(421,440,422),(422,440,441),(422,441,423),(423,441,442),(423,442,424),(424,442,443),(424,443,425),(425,443,444),(425,444,426),(426,444,445),(426,445,427),(427,445,446),(427,446,428),(428,446,447),(428,447,429),(429,447,448),(429,448,430),(430,448,449),(430,449,431),(431,449,450),(431,450,432),(432,450,451),(432,451,433),(433,451,452),(433,452,434),(434,452,453),(434,453,435),(435,453,454),(435,454,412),(412,454,455),(412,455,413),(413,455,456),(413,456,414),(414,456,457),(414,457,415),(415,457,458),(415,458,416),(416,458,459),(416,459,417),(417,459,436),(436,460,437),(437,460,461),(437,461,438),(438,461,462),(438,462,439),(439,462,463),(439,463,440),(440,463,464),(440,464,441),(441,464,465),(441,465,442),(442,465,466),(442,466,443),(443,466,467),(443,467,444),(444,467,468),(444,468,445),(445,468,469),(445,469,446),(446,469,470),(446,470,447),(447,470,471),(447,471,448),(448,471,472),(448,472,449),(449,472,473),(449,473,450),(450,473,474),(450,474,451),(451,474,475),(451,475,452),(452,475,476),(452,476,453),(453,476,477),(453,477,454),(454,477,478),(454,478,455),(455,478,479),(455,479,456),(456,479,480),(456,480,457),(457,480,481),(457,481,458),(458,481,482),(458,482,459),(459,482,483),(459,483,436),(436,483,460),(461,484,462),(462,484,485),(462,485,463),(463,485,486),(463,486,464),(464,486,487),(464,487,465),(465,487,488),(465,488,466),(466,488,489),(466,489,467),(467,489,490),(467,490,468),(468,490,491),(468,491,469),(469,491,492),(469,492,470),(470,492,493),(470,493,471),(471,493,494),(471,494,472),(472,494,495),(472,495,473),(473,495,496),(473,496,474),(474,496,497),(474,497,475),(475,497,498),(475,498,476),(476,498,499),(476,499,477),(477,499,500),(477,500,478),(478,500,501),(478,501,479),(479,501,502),(479,502,480),(480,502,503),(480,503,481),(481,503,504),(481,504,482),(482,504,505),(482,505,483),(483,505,506),(483,506,460),(460,506,507),(460,507,461),(461,507,484),(506,508,507),(507,508,509),(507,509,484),(484,509,510),(484,510,485),(485,510,511),(485,511,486),(486,511,512),(486,512,487),(487,512,513),(487,513,488),(488,513,514),(488,514,489),(489,514,515),(489,515,490),(490,515,516),(490,516,491),(491,516,517),(491,517,492),(492,517,518),(492,518,493),(493,518,519),(493,519,494),(494,519,520),(494,520,495),(495,520,521),(495,521,496),(496,521,522),(496,522,497),(497,522,523),(497,523,498),(498,523,524),(498,524,499),(499,524,525),(499,525,500),(500,525,526),(500,526,501),(501,526,527),(501,527,502),(502,527,528),(502,528,503),(503,528,529),(503,529,504),(504,529,530),(504,530,505),(505,530,531),(505,531,506),(506,531,508),(531,532,508),(508,532,533),(508,533,509),(509,533,534),(509,534,510),(510,534,535),(510,535,511),(511,535,536),(511,536,512),(512,536,537),(512,537,513),(513,537,538),(513,538,514),(514,538,539),(514,539,515),(515,539,540),(515,540,516),(516,540,541),(516,541,517),(517,541,542),(517,542,518),(518,542,543),(518,543,519),(519,543,544),(519,544,520),(520,544,545),(520,545,521),(521,545,546),(521,546,522),(522,546,547),(522,547,523),(523,547,548),(523,548,524),(524,548,549),(524,549,525),(525,549,550),(525,550,526),(526,550,551),(526,551,527),(527,551,552),(527,552,528),(528,552,553),(528,553,529),(529,553,554),(529,554,530),(530,554,555),(530,555,531),(531,555,532),(550,556,551),(551,556,557),(551,557,552),(552,557,558),(552,558,553),(553,558,559),(553,559,554),(554,559,560),(554,560,555),(555,560,561),(555,561,532),(532,561,562),(532,562,533),(533,562,563),(533,563,564),(556,550,565),(565,550,549),(565,549,566),(566,549,548),(566,548,567),(567,548,547),(567,547,568),(568,547,546),(568,546,569),(569,546,545),(569,545,544),(569,544,570),(570,544,543),(570,543,571),(571,543,542),(571,542,572),(572,542,541),(572,541,573),(573,541,540),(573,540,574),(574,540,539),(574,539,575),(575,539,538),(575,538,576),(576,538,537),(576,537,577),(577,537,536),(577,536,578),(578,536,535),(578,535,579),(579,535,534),(579,534,564),(564,534,533),(3,49,1),(1,49,7),(7,49,47),(7,47,45),(43,15,45),(45,15,13),(45,13,11),(43,41,15),(15,41,39),(15,39,17),(17,39,19),(19,39,21),(21,39,37),(21,37,35),(35,33,21),(21,33,31),(21,31,23),(23,31,25),(25,31,29),(25,29,27),(11,9,45),(45,9,7),(557,556,558),(558,556,559),(559,556,560),(560,556,565),(560,565,566),(566,567,560),(560,567,561),(561,567,568),(561,568,569),(570,563,569),(569,563,562),(569,562,561),(570,571,563),(563,571,564),(564,571,579),(579,571,572),(579,572,573),(573,574,579),(579,574,578),(578,574,577),(577,574,576),(576,574,575)),$);
#259= IFCSHAPEREPRESENTATION(#28,'Body','Tessellation',(#258));
#260= IFCPRODUCTDEFINITIONSHAPE($,$,(#259));
#261= IFCLOCALPLACEMENT(#5,#22);
#262= IFCBUILTELEMENT('2$F8j618r2YB6DruNvvxTG',$,'KSR_60_VK',$,$,#261,#260,'E1F');
#263= IFCSTYLEDITEM(#258,(#175),'KSR_60_VK');
#264= IFCPROPERTYSET('0fr_OEwyn51eRr3D7gc46v',$,'Properties',$,(#44,#45,#46,#47,#48,#49,#50,#51,#52,#53,#54,#55,#56,#57,#58,#59,#60,#61,#62,#63,#64,#65,#66,#67,#69,#70,#266,#267));
#265= IFCRELDEFINESBYPROPERTIES('0nL73Zx4PCSPaiojkavArx',$,$,$,(#262),#264);
#266= IFCPROPERTYSINGLEVALUE('Area',$,IFCREAL(2.52078565346913),$);
#267= IFCPROPERTYSINGLEVALUE('Bounds',$,IFCLABEL('((2701733.35557,1166131.85199464,1996.09593462514),(2701736.22259677,1166141.0345492,1996.3181497252))'),$);
#268= IFCPROPERTYSET('0ko84miU14hwy7SrcV2eg2',$,'Misc',$,(#73,#74,#75,#76));
#269= IFCRELDEFINESBYPROPERTIES('3ixxU8SPnEVgbDwz1W_2oT',$,$,$,(#262),#268);
#270= IFCPROPERTYSET('0qSnNyunH8nhupYkebQhz_',$,'3D Visualization',$,(#79,#80,#81));
#271= IFCRELDEFINESBYPROPERTIES('2_ud9NIM17UREIcDb8GUzC',$,$,$,(#262),#270);
#272= IFCPROPERTYSET('0KSt6GjN9CeulBVvkJTJFn',$,'General',$,(#84,#86,#87,#88,#89,#188));
#273= IFCRELDEFINESBYPROPERTIES('3$0n4vrgHDAOu217EHEjd0',$,$,$,(#262),#272);
#274= IFCPROPERTYSET('22xJdBIFX35OMv3GVwxonn',$,'Geometry',$,(#92));
#275= IFCRELDEFINESBYPROPERTIES('0lKSpjX2v2zQBUkVN7EA3Z',$,$,$,(#262),#274);
#276= IFCPROPERTYSET('16r2gJTn57efBYhOPLhBo$',$,'01_Info',$,(#193));
#277= IFCRELDEFINESBYPROPERTIES('0qUwQWnvP3KuW2oo2s01XS',$,$,$,(#262),#276);
#278= IFCCARTESIANPOINTLIST3D(((12.57174,43.45727,1.22114),(12.34943,43.18263,1.15135),(12.56989,43.45638,1.23032),(12.34805,43.18165,1.16059),(12.56996,43.45396,1.2394),(12.34854,43.1791,1.16963),(12.57194,43.45019,1.24777),(12.35087,43.17515,1.17783),(12.57571,43.4453,1.25487),(12.35488,43.17008,1.18465),(12.58099,43.43965,1.2602),(12.3603,43.16422,1.18961),(12.58744,43.43361,1.2634),(12.36676,43.15797,1.19238),(12.59461,43.42759,1.26426),(12.37381,43.15176,1.19278),(12.60201,43.42201,1.26272),(12.38098,43.14602,1.19076),(12.60914,43.41725,1.25888),(12.38778,43.14114,1.18648),(12.61552,43.41362,1.253),(12.39375,43.13744,1.18021),(12.6207,43.41139,1.24549),(12.39847,43.13518,1.1724),(12.62434,43.41069,1.23686),(12.40163,43.13452,1.16357),(12.62619,43.41158,1.22768),(12.40302,43.1355,1.15432),(12.62612,43.41399,1.2186),(12.40252,43.13804,1.14529),(12.62414,43.41777,1.21023),(12.40019,43.14199,1.13709),(12.62037,43.42265,1.20313),(12.39618,43.14707,1.13027),(12.61509,43.42831,1.1978),(12.39077,43.15293,1.12531),(12.60864,43.43435,1.1946),(12.38431,43.15918,1.12253),(12.60147,43.44036,1.19374),(12.37726,43.16538,1.12214),(12.59407,43.44595,1.19528),(12.37008,43.17112,1.12416),(12.58694,43.45071,1.19912),(12.36328,43.17601,1.12844),(12.58056,43.45433,1.205),(12.35732,43.1797,1.1347),(12.57538,43.45657,1.21251),(12.35259,43.18196,1.14252),(12.07831,42.81495,1.12057),(12.08424,42.80986,1.11534),(12.08916,42.80605,1.10828),(12.09272,42.80377,1.09986),(12.09468,42.80319,1.09068),(12.09491,42.80434,1.08135),(12.0934,42.80715,1.0725),(12.09024,42.81142,1.06474),(12.08565,42.81686,1.05861),(12.07995,42.8231,1.05451),(12.07352,42.82973,1.05273),(12.0668,42.83627,1.05338),(12.06025,42.8423,1.05643),(12.05432,42.84739,1.06167),(12.0494,42.85121,1.06873),(12.04584,42.85348,1.07714),(12.04388,42.85407,1.08633),(12.04365,42.85292,1.09566),(12.04516,42.85011,1.10451),(12.04832,42.84584,1.11226),(12.05291,42.84039,1.1184),(12.05861,42.83415,1.1225),(12.06504,42.82753,1.12428),(12.07176,42.82098,1.12362),(11.46547,42.21472,1.05986),(11.46862,42.21164,1.05155),(11.47031,42.21034,1.04239),(11.47042,42.21092,1.03301),(11.46894,42.21332,1.02405),(11.46597,42.21739,1.01611),(11.46173,42.22285,1.00974),(11.45648,42.22932,1.00537),(11.45061,42.23637,1.0033),(11.44449,42.24351,1.00367),(11.43855,42.25027,1.00645),(11.4332,42.25617,1.01146),(11.4288,42.26081,1.01836),(11.42565,42.26389,1.02667),(11.42397,42.26518,1.03582),(11.42386,42.26461,1.0452),(11.42534,42.26221,1.05417),(11.4283,42.25814,1.06211),(11.43255,42.25268,1.06848),(11.43779,42.24621,1.07285),(11.44367,42.23916,1.07492),(11.44978,42.23202,1.07455),(11.45572,42.22526,1.07176),(11.46107,42.21936,1.06675),(10.74988,41.70304,1.04068),(10.75549,41.69567,1.03907),(10.76073,41.68894,1.03512),(10.76525,41.68332,1.0291),(10.76875,41.67918,1.02142),(10.77098,41.67681,1.01261),(10.77179,41.67637,1.00326),(10.77113,41.67789,0.99401),(10.76904,41.68126,0.98549),(10.76567,41.68627,0.97828),(10.76124,41.69255,0.97288),(10.75606,41.6997,0.96965),(10.75047,41.70721,0.96881),(10.74487,41.71458,0.97042),(10.73963,41.72131,0.97437),(10.73511,41.72693,0.98039),(10.73161,41.73107,0.98807),(10.72938,41.73344,0.99688),(10.72857,41.73388,1.00624),(10.72923,41.73236,1.01549),(10.73132,41.72898,1.02401),(10.73469,41.72398,1.03121),(10.73912,41.7177,1.03662),(10.7443,41.71055,1.03985),(10.69465,41.67895,1.03618),(10.7002,41.6716,1.03807),(10.70593,41.66418,1.03751),(10.71146,41.65718,1.03455),(10.71642,41.65109,1.02938),(10.72045,41.64632,1.02236),(10.72329,41.64319,1.01396),(10.72475,41.64193,1.00476),(10.72472,41.64261,0.99539),(10.72321,41.6452,0.98648),(10.72032,41.6495,0.97864),(10.71625,41.65524,0.97241),(10.71127,41.66201,0.96821),(10.70572,41.66936,0.96632),(10.69999,41.67679,0.96688),(10.69446,41.68379,0.96984),(10.6895,41.68988,0.97501),(10.68547,41.69465,0.98203),(10.68263,41.69777,0.99043),(10.68117,41.69903,0.99963),(10.6812,41.69835,1.009),(10.68271,41.69577,1.01791),(10.6856,41.69146,1.02575),(10.68967,41.68573,1.03198),(10.59983,41.59688,1.03238),(10.60568,41.58956,1.03305),(10.61151,41.5824,1.03126),(10.61691,41.5759,1.02715),(10.62151,41.57049,1.021),(10.62501,41.56655,1.01322),(10.62716,41.56434,1.00434),(10.62782,41.56402,0.99497),(10.62694,41.5656,0.98575),(10.62458,41.56898,0.9773),(10.62091,41.57393,0.9702),(10.61617,41.58011,0.96494),(10.61069,41.58709,0.96188),(10.60483,41.59442,0.96121),(10.59901,41.60157,0.963),(10.59361,41.60808,0.9671),(10.589,41.61348,0.97326),(10.5855,41.61742,0.98104),(10.58335,41.61963,0.98992),(10.5827,41.61996,0.99929),(10.58357,41.61837,1.00851),(10.58593,41.61499,1.01696),(10.58961,41.61005,1.02405),(10.59435,41.60387,1.02931),(10.01441,41.16332,0.97548),(10.01457,41.16282,0.98487),(10.01634,41.16052,0.99381),(10.0196,41.15658,1.00169),(10.02412,41.15125,1.00799),(10.0296,41.14491,1.01227),(10.03566,41.13799,1.01423),(10.04189,41.13096,1.01376),(10.04787,41.12429,1.01086),(10.05319,41.11845,1.00576),(10.05748,41.11383,0.99878),(10.06045,41.11075,0.99042),(10.06191,41.10941,0.98123),(10.06174,41.10991,0.97185),(10.05997,41.11221,0.96291),(10.05671,41.11615,0.95502),(10.05219,41.12148,0.94872),(10.04671,41.12782,0.94445),(10.04065,41.13474,0.94248),(10.03442,41.14177,0.94296),(10.02844,41.14843,0.94585),(10.02313,41.15428,0.95096),(10.01884,41.1589,0.95793),(10.01586,41.16198,0.9663),(9.59089,40.71304,1.00219),(9.5973,40.70647,1.0031),(9.60363,40.69991,1.00166),(9.60945,40.6938,0.99794),(9.61439,40.68852,0.9922),(9.61811,40.68444,0.98481),(9.62038,40.68181,0.97625),(9.62105,40.68081,0.9671),(9.62015,40.68144,0.95832),(9.61779,40.68359,0.95007),(9.61411,40.68713,0.94285),(9.60934,40.69185,0.93709),(9.60376,40.69745,0.93314),(9.59771,40.70361,0.93123),(9.58481,40.71918,0.99896),(9.57946,40.72451,0.99365),(9.5752,40.72865,0.98659),(9.5723,40.73136,0.97825),(9.57095,40.73243,0.96918),(9.5712,40.73188,0.96036),(9.57295,40.7298,0.95194),(9.57608,40.72632,0.94444),(9.58041,40.72166,0.9383),(9.58567,40.71609,0.93389),(9.59156,40.70995,0.93149),(9.45148,40.51713,0.99016),(9.45161,40.5162,0.98081),(9.44996,40.51695,0.97159),(9.44663,40.51933,0.96313),(9.44187,40.52317,0.956),(9.43598,40.52823,0.95069),(9.42937,40.53415,0.94756),(9.42249,40.54052,0.94683),(9.41581,40.54693,0.94854),(9.40979,40.55292,0.95258),(9.40483,40.55809,0.95867),(9.40127,40.56208,0.9664),(9.39936,40.56464,0.97524),(9.39923,40.56557,0.9846),(9.40088,40.56482,0.99382),(9.40421,40.56244,1.00228),(9.40897,40.5586,1.00941),(9.41486,40.55354,1.01472),(9.42147,40.54762,1.01785),(9.42835,40.54125,1.01858),(9.43503,40.53484,1.01687),(9.44105,40.52885,1.01283),(9.44601,40.52368,1.00674),(9.44957,40.51969,0.999),(8.86881,39.89426,1.07023),(8.87625,39.8885,1.07016),(8.88336,39.88287,1.06767),(8.88967,39.87775,1.06292),(8.89473,39.87349,1.05623),(8.89821,39.87038,1.04807),(8.89987,39.86863,1.03898),(8.89959,39.86836,1.02959),(8.89739,39.86959,1.02053),(8.89343,39.87224,1.01243),(8.88797,39.87612,1.00584),(8.88139,39.88097,1.0012),(8.87413,39.88646,0.99883),(8.86669,39.89222,0.99889),(8.85958,39.89785,1.00138),(8.85327,39.90297,1.00614),(8.84821,39.90723,1.01282),(8.84473,39.91034,1.02099),(8.84307,39.91209,1.03008),(8.84335,39.91236,1.03947),(8.84554,39.91113,1.04852),(8.8495,39.90848,1.05662),(8.85496,39.9046,1.06322),(8.86155,39.89975,1.06786),(8.84089,39.82641,1.07006),(8.84775,39.82153,1.06588),(8.85348,39.81742,1.05967),(8.85768,39.81434,1.05184),(8.86007,39.81252,1.04294),(8.86048,39.81207,1.03356),(8.85889,39.81303,1.02435),(8.8554,39.81534,1.01593),(8.85026,39.81882,1.00888),(8.8438,39.82325,1.00367),(8.83649,39.82833,1.00067),(8.8288,39.8337,1.00008),(8.82127,39.83901,1.00194),(8.81441,39.84389,1.00611),(8.80868,39.848,1.01232),(8.80448,39.85108,1.02015),(8.80209,39.8529,1.02906),(8.80168,39.85335,1.03843),(8.80327,39.85239,1.04765),(8.80676,39.85008,1.05607),(8.81191,39.8466,1.06312),(8.81836,39.84217,1.06832),(8.82567,39.83709,1.07132),(8.83336,39.83172,1.07191),(8.61291,39.58389,1.04062),(8.61444,39.58284,1.04983),(8.61787,39.58046,1.05825),(8.62297,39.57691,1.0653),(8.62939,39.57243,1.0705),(8.63669,39.56733,1.0735),(8.64437,39.56195,1.0741),(8.65191,39.55666,1.07224),(8.6588,39.55182,1.06806),(8.66457,39.54776,1.06185),(8.66882,39.54476,1.05403),(8.67127,39.54302,1.04512),(8.67174,39.54266,1.03574),(8.67021,39.54371,1.02653),(8.66677,39.54609,1.01811),(8.66168,39.54964,1.01106),(8.65526,39.55412,1.00585),(8.64796,39.55922,1.00285),(8.64028,39.5646,1.00226),(8.63273,39.56989,1.00412),(8.61338,39.58353,1.03124),(8.61583,39.58179,1.02233),(8.62008,39.57879,1.0145),(8.62584,39.57473,1.00829),(8.35124,39.20958,1.03117),(8.35087,39.20975,1.04056),(8.35257,39.20861,1.04973),(8.35622,39.20624,1.05806),(8.36158,39.2028,1.06498),(8.36827,39.19854,1.07002),(8.37585,39.19372,1.07284),(8.38379,39.1887,1.07324),(8.39156,39.1838,1.0712),(8.39862,39.17936,1.06685),(8.4045,39.17569,1.06049),(8.40879,39.17303,1.05256),(8.41121,39.17157,1.04359),(8.41158,39.1714,1.03421),(8.40988,39.17254,1.02503),(8.40623,39.17491,1.0167),(8.40087,39.17834,1.00978),(8.39418,39.18261,1.00474),(8.3866,39.18742,1.00192),(8.37866,39.19245,1.00152),(8.37089,39.19735,1.00357),(8.36383,39.20178,1.00791),(8.35795,39.20546,1.01427),(8.35366,39.20812,1.0222),(8.28089,39.00914,1.07121),(8.2889,39.00459,1.06936),(8.29623,39.00045,1.06519),(8.30238,38.99698,1.05898),(8.30692,38.99444,1.05116),(8.30955,38.99298,1.04225),(8.31009,38.99272,1.03287),(8.3085,38.99367,1.02366),(8.30489,38.99576,1.01524),(8.29951,38.99885,1.00818),(8.29272,39.00274,1.00298),(8.28498,39.00715,0.99997),(8.27683,39.01178,0.99937),(8.26882,39.01633,1.00122),(8.26149,39.02047,1.00539),(8.25534,39.02394,1.0116),(8.2508,39.02648,1.01943),(8.24817,39.02794,1.02833),(8.24763,39.0282,1.03771),(8.24922,39.02725,1.04692),(8.25283,39.02516,1.05534),(8.25821,39.02207,1.0624),(8.265,39.01819,1.06761),(8.27274,39.01378,1.07061),(7.92691,38.46405,1.03641),(7.92797,38.46353,1.04573),(7.93116,38.46193,1.05443),(7.93624,38.45937,1.06191),(7.94288,38.45601,1.06767),(7.95062,38.45209,1.0713),(7.95894,38.44788,1.07257),(7.96726,38.44365,1.07138),(7.97502,38.4397,1.06782),(7.98169,38.4363,1.06214),(7.98682,38.43368,1.0547),(7.99006,38.43202,1.04604),(7.99118,38.43143,1.03673),(7.99011,38.43194,1.0274),(7.98693,38.43354,1.01871),(7.98184,38.4361,1.01122),(7.9752,38.43946,1.00547),(7.96746,38.44338,1.00184),(7.95915,38.44759,1.00057),(7.95083,38.45182,1.00176),(7.94307,38.45577,1.00531),(7.93639,38.45917,1.011),(7.93126,38.46179,1.01843),(7.92803,38.46345,1.0271),(7.90384,38.34191,1.07218),(7.91239,38.33807,1.07277),(7.9208,38.33428,1.07092),(7.92847,38.33082,1.06675),(7.9349,38.32791,1.06054),(7.93963,38.32575,1.05271),(7.94236,38.3245,1.04381),(7.94289,38.32423,1.03443),(7.94119,38.32496,1.02521),(7.93738,38.32665,1.01679),(7.9317,38.32917,1.00974),(7.92456,38.33237,1.00453),(7.91644,38.33601,1.00153),(7.90788,38.33986,1.00094),(7.89948,38.34364,1.00279),(7.89181,38.3471,1.00696),(7.88538,38.35001,1.01317),(7.88064,38.35217,1.02099),(7.87791,38.35343,1.0299),(7.87738,38.3537,1.03928),(7.87908,38.35296,1.04849),(7.8829,38.35127,1.05691),(7.88857,38.34875,1.06397),(7.89571,38.34555,1.06917),(7.66646,37.88458,1.04119),(7.66817,37.88386,1.05041),(7.67199,37.88218,1.05883),(7.67767,37.87967,1.06588),(7.68482,37.87648,1.07109),(7.69295,37.87285,1.07409),(7.7015,37.869,1.07469),(7.7099,37.86522,1.07283),(7.71757,37.86174,1.06866),(7.72399,37.85882,1.06245),(7.72873,37.85665,1.05463),(7.73145,37.85538,1.04572),(7.73197,37.8551,1.03634),(7.73027,37.85581,1.02713),(7.72644,37.85749,1.01871),(7.72076,37.86,1.01165),(7.71362,37.86319,1.00645),(7.70549,37.86683,1.00345),(7.69693,37.87067,1.00285),(7.68853,37.87446,1.0047),(7.66699,37.88429,1.03181),(7.66971,37.88302,1.02291),(7.67444,37.88085,1.01508),(7.68086,37.87793,1.00887),(7.61358,37.76577,1.03322),(7.61321,37.76602,1.0426),(7.61509,37.76529,1.05178),(7.61907,37.76363,1.06013),(7.6249,37.76116,1.06708),(7.63218,37.75804,1.07215),(7.6404,37.7545,1.075),(7.64901,37.75076,1.07543),(7.65742,37.74708,1.07342),(7.66507,37.74372,1.06911),(7.67142,37.7409,1.06277),(7.67604,37.73882,1.05486),(7.67862,37.73761,1.04591),(7.67899,37.73737,1.03652),(7.67712,37.7381,1.02734),(7.67313,37.73976,1.01899),(7.6673,37.74223,1.01205),(7.66003,37.74534,1.00698),(7.6518,37.74889,1.00413),(7.64319,37.75263,1.00369),(7.63478,37.75631,1.0057),(7.62714,37.75967,1.01002),(7.62079,37.76249,1.01635),(7.61616,37.76457,1.02426),(7.58597,37.64301,1.0743),(7.59451,37.63983,1.07662),(7.6033,37.63649,1.07649),(7.61173,37.63321,1.07394),(7.61924,37.63024,1.06914),(7.62532,37.62775,1.06241),(7.62954,37.62594,1.05421),(7.63162,37.62491,1.0451),(7.63142,37.62474,1.03571),(7.62895,37.62544,1.02666),(7.62438,37.62696,1.01859),(7.61803,37.62921,1.01203),(7.61031,37.63202,1.00744),(7.60177,37.6352,1.00513),(7.59298,37.63854,1.00525),(7.58455,37.64181,1.0078),(7.57703,37.64479,1.01261),(7.57096,37.64727,1.01934),(7.56674,37.64909,1.02753),(7.56466,37.65012,1.03664),(7.56486,37.65029,1.04604),(7.56733,37.64959,1.05508),(7.5719,37.64806,1.06315),(7.57825,37.64582,1.06971),(7.45835,37.27833,1.08761),(7.46655,37.27562,1.09075),(7.47522,37.27269,1.09161),(7.48379,37.26973,1.09012),(7.49171,37.26694,1.08639),(7.49846,37.26449,1.08064),(7.5036,37.26255,1.07327),(7.50679,37.26124,1.06475),(7.50783,37.26065,1.05564),(7.50672,37.2608,1.04684),(7.50362,37.26164,1.03857),(7.4987,37.26313,1.03134),(7.49227,37.26517,1.02559),(7.48471,37.26764,1.02166),(7.47649,37.27039,1.01979),(7.4681,37.27326,1.0201),(7.46006,37.27606,1.02256),(7.45284,37.27863,1.02703),(7.45115,37.28065,1.08238),(7.44543,37.28242,1.0754),(7.44155,37.28352,1.06714),(7.43977,37.28389,1.05813),(7.44016,37.28353,1.04928),(7.44258,37.28249,1.04081),(7.4469,37.28082,1.03324),(7.36698,36.84998,1.06857),(7.36784,36.84964,1.05922),(7.36634,36.84998,1.04995),(7.36258,36.85098,1.04139),(7.35682,36.85257,1.03413),(7.34946,36.85464,1.02866),(7.34099,36.85706,1.02535),(7.33199,36.85965,1.02444),(7.32307,36.86224,1.02598),(7.31485,36.86465,1.02986),(7.30788,36.86672,1.03583),(7.30264,36.86831,1.04347),(7.29949,36.8693,1.05227),(7.29863,36.86964,1.06162),(7.30013,36.8693,1.07089),(7.30389,36.8683,1.07945),(7.30965,36.86671,1.08671),(7.31701,36.86463,1.09218),(7.32548,36.86222,1.09548),(7.33448,36.85963,1.0964),(7.34339,36.85704,1.09486),(7.35161,36.85463,1.09098),(7.35858,36.85256,1.08501),(7.36382,36.85097,1.07737),(7.26087,36.58999,1.09773),(7.26977,36.58789,1.09858),(7.27859,36.58576,1.09709),(7.25245,36.59194,1.09459),(7.24508,36.59359,1.08936),(7.23922,36.59484,1.08239),(7.23526,36.59561,1.07414),(7.23345,36.59586,1.06513),(7.23387,36.59557,1.05627),(7.23639,36.5948,1.0478),(7.24084,36.59358,1.04022),(7.24697,36.59199,1.03401),(7.2544,36.59013,1.02953),(7.26268,36.58811,1.02706),(7.2713,36.58604,1.02675),(7.27975,36.58407,1.02862),(7.2875,36.5823,1.03255),(7.2941,36.58085,1.0383),(7.29913,36.5798,1.04553),(7.30229,36.57922,1.0538),(7.3034,36.57914,1.06261),(7.3023,36.57959,1.07172),(7.29899,36.58055,1.08024),(7.29369,36.58197,1.08761),(7.28673,36.58374,1.09335),(7.17058,36.02182,1.08183),(7.16947,36.02171,1.07249),(7.16603,36.02206,1.06375),(7.16049,36.02286,1.0562),(7.15322,36.02403,1.05035),(7.14472,36.02551,1.0466),(7.13557,36.0272,1.04521),(7.12639,36.02897,1.04627),(7.11781,36.0307,1.04971),(7.11041,36.03229,1.0553),(7.1047,36.03362,1.06265),(7.10106,36.0346,1.07126),(7.09975,36.03516,1.08055),(7.10085,36.03527,1.08988),(7.10429,36.03491,1.09862),(7.10984,36.03412,1.10617),(7.11711,36.03294,1.11202),(7.12561,36.03146,1.11577),(7.13476,36.02978,1.11716),(7.14394,36.02801,1.1161),(7.15252,36.02627,1.11266),(7.15992,36.02469,1.10708),(7.16563,36.02336,1.09973),(7.16926,36.02238,1.09111),(7.00701,35.18504,1.14494),(7.01629,35.18414,1.14621),(7.02556,35.18317,1.14502),(7.03421,35.18217,1.14146),(7.04164,35.18122,1.13577),(7.04734,35.18039,1.12834),(7.05092,35.17973,1.11967),(7.05215,35.17929,1.11037),(7.05093,35.17909,1.10105),(7.04735,35.17916,1.09236),(7.04166,35.17947,1.08488),(7.03424,35.18003,1.07914),(7.02559,35.18077,1.07551),(7.01632,35.18167,1.07425),(7.00704,35.18264,1.07544),(6.99839,35.18364,1.079),(6.99097,35.18459,1.08469),(6.98527,35.18542,1.09212),(6.98168,35.18608,1.10078),(6.98046,35.18652,1.11009),(6.98167,35.18672,1.1194),(6.98525,35.18665,1.12809),(6.99094,35.18634,1.13557),(6.99837,35.18578,1.14132),(7.00363,35.10359,1.14814),(7.01275,35.10304,1.14896),(7.02177,35.10247,1.14745),(7.03013,35.10191,1.1437),(7.03726,35.10139,1.13796),(7.04271,35.10097,1.13059),(7.04613,35.10065,1.12208),(7.04729,35.10047,1.11298),(7.04618,35.10043,1.10416),(6.99501,35.10409,1.14504),(6.98746,35.10449,1.13985),(6.98145,35.10477,1.13292),(6.97739,35.10492,1.1247),(6.97553,35.10493,1.11572),(6.97594,35.10479,1.10684),(6.97852,35.10453,1.09834),(6.9831,35.10415,1.09072),(6.98939,35.10369,1.08447),(6.99703,35.10316,1.07995),(7.00554,35.1026,1.07745),(7.0144,35.10205,1.07711),(7.02308,35.10154,1.07896),(7.03105,35.1011,1.08288),(7.03781,35.10075,1.08864),(7.04296,35.10052,1.09588),(7.0178,34.62259,1.10897),(7.01674,34.62273,1.09963),(7.01331,34.62297,1.09089),(7.00772,34.6233,1.08334),(7.00038,34.62369,1.07749),(6.99177,34.62412,1.07374),(6.98248,34.62457,1.07235),(6.97315,34.62499,1.07342),(6.96442,34.62536,1.07686),(6.95687,34.62565,1.08245),(6.95102,34.62585,1.08981),(6.94727,34.62595,1.09843),(6.94588,34.62592,1.10772),(6.94694,34.62579,1.11706),(6.95038,34.62555,1.1258),(6.95596,34.62522,1.13335),(6.96331,34.62482,1.1392),(6.97192,34.62439,1.14295),(6.9812,34.62395,1.14434),(6.99053,34.62353,1.14327),(6.99927,34.62315,1.13983),(7.00682,34.62286,1.13424),(7.01266,34.62266,1.12688),(7.01641,34.62257,1.11826),(6.96309,34.23077,1.14012),(6.97247,34.23047,1.14064),(6.98166,34.23018,1.13871),(6.99004,34.22992,1.13447),(6.99704,34.22972,1.1282),(7.00218,34.22959,1.12034),(7.00511,34.22953,1.11141),(7.00563,34.22955,1.10202),(7.0037,34.22965,1.09282),(6.99946,34.22983,1.08444),(6.9932,34.23006,1.07744),(6.98534,34.23034,1.0723),(6.97641,34.23064,1.06937),(6.96703,34.23095,1.06885),(6.95784,34.23124,1.07078),(6.94946,34.2315,1.07502),(6.94246,34.2317,1.08129),(6.93732,34.23183,1.08916),(6.93439,34.23189,1.09809),(6.93387,34.23187,1.10747),(6.9358,34.23176,1.11667),(6.94004,34.23159,1.12505),(6.9463,34.23136,1.13205),(6.95416,34.23108,1.1372),(6.92007,33.83394,1.10582),(6.92152,33.83384,1.1151),(6.92531,33.83362,1.1237),(6.93119,33.83329,1.13102),(6.93877,33.83289,1.13657),(6.94753,33.83243,1.13996),(6.95686,33.83195,1.14097),(6.96613,33.83149,1.13952),(6.97472,33.83106,1.13573),(6.98203,33.83071,1.12983),(6.98757,33.83045,1.12225),(6.99096,33.83031,1.11348),(6.99197,33.83029,1.10414),(6.99053,33.8304,1.09485),(6.98674,33.83062,1.08626),(6.98085,33.83094,1.07893),(6.97327,33.83135,1.07339),(6.96452,33.83181,1.07),(6.95519,33.83228,1.06899),(6.94591,33.83275,1.07043),(6.93733,33.83317,1.07423),(6.93001,33.83353,1.08012),(6.92447,33.83378,1.08771),(6.92108,33.83392,1.09647),(6.87156,32.78428,1.13043),(6.88058,32.78332,1.13288),(6.88994,32.78235,1.13291),(6.89898,32.78144,1.1305),(6.9071,32.78066,1.12583),(6.91374,32.78005,1.1192),(6.91845,32.77967,1.11108),(6.9209,32.77952,1.10201),(6.92094,32.77963,1.09261),(6.91855,32.77999,1.08352),(6.91391,32.78057,1.07537),(6.90732,32.78134,1.06871),(6.89924,32.78223,1.06399),(6.89021,32.7832,1.06153),(6.88086,32.78417,1.0615),(6.87181,32.78507,1.06391),(6.8637,32.78586,1.06859),(6.85706,32.78646,1.07521),(6.85235,32.78685,1.08334),(6.84989,32.78699,1.09241),(6.84985,32.78688,1.10181),(6.85224,32.78652,1.11089),(6.85689,32.78594,1.11904),(6.86347,32.78518,1.1257),(6.84909,32.5718,1.12894),(6.85839,32.57049,1.12945),(6.8675,32.56924,1.12751),(6.8758,32.56812,1.12326),(6.88274,32.56722,1.11699),(6.88784,32.5666,1.10911),(6.89074,32.5663,1.10018),(6.89126,32.56633,1.0908),(6.88936,32.5667,1.0816),(6.88516,32.56739,1.07322),(6.87896,32.56833,1.06623),(6.87117,32.56948,1.06109),(6.86233,32.57076,1.05817),(6.85303,32.57206,1.05766),(6.84392,32.57332,1.0596),(6.83562,32.57443,1.06385),(6.82868,32.57533,1.07013),(6.82358,32.57595,1.078),(6.82068,32.57626,1.08693),(6.82016,32.57622,1.09632),(6.82206,32.57585,1.10551),(6.82626,32.57517,1.11389),(6.83246,32.57422,1.12089),(6.84025,32.57307,1.12602),(6.78531,32.32372,1.08551),(6.7848,32.32376,1.09489),(6.78672,32.32346,1.10409),(6.79092,32.32284,1.11247),(6.79713,32.32195,1.11946),(6.80493,32.32084,1.1246),(6.81377,32.31959,1.12752),(6.82307,32.31829,1.12803),(6.83217,32.31702,1.12609),(6.78821,32.32334,1.07657),(6.79329,32.32265,1.0687),(6.80022,32.3217,1.06243),(6.80853,32.32055,1.05818),(6.81763,32.31928,1.05624),(6.82693,32.31798,1.05675),(6.83577,32.31673,1.05967),(6.84357,32.31562,1.0648),(6.84978,32.31473,1.0718),(6.85398,32.31412,1.08018),(6.8559,32.31382,1.08937),(6.85539,32.31386,1.09876),(6.85249,32.31423,1.10769),(6.84741,32.31492,1.11556),(6.84048,32.31587,1.12184),(6.70327,31.74105,1.08806),(6.70356,31.74102,1.09745),(6.70625,31.74062,1.10645),(6.71115,31.73986,1.11444),(6.71792,31.7388,1.12087),(6.72611,31.73752,1.1253),(6.73515,31.73609,1.12745),(6.74443,31.73462,1.12715),(6.75331,31.73321,1.12443),(6.7612,31.73195,1.11947),(6.76755,31.73094,1.11262),(6.77193,31.73023,1.10433),(6.77405,31.72987,1.09518),(6.77375,31.7299,1.08579),(6.77106,31.73031,1.07679),(6.76616,31.73107,1.06881),(6.75939,31.73212,1.06238),(6.75121,31.73341,1.05794),(6.74217,31.73483,1.0558),(6.73289,31.7363,1.0561),(6.724,31.73771,1.05882),(6.71611,31.73897,1.06377),(6.70976,31.73999,1.07063),(6.70538,31.7407,1.07891),(6.6351,31.13228,1.13054),(6.64415,31.13068,1.12861),(6.65241,31.12921,1.12435),(6.65929,31.12798,1.11808),(6.66435,31.12707,1.11021),(6.66722,31.12654,1.10128),(6.66772,31.12643,1.09189),(6.6658,31.12674,1.08269),(6.66161,31.12746,1.07431),(6.65543,31.12853,1.06732),(6.64768,31.12988,1.06218),(6.63888,31.13143,1.05926),(6.62964,31.13305,1.05875),(6.62058,31.13466,1.06069),(6.61233,31.13612,1.06494),(6.60544,31.13735,1.07122),(6.60039,31.13826,1.07909),(6.59752,31.13879,1.08802),(6.59702,31.13891,1.0974),(6.59893,31.13859,1.1066),(6.60312,31.13788,1.11498),(6.6093,31.1368,1.12198),(6.61706,31.13545,1.12711),(6.62586,31.13391,1.13003),(6.57942,31.03667,1.08854),(6.57902,31.03684,1.09742),(6.58087,31.03661,1.1064),(6.58194,31.03613,1.08004),(6.58645,31.03525,1.07242),(6.59265,31.03408,1.06616),(6.60018,31.0327,1.06164),(6.60858,31.03119,1.05914),(6.61732,31.02965,1.0588),(6.62589,31.02816,1.06064),(6.63375,31.02682,1.06456),(6.64044,31.0257,1.07032),(6.64553,31.02489,1.07756),(6.64872,31.02442,1.08584),(6.64982,31.02432,1.09467),(6.64869,31.02463,1.10376),(6.64533,31.02532,1.11227),(6.63996,31.02635,1.11963),(6.63293,31.02765,1.12537),(6.6247,31.02914,1.12912),(6.61579,31.03073,1.13064),(6.6068,31.03231,1.12982),(6.59829,31.03377,1.12672),(6.59083,31.03503,1.12154),(6.5849,31.036,1.11462),(6.51606,30.26926,1.11829),(6.51653,30.269,1.1089),(6.51459,30.26916,1.09971),(6.51038,30.26973,1.09133),(6.50417,30.27069,1.08433),(6.4964,30.27196,1.0792),(6.4876,30.27346,1.07628),(6.47835,30.27507,1.07577),(6.4693,30.27671,1.07771),(6.46106,30.27825,1.08196),(6.45419,30.27958,1.08823),(6.44917,30.28062,1.0961),(6.44632,30.2813,1.10503),(6.44585,30.28157,1.11442),(6.44779,30.28141,1.12361),(6.452,30.28083,1.13199),(6.4582,30.27987,1.13898),(6.46597,30.2786,1.14412),(6.47478,30.27711,1.14704),(6.48402,30.27549,1.14755),(6.49307,30.27385,1.14561),(6.50131,30.27232,1.14136),(6.50818,30.27098,1.13509),(6.51321,30.26994,1.12722),(6.19419,28.85432,1.13843),(6.19612,28.85415,1.14762),(6.20034,28.85358,1.156),(6.20654,28.85262,1.163),(6.21431,28.85135,1.16813),(6.22312,28.84985,1.17105),(6.23236,28.84823,1.17156),(6.24141,28.8466,1.16963),(6.24965,28.84506,1.16538),(6.25652,28.84373,1.1591),(6.26155,28.84269,1.15123),(6.26439,28.84201,1.1423),(6.26486,28.84174,1.13292),(6.26293,28.84191,1.12372),(6.25871,28.84248,1.11534),(6.25251,28.84344,1.10835),(6.24474,28.84471,1.10322),(6.23593,28.84621,1.1003),(6.22669,28.84783,1.09979),(6.21764,28.84946,1.10172),(6.19466,28.85405,1.12905),(6.1975,28.85337,1.12012),(6.20253,28.85233,1.11225),(6.2094,28.851,1.10597),(6.1506,28.60421,1.13465),(6.15014,28.60453,1.14403),(6.15209,28.60441,1.15322),(6.15631,28.60387,1.1616),(6.16252,28.60295,1.1686),(6.17029,28.60171,1.17373),(6.1791,28.60023,1.17665),(6.18834,28.59861,1.17716),(6.19739,28.59697,1.17522),(6.15344,28.60349,1.12572),(6.15846,28.60241,1.11785),(6.16533,28.60105,1.11158),(6.17356,28.59949,1.10733),(6.18261,28.59785,1.10539),(6.19186,28.59623,1.1059),(6.20066,28.59475,1.10882),(6.20844,28.59351,1.11395),(6.21465,28.59258,1.12095),(6.21887,28.59205,1.12932),(6.22082,28.59193,1.13852),(6.22035,28.59224,1.1479),(6.21751,28.59296,1.15683),(6.21249,28.59404,1.1647),(6.20563,28.59541,1.17097),(5.76734,26.43061,1.19317),(5.76688,26.43092,1.20255),(5.76882,26.43081,1.21175),(5.77304,26.43028,1.22013),(5.77926,26.42936,1.22712),(5.78703,26.42812,1.23225),(5.79584,26.42664,1.23517),(5.80508,26.42502,1.23568),(5.81413,26.42338,1.23375),(5.77018,26.42988,1.18424),(5.7752,26.4288,1.17637),(5.78206,26.42743,1.1701),(5.7903,26.42587,1.16585),(5.79934,26.42422,1.16391),(5.80859,26.42261,1.16442),(5.8174,26.42113,1.16734),(5.82517,26.41988,1.17248),(5.83138,26.41897,1.17947),(5.8356,26.41843,1.18785),(5.83755,26.41832,1.19704),(5.83709,26.41864,1.20642),(5.83425,26.41937,1.21535),(5.82923,26.42045,1.22322),(5.82237,26.42182,1.2295),(5.67769,25.92272,1.20566),(5.6773,25.92291,1.21454),(5.67915,25.9227,1.22352),(5.68021,25.92216,1.19715),(5.68471,25.92126,1.18954),(5.69092,25.92008,1.18328),(5.69844,25.91869,1.17876),(5.70684,25.91718,1.17625),(5.71558,25.91563,1.17591),(5.72415,25.91414,1.17776),(5.73202,25.91281,1.18168),(5.7387,25.91171,1.18744),(5.7438,25.91091,1.19468),(5.74699,25.91046,1.20296),(5.74809,25.91039,1.21178),(5.74697,25.91071,1.22087),(5.74361,25.91142,1.22938),(5.73825,25.91247,1.23674),(5.73122,25.91378,1.24249),(5.72299,25.91529,1.24624),(5.71408,25.91688,1.24775),(5.70509,25.91845,1.24693),(5.69658,25.91991,1.24383),(5.68912,25.92116,1.23866),(5.68318,25.92211,1.23173),(5.70876,25.69087,1.21924),(5.70926,25.69074,1.20986),(5.70734,25.69104,1.20066),(5.70315,25.69175,1.19228),(5.69697,25.69282,1.18528),(5.68921,25.69416,1.18015),(5.68041,25.6957,1.17723),(5.67117,25.69733,1.17672),(5.66212,25.69894,1.17866),(5.65387,25.70041,1.18291),(5.64698,25.70164,1.18918),(5.64193,25.70257,1.19705),(5.63906,25.70311,1.20599),(5.63856,25.70323,1.21537),(5.64048,25.70293,1.22457),(5.64467,25.70222,1.23295),(5.65085,25.70115,1.23994),(5.65861,25.69981,1.24508),(5.66741,25.69827,1.248),(5.67665,25.69664,1.24851),(5.6857,25.69503,1.24657),(5.69396,25.69356,1.24232),(5.70084,25.69233,1.23604),(5.70589,25.69141,1.22817),(5.58667,25.40598,1.20711),(5.58617,25.40608,1.2165),(5.58808,25.40576,1.22569),(5.59227,25.40503,1.23407),(5.59845,25.40395,1.24107),(5.6062,25.40259,1.2462),(5.615,25.40104,1.24912),(5.62424,25.39941,1.24963),(5.6333,25.39781,1.2477),(5.58954,25.40547,1.19818),(5.5946,25.40457,1.19031),(5.60149,25.40334,1.18403),(5.60974,25.40188,1.17978),(5.6188,25.40028,1.17784),(5.62804,25.39865,1.17835),(5.63683,25.39711,1.18128),(5.64459,25.39575,1.18641),(5.65077,25.39466,1.1934),(5.65496,25.39394,1.20179),(5.65687,25.39361,1.21098),(5.65637,25.39371,1.22037),(5.65349,25.39423,1.2293),(5.64844,25.39513,1.23717),(5.64155,25.39635,1.24345),(5.41362,24.4246,1.2058),(5.41311,24.42463,1.21519),(5.41501,24.42423,1.22438),(5.41919,24.42344,1.23276),(5.42536,24.42231,1.23976),(5.4331,24.42091,1.24489),(5.4419,24.41934,1.24781),(5.45114,24.41771,1.24832),(5.4602,24.41613,1.24639),(5.41651,24.42414,1.19687),(5.42157,24.4233,1.189),(5.42847,24.42212,1.18272),(5.43673,24.42069,1.17847),(5.44579,24.41911,1.17654),(5.45503,24.41748,1.17705),(5.46382,24.41591,1.17997),(5.47157,24.41451,1.1851),(5.47774,24.41338,1.1921),(5.48192,24.41259,1.20048),(5.48382,24.41219,1.20967),(5.4833,24.41223,1.21906),(5.48042,24.41268,1.22799),(5.47535,24.41352,1.23586),(5.46846,24.4147,1.24214),(5.31142,23.8455,1.19974),(5.31102,23.84563,1.20862),(5.31286,23.84536,1.2176),(5.31395,23.845,1.19124),(5.31846,23.84415,1.18362),(5.32467,23.84302,1.17736),(5.33221,23.84166,1.17284),(5.3406,23.84016,1.17033),(5.34935,23.83862,1.16999),(5.35792,23.83712,1.17184),(5.36578,23.83576,1.17576),(5.37245,23.83462,1.18152),(5.37754,23.83377,1.18876),(5.38073,23.83326,1.19704),(5.38182,23.83313,1.20587),(5.38068,23.83339,1.21496),(5.37731,23.83404,1.22347),(5.37194,23.83503,1.23083),(5.3649,23.83631,1.23658),(5.35667,23.83779,1.24033),(5.34776,23.83937,1.24185),(5.33877,23.84095,1.24103),(5.33027,23.84243,1.23793),(5.32281,23.84371,1.23275),(5.31688,23.84471,1.22582),(5.31343,23.44884,1.22185),(5.31391,23.4486,1.21247),(5.31197,23.44878,1.20327),(5.30776,23.44938,1.19489),(5.30156,23.45036,1.1879),(5.2938,23.45164,1.18276),(5.28499,23.45314,1.17984),(5.27575,23.45476,1.17933),(5.2667,23.45639,1.18127),(5.25845,23.45792,1.18552),(5.25158,23.45924,1.19179),(5.24655,23.46026,1.19967),(5.2437,23.46091,1.2086),(5.24323,23.46116,1.21798),(5.24516,23.46097,1.22718),(5.24937,23.46037,1.23556),(5.25557,23.4594,1.24255),(5.26334,23.45811,1.24768),(5.27214,23.45661,1.2506),(5.28139,23.45499,1.25111),(5.29044,23.45336,1.24918),(5.29868,23.45184,1.24493),(5.30555,23.45052,1.23865),(5.31058,23.4495,1.23078),(4.88477,21.42827,1.23774),(4.8867,21.42805,1.24693),(4.89091,21.42742,1.25531),(4.8971,21.42642,1.26231),(4.90487,21.42512,1.26744),(4.91367,21.42361,1.27036),(4.92291,21.42198,1.27087),(4.93196,21.42036,1.26894),(4.94021,21.41885,1.26468),(4.94708,21.41755,1.25841),(4.95212,21.41656,1.25054),(4.95498,21.41594,1.24161),(4.95546,21.41573,1.23222),(4.95353,21.41594,1.22303),(4.94932,21.41657,1.21465),(4.94313,21.41757,1.20765),(4.93536,21.41887,1.20252),(4.92656,21.42039,1.1996),(4.91732,21.42201,1.19909),(4.90827,21.42363,1.20103),(4.88525,21.42805,1.22835),(4.88811,21.42743,1.21942),(4.89315,21.42644,1.21155),(4.90002,21.42514,1.20528),(4.83713,21.15865,1.24009),(4.83852,21.15869,1.24938),(4.84219,21.15806,1.25801),(4.84788,21.1568,1.26539),(4.85522,21.155,1.27101),(4.8637,21.15278,1.27449),(4.87273,21.15028,1.2756),(4.88172,21.14769,1.27425),(4.89004,21.14517,1.27055),(4.89712,21.1429,1.26474),(4.90249,21.14104,1.25721),(4.90578,21.13971,1.24849),(4.90677,21.13899,1.23916),(4.90538,21.13895,1.22987),(4.90171,21.13958,1.22124),(4.89601,21.14084,1.21386),(4.88867,21.14264,1.20824),(4.8802,21.14487,1.20476),(4.87116,21.14736,1.20365),(4.86217,21.14996,1.205),(4.85386,21.15247,1.2087),(4.84677,21.15474,1.21451),(4.8414,21.15661,1.22204),(4.83811,21.15794,1.23076),(4.80768,20.96096,1.28903),(4.81506,20.9559,1.28565),(4.82135,20.95136,1.28013),(4.82611,20.94767,1.27283),(4.82904,20.94506,1.26426),(4.82993,20.94372,1.25499),(4.82871,20.94373,1.24567),(4.82548,20.94511,1.23692),(4.82044,20.94774,1.22935),(4.81395,20.95146,1.22346),(4.80645,20.95601,1.21967),(4.79845,20.96108,1.21822),(4.79049,20.96633,1.21921),(4.78311,20.97139,1.22259),(4.77682,20.97593,1.22812),(4.77205,20.97962,1.23541),(4.76913,20.98223,1.24399),(4.76824,20.98357,1.25325),(4.76946,20.98356,1.26257),(4.77269,20.98218,1.27132),(4.77773,20.97954,1.27889),(4.78421,20.97582,1.28478),(4.79172,20.97127,1.28857),(4.79972,20.9662,1.29002),(4.65653,20.83082,1.30143),(4.66174,20.8228,1.30265),(4.66682,20.8147,1.30142),(4.67142,20.80706,1.29783),(4.67522,20.80042,1.29212),(4.67797,20.79521,1.28468),(4.67948,20.7918,1.27601),(4.67965,20.79041,1.26671),(4.67846,20.79115,1.25742),(4.676,20.79396,1.24875),(4.67243,20.79865,1.24132),(4.668,20.8049,1.23561),(4.663,20.81229,1.23202),(4.65779,20.8203,1.2308),(4.65271,20.8284,1.23203),(4.64811,20.83604,1.23562),(4.64431,20.84269,1.24133),(4.64156,20.84789,1.24877),(4.64005,20.8513,1.25744),(4.63988,20.85269,1.26674),(4.64107,20.85195,1.27603),(4.64354,20.84914,1.2847),(4.6471,20.84445,1.29214),(4.65154,20.8382,1.29784),(4.44342,20.75166,1.31662),(4.44489,20.74222,1.31723),(4.44627,20.73296,1.31538),(4.44746,20.72449,1.31122),(4.44838,20.71741,1.30501),(4.44896,20.71219,1.29719),(4.44918,20.70918,1.28828),(4.44901,20.7086,1.2789),(4.44846,20.71048,1.26968),(4.44758,20.71469,1.26126),(4.44641,20.72095,1.2542),(4.44505,20.72883,1.24898),(4.44359,20.7378,1.24597),(4.44212,20.74724,1.24536),(4.44074,20.7565,1.24721),(4.43955,20.76497,1.25137),(4.43864,20.77205,1.25758),(4.43805,20.77727,1.2654),(4.43783,20.78028,1.27431),(4.43801,20.78086,1.28369),(4.43855,20.77898,1.29291),(4.43944,20.77477,1.30133),(4.4406,20.76851,1.30839),(4.44196,20.76063,1.31361),(4.24593,20.76372,1.3134),(4.24497,20.75455,1.31535),(4.24398,20.7452,1.31485),(4.24303,20.73629,1.31194),(4.24219,20.72843,1.30682),(4.2415,20.72216,1.29983),(4.24102,20.71791,1.29145),(4.24078,20.71596,1.28226),(4.2408,20.71645,1.27288),(4.24107,20.71935,1.26394),(4.24158,20.72445,1.25606),(4.24229,20.73141,1.24977),(4.24315,20.73976,1.24551),(4.24411,20.74892,1.24356),(4.2451,20.75828,1.24406),(4.24605,20.76719,1.24697),(4.24689,20.77505,1.25209),(4.24758,20.78132,1.25908),(4.24806,20.78557,1.26746),(4.2483,20.78752,1.27665),(4.24828,20.78703,1.28604),(4.24801,20.78413,1.29497),(4.2475,20.77903,1.30285),(4.24679,20.77206,1.30914),(4.08096,20.78058,1.31821),(4.07935,20.7714,1.31699),(4.07787,20.76285,1.31339),(4.07662,20.7555,1.30767),(4.07569,20.74985,1.30021),(4.07513,20.7463,1.29152),(4.07499,20.74508,1.2822),(4.07527,20.74627,1.27288),(4.07597,20.7498,1.2642),(4.07702,20.75543,1.25674),(4.07836,20.76276,1.25102),(4.07989,20.77131,1.24742),(4.08152,20.78048,1.2462),(4.08313,20.78966,1.24742),(4.08461,20.79822,1.25102),(4.08586,20.80557,1.25674),(4.08679,20.81121,1.2642),(4.08735,20.81476,1.27288),(4.08749,20.81599,1.2822),(4.08721,20.81479,1.29152),(4.08651,20.81126,1.30021),(4.08546,20.80564,1.30767),(4.08412,20.7983,1.31339),(4.08259,20.78976,1.31699),(3.34647,20.94665,1.25786),(3.34596,20.94549,1.26717),(3.34506,20.942,1.27585),(3.34383,20.93641,1.2833),(3.34235,20.9291,1.28902),(3.34073,20.92057,1.29261),(3.33907,20.9114,1.29384),(3.33749,20.90221,1.29261),(3.3361,20.89364,1.28902),(3.33499,20.88627,1.2833),(3.33423,20.88059,1.27585),(3.33388,20.877,1.26717),(3.33397,20.87574,1.25786),(3.33448,20.8769,1.24855),(3.33538,20.88039,1.23987),(3.33661,20.88598,1.23242),(3.33809,20.89329,1.2267),(3.33971,20.90182,1.2231),(3.34137,20.91099,1.22188),(3.34295,20.92017,1.2231),(3.34655,20.94539,1.24855),(3.34621,20.9418,1.23987),(3.34545,20.93612,1.23242),(3.34434,20.92875,1.2267)),$);
#279= IFCTRIANGULATEDFACESET(#278,$,$,((1,2,3),(3,2,4),(3,4,5),(5,4,6),(5,6,7),(7,6,8),(7,8,9),(9,8,10),(9,10,11),(11,10,12),(11,12,13),(13,12,14),(13,14,15),(15,14,16),(15,16,17),(17,16,18),(17,18,19),(19,18,20),(19,20,21),(21,20,22),(21,22,23),(23,22,24),(23,24,25),(25,24,26),(25,26,27),(27,26,28),(27,28,29),(29,28,30),(29,30,31),(31,30,32),(31,32,33),(33,32,34),(33,34,35),(35,34,36),(35,36,37),(37,36,38),(37,38,39),(39,38,40),(39,40,41),(41,40,42),(41,42,43),(43,42,44),(43,44,45),(45,44,46),(45,46,47),(47,46,48),(47,48,1),(1,48,2),(18,49,20),(20,49,50),(20,50,22),(22,50,51),(22,51,24),(24,51,52),(24,52,26),(26,52,53),(26,53,28),(28,53,54),(28,54,30),(30,54,55),(30,55,32),(32,55,56),(32,56,34),(34,56,57),(34,57,36),(36,57,58),(36,58,38),(38,58,59),(38,59,40),(40,59,60),(40,60,42),(42,60,61),(42,61,44),(44,61,62),(44,62,46),(46,62,63),(46,63,48),(48,63,64),(48,64,2),(2,64,65),(2,65,4),(4,65,66),(4,66,6),(6,66,67),(6,67,8),(8,67,68),(8,68,10),(10,68,69),(10,69,12),(12,69,70),(12,70,14),(14,70,71),(14,71,16),(16,71,72),(16,72,18),(18,72,49),(50,73,51),(51,73,74),(51,74,52),(52,74,75),(52,75,53),(53,75,76),(53,76,54),(54,76,77),(54,77,55),(55,77,78),(55,78,56),(56,78,79),(56,79,57),(57,79,80),(57,80,58),(58,80,81),(58,81,59),(59,81,82),(59,82,60),(60,82,83),(60,83,61),(61,83,84),(61,84,62),(62,84,85),(62,85,63),(63,85,86),(63,86,64),(64,86,87),(64,87,65),(65,87,88),(65,88,66),(66,88,89),(66,89,67),(67,89,90),(67,90,68),(68,90,91),(68,91,69),(69,91,92),(69,92,70),(70,92,93),(70,93,71),(71,93,94),(71,94,72),(72,94,95),(72,95,49),(49,95,96),(49,96,50),(50,96,73),(93,97,94),(94,97,98),(94,98,95),(95,98,99),(95,99,96),(96,99,100),(96,100,73),(73,100,101),(73,101,74),(74,101,102),(74,102,75),(75,102,103),(75,103,76),(76,103,104),(76,104,77),(77,104,105),(77,105,78),(78,105,106),(78,106,79),(79,106,107),(79,107,80),(80,107,108),(80,108,81),(81,108,109),(81,109,82),(82,109,110),(82,110,83),(83,110,111),(83,111,84),(84,111,112),(84,112,85),(85,112,113),(85,113,86),(86,113,114),(86,114,87),(87,114,115),(87,115,88),(88,115,116),(88,116,89),(89,116,117),(89,117,90),(90,117,118),(90,118,91),(91,118,119),(91,119,92),(92,119,120),(92,120,93),(93,120,97),(119,121,120),(120,121,122),(120,122,97),(97,122,123),(97,123,98),(98,123,124),(98,124,99),(99,124,125),(99,125,100),(100,125,126),(100,126,101),(101,126,127),(101,127,102),(102,127,128),(102,128,103),(103,128,129),(103,129,104),(104,129,130),(104,130,105),(105,130,131),(105,131,106),(106,131,132),(106,132,107),(107,132,133),(107,133,108),(108,133,134),(108,134,109),(109,134,135),(109,135,110),(110,135,136),(110,136,111),(111,136,137),(111,137,112),(112,137,138),(112,138,113),(113,138,139),(113,139,114),(114,139,140),(114,140,115),(115,140,141),(115,141,116),(116,141,142),(116,142,117),(117,142,143),(117,143,118),(118,143,144),(118,144,119),(119,144,121),(121,145,122),(122,145,146),(122,146,123),(123,146,147),(123,147,124),(124,147,148),(124,148,125),(125,148,149),(125,149,126),(126,149,150),(126,150,127),(127,150,151),(127,151,128),(128,151,152),(128,152,129),(129,152,153),(129,153,130),(130,153,154),(130,154,131),(131,154,155),(131,155,132),(132,155,156),(132,156,133),(133,156,157),(133,157,134),(134,157,158),(134,158,135),(135,158,159),(135,159,136),(136,159,160),(136,160,137),(137,160,161),(137,161,138),(138,161,162),(138,162,139),(139,162,163),(139,163,140),(140,163,164),(140,164,141),(141,164,165),(141,165,142),(142,165,166),(142,166,143),(143,166,167),(143,167,144),(144,167,168),(144,168,121),(121,168,145),(163,169,164),(164,169,170),(164,170,165),(165,170,171),(165,171,166),(166,171,172),(166,172,167),(167,172,173),(167,173,168),(168,173,174),(168,174,145),(145,174,175),(145,175,146),(146,175,176),(146,176,147),(147,176,177),(147,177,148),(148,177,178),(148,178,149),(149,178,179),(149,179,150),(150,179,180),(150,180,151),(151,180,181),(151,181,152),(152,181,182),(152,182,153),(153,182,183),(153,183,154),(154,183,184),(154,184,155),(155,184,185),(155,185,156),(156,185,186),(156,186,157),(157,186,187),(157,187,158),(158,187,188),(158,188,159),(159,188,189),(159,189,160),(160,189,190),(160,190,161),(161,190,191),(161,191,162),(162,191,192),(162,192,163),(163,192,169),(174,193,175),(175,193,194),(175,194,176),(176,194,195),(176,195,177),(177,195,196),(177,196,178),(178,196,197),(178,197,179),(179,197,198),(179,198,180),(180,198,199),(180,199,181),(181,199,200),(181,200,182),(182,200,201),(182,201,183),(183,201,202),(183,202,184),(184,202,203),(184,203,185),(185,203,204),(185,204,186),(186,204,205),(186,205,206),(193,174,207),(207,174,173),(207,173,208),(208,173,172),(208,172,209),(209,172,171),(209,171,210),(210,171,170),(210,170,211),(211,170,169),(211,169,212),(212,169,192),(212,192,213),(213,192,191),(213,191,214),(214,191,190),(214,190,215),(215,190,189),(215,189,216),(216,189,188),(216,188,217),(217,188,187),(217,187,206),(206,187,186),(199,218,200),(200,218,219),(200,219,201),(201,219,220),(201,220,202),(202,220,221),(202,221,203),(203,221,222),(203,222,204),(204,222,223),(204,223,205),(205,223,224),(205,224,206),(206,224,225),(206,225,217),(217,225,226),(217,226,216),(216,226,227),(216,227,215),(215,227,228),(215,228,214),(214,228,229),(214,229,213),(213,229,230),(213,230,212),(212,230,231),(212,231,211),(211,231,232),(211,232,210),(210,232,233),(210,233,209),(209,233,208),(208,233,234),(208,234,207),(207,234,235),(207,235,193),(193,235,236),(193,236,194),(194,236,237),(194,237,195),(195,237,238),(195,238,196),(196,238,239),(196,239,197),(197,239,240),(197,240,198),(198,240,241),(198,241,199),(199,241,218),(236,242,237),(237,242,243),(237,243,238),(238,243,244),(238,244,239),(239,244,245),(239,245,240),(240,245,246),(240,246,241),(241,246,247),(241,247,218),(218,247,248),(218,248,219),(219,248,249),(219,249,220),(220,249,250),(220,250,221),(221,250,251),(221,251,222),(222,251,252),(222,252,223),(223,252,253),(223,253,224),(224,253,254),(224,254,225),(225,254,255),(225,255,226),(226,255,256),(226,256,227),(227,256,257),(227,257,228),(228,257,258),(228,258,229),(229,258,259),(229,259,230),(230,259,260),(230,260,231),(231,260,261),(231,261,232),(232,261,262),(232,262,233),(233,262,263),(233,263,234),(234,263,264),(234,264,235),(235,264,265),(235,265,236),(236,265,242),(243,266,244),(244,266,267),(244,267,245),(245,267,268),(245,268,246),(246,268,269),(246,269,247),(247,269,270),(247,270,248),(248,270,271),(248,271,249),(249,271,272),(249,272,250),(250,272,273),(250,273,251),(251,273,274),(251,274,252),(252,274,275),(252,275,253),(253,275,276),(253,276,254),(254,276,277),(254,277,255),(255,277,278),(255,278,256),(256,278,279),(256,279,257),(257,279,280),(257,280,258),(258,280,281),(258,281,259),(259,281,282),(259,282,260),(260,282,283),(260,283,261),(261,283,284),(261,284,262),(262,284,285),(262,285,263),(263,285,286),(263,286,264),(264,286,287),(264,287,265),(265,287,288),(265,288,242),(242,288,289),(242,289,243),(243,289,266),(282,290,283),(283,290,291),(283,291,284),(284,291,292),(284,292,285),(285,292,293),(285,293,286),(286,293,294),(286,294,287),(287,294,295),(287,295,288),(288,295,296),(288,296,289),(289,296,266),(266,296,297),(266,297,267),(267,297,298),(267,298,268),(268,298,299),(268,299,269),(269,299,300),(269,300,270),(270,300,301),(270,301,271),(271,301,302),(271,302,272),(272,302,303),(272,303,273),(273,303,304),(273,304,274),(274,304,305),(274,305,275),(275,305,306),(275,306,276),(276,306,307),(276,307,277),(277,307,308),(277,308,309),(290,282,310),(310,282,281),(310,281,311),(311,281,280),(311,280,312),(312,280,279),(312,279,313),(313,279,278),(313,278,309),(309,278,277),(310,314,290),(290,314,315),(290,315,291),(291,315,316),(291,316,292),(292,316,317),(292,317,293),(293,317,318),(293,318,294),(294,318,319),(294,319,295),(295,319,320),(295,320,296),(296,320,321),(296,321,297),(297,321,322),(297,322,298),(298,322,323),(298,323,299),(299,323,324),(299,324,300),(300,324,325),(300,325,301),(301,325,326),(301,326,302),(302,326,327),(302,327,303),(303,327,328),(303,328,304),(304,328,329),(304,329,305),(305,329,330),(305,330,306),(306,330,331),(306,331,307),(307,331,332),(307,332,308),(308,332,333),(308,333,309),(309,333,334),(309,334,313),(313,334,335),(313,335,312),(312,335,336),(312,336,311),(311,336,337),(311,337,310),(310,337,314),(320,338,321),(321,338,339),(321,339,322),(322,339,340),(322,340,323),(323,340,341),(323,341,324),(324,341,342),(324,342,325),(325,342,343),(325,343,326),(326,343,344),(326,344,327),(327,344,345),(327,345,328),(328,345,346),(328,346,329),(329,346,347),(329,347,330),(330,347,348),(330,348,331),(331,348,349),(331,349,332),(332,349,350),(332,350,333),(333,350,351),(333,351,334),(334,351,352),(334,352,335),(335,352,353),(335,353,336),(336,353,354),(336,354,337),(337,354,355),(337,355,314),(314,355,356),(314,356,315),(315,356,357),(315,357,316),(316,357,358),(316,358,317),(317,358,359),(317,359,318),(318,359,360),(318,360,319),(319,360,361),(319,361,320),(320,361,338),(355,362,356),(356,362,363),(356,363,357),(357,363,364),(357,364,358),(358,364,365),(358,365,359),(359,365,366),(359,366,360),(360,366,367),(360,367,361),(361,367,368),(361,368,338),(338,368,369),(338,369,339),(339,369,370),(339,370,340),(340,370,371),(340,371,341),(341,371,372),(341,372,342),(342,372,373),(342,373,343),(343,373,374),(343,374,344),(344,374,375),(344,375,345),(345,375,376),(345,376,346),(346,376,377),(346,377,347),(347,377,378),(347,378,348),(348,378,379),(348,379,349),(349,379,380),(349,380,350),(350,380,381),(350,381,351),(351,381,382),(351,382,352),(352,382,383),(352,383,353),(353,383,384),(353,384,354),(354,384,385),(354,385,355),(355,385,362),(367,386,368),(368,386,387),(368,387,369),(369,387,388),(369,388,370),(370,388,389),(370,389,371),(371,389,390),(371,390,372),(372,390,391),(372,391,373),(373,391,392),(373,392,374),(374,392,393),(374,393,375),(375,393,394),(375,394,376),(376,394,395),(376,395,377),(377,395,396),(377,396,378),(378,396,397),(378,397,379),(379,397,398),(379,398,380),(380,398,399),(380,399,381),(381,399,400),(381,400,382),(382,400,401),(382,401,383),(383,401,402),(383,402,384),(384,402,403),(384,403,385),(385,403,404),(385,404,362),(362,404,405),(362,405,363),(363,405,406),(363,406,364),(364,406,407),(364,407,365),(365,407,408),(365,408,366),(366,408,409),(366,409,367),(367,409,386),(404,410,405),(405,410,411),(405,411,406),(406,411,412),(406,412,407),(407,412,413),(407,413,408),(408,413,414),(408,414,409),(409,414,415),(409,415,386),(386,415,416),(386,416,387),(387,416,388),(388,416,417),(388,417,389),(389,417,418),(389,418,390),(390,418,419),(390,419,391),(391,419,420),(391,420,392),(392,420,421),(392,421,393),(393,421,422),(393,422,394),(394,422,423),(394,423,395),(395,423,424),(395,424,396),(396,424,425),(396,425,397),(397,425,426),(397,426,398),(398,426,427),(398,427,399),(399,427,428),(399,428,429),(410,404,430),(430,404,403),(430,403,431),(431,403,402),(431,402,432),(432,402,401),(432,401,433),(433,401,400),(433,400,429),(429,400,399),(430,434,410),(410,434,435),(410,435,411),(411,435,436),(411,436,412),(412,436,437),(412,437,413),(413,437,438),(413,438,414),(414,438,439),(414,439,415),(415,439,440),(415,440,416),(416,440,441),(416,441,417),(417,441,442),(417,442,418),(418,442,443),(418,443,419),(419,443,444),(419,444,420),(420,444,445),(420,445,421),(421,445,446),(421,446,422),(422,446,447),(422,447,423),(423,447,448),(423,448,424),(424,448,449),(424,449,425),(425,449,450),(425,450,426),(426,450,451),(426,451,427),(427,451,452),(427,452,428),(428,452,453),(428,453,429),(429,453,454),(429,454,433),(433,454,455),(433,455,432),(432,455,456),(432,456,431),(431,456,457),(431,457,430),(430,457,434),(439,458,440),(440,458,459),(440,459,441),(441,459,460),(441,460,442),(442,460,461),(442,461,443),(443,461,462),(443,462,444),(444,462,463),(444,463,445),(445,463,464),(445,464,446),(446,464,465),(446,465,447),(447,465,466),(447,466,448),(448,466,467),(448,467,449),(449,467,468),(449,468,450),(450,468,469),(450,469,451),(451,469,470),(451,470,452),(452,470,471),(452,471,453),(453,471,472),(453,472,454),(454,472,473),(454,473,455),(455,473,474),(455,474,456),(456,474,475),(456,475,457),(457,475,476),(457,476,434),(434,476,477),(434,477,435),(435,477,478),(435,478,436),(436,478,479),(436,479,437),(437,479,480),(437,480,438),(438,480,481),(438,481,439),(439,481,458),(481,482,458),(458,482,483),(458,483,459),(459,483,484),(459,484,460),(460,484,485),(460,485,461),(461,485,486),(461,486,462),(462,486,487),(462,487,463),(463,487,488),(463,488,464),(464,488,489),(464,489,465),(465,489,490),(465,490,466),(466,490,491),(466,491,467),(467,491,492),(467,492,468),(468,492,493),(468,493,469),(469,493,494),(469,494,470),(470,494,495),(470,495,471),(471,495,496),(471,496,472),(472,496,497),(472,497,473),(473,497,498),(473,498,499),(482,481,500),(500,481,480),(500,480,501),(501,480,479),(501,479,502),(502,479,478),(502,478,503),(503,478,477),(503,477,504),(504,477,476),(504,476,505),(505,476,475),(505,475,506),(506,475,474),(506,474,499),(499,474,473),(489,507,490),(490,507,508),(490,508,491),(491,508,509),(491,509,492),(492,509,510),(492,510,493),(493,510,511),(493,511,494),(494,511,512),(494,512,495),(495,512,513),(495,513,496),(496,513,514),(496,514,497),(497,514,515),(497,515,498),(498,515,516),(498,516,499),(499,516,517),(499,517,506),(506,517,518),(506,518,505),(505,518,519),(505,519,504),(504,519,520),(504,520,503),(503,520,521),(503,521,502),(502,521,522),(502,522,501),(501,522,523),(501,523,500),(500,523,524),(500,524,482),(482,524,525),(482,525,483),(483,525,526),(483,526,484),(484,526,485),(485,526,527),(485,527,486),(486,527,528),(486,528,487),(487,528,529),(487,529,488),(488,529,530),(488,530,489),(489,530,507),(525,531,526),(526,531,532),(526,532,533),(531,525,534),(534,525,524),(534,524,535),(535,524,523),(535,523,536),(536,523,522),(536,522,537),(537,522,521),(537,521,538),(538,521,520),(538,520,539),(539,520,519),(539,519,540),(540,519,518),(540,518,541),(541,518,517),(541,517,542),(542,517,516),(542,516,543),(543,516,515),(543,515,544),(544,515,514),(544,514,545),(545,514,513),(545,513,546),(546,513,512),(546,512,547),(547,512,511),(547,511,548),(548,511,510),(548,510,549),(549,510,509),(549,509,550),(550,509,508),(550,508,551),(551,508,507),(551,507,552),(552,507,530),(552,530,553),(553,530,529),(553,529,554),(554,529,528),(554,528,555),(555,528,527),(555,527,533),(533,527,526),(552,556,551),(551,556,557),(551,557,550),(550,557,549),(549,557,558),(549,558,548),(548,558,559),(548,559,547),(547,559,560),(547,560,546),(546,560,561),(546,561,545),(545,561,562),(545,562,544),(544,562,563),(544,563,543),(543,563,564),(543,564,542),(542,564,565),(542,565,541),(541,565,566),(541,566,540),(540,566,567),(540,567,539),(539,567,568),(539,568,538),(538,568,569),(538,569,537),(537,569,570),(537,570,536),(536,570,571),(536,571,535),(535,571,572),(535,572,534),(534,572,573),(534,573,531),(531,573,574),(531,574,532),(532,574,575),(532,575,533),(533,575,576),(533,576,555),(555,576,577),(555,577,554),(554,577,578),(554,578,553),(553,578,579),(553,579,552),(552,579,556),(573,580,574),(574,580,581),(574,581,575),(575,581,582),(575,582,576),(576,582,583),(576,583,577),(577,583,584),(577,584,578),(578,584,585),(578,585,579),(579,585,586),(579,586,556),(556,586,587),(556,587,557),(557,587,588),(557,588,558),(558,588,589),(558,589,559),(559,589,590),(559,590,560),(560,590,591),(560,591,561),(561,591,592),(561,592,562),(562,592,593),(562,593,563),(563,593,594),(563,594,564),(564,594,595),(564,595,565),(565,595,596),(565,596,566),(566,596,597),(566,597,567),(567,597,598),(567,598,568),(568,598,599),(568,599,569),(569,599,600),(569,600,570),(570,600,601),(570,601,571),(571,601,602),(571,602,572),(572,602,603),(572,603,573),(573,603,580),(580,604,581),(581,604,605),(581,605,582),(582,605,606),(582,606,583),(583,606,607),(583,607,584),(584,607,608),(584,608,585),(585,608,609),(585,609,586),(586,609,610),(586,610,587),(587,610,611),(587,611,612),(604,580,613),(613,580,603),(613,603,614),(614,603,602),(614,602,615),(615,602,601),(615,601,616),(616,601,600),(616,600,617),(617,600,599),(617,599,618),(618,599,598),(618,598,619),(619,598,597),(619,597,620),(620,597,596),(620,596,621),(621,596,595),(621,595,622),(622,595,594),(622,594,623),(623,594,593),(623,593,624),(624,593,592),(624,592,625),(625,592,591),(625,591,626),(626,591,590),(626,590,627),(627,590,589),(627,589,628),(628,589,588),(628,588,612),(612,588,587),(610,629,611),(611,629,630),(611,630,612),(612,630,628),(628,630,631),(628,631,627),(627,631,632),(627,632,626),(626,632,633),(626,633,625),(625,633,634),(625,634,624),(624,634,635),(624,635,623),(623,635,636),(623,636,622),(622,636,637),(622,637,621),(621,637,638),(621,638,620),(620,638,639),(620,639,619),(619,639,640),(619,640,618),(618,640,641),(618,641,617),(617,641,642),(617,642,616),(616,642,643),(616,643,615),(615,643,644),(615,644,614),(614,644,645),(614,645,613),(613,645,646),(613,646,604),(604,646,647),(604,647,605),(605,647,648),(605,648,606),(606,648,649),(606,649,607),(607,649,650),(607,650,608),(608,650,651),(608,651,609),(609,651,652),(609,652,610),(610,652,629),(646,653,647),(647,653,654),(647,654,648),(648,654,655),(648,655,649),(649,655,656),(649,656,650),(650,656,657),(650,657,651),(651,657,658),(651,658,652),(652,658,659),(652,659,629),(629,659,660),(629,660,630),(630,660,661),(630,661,631),(631,661,662),(631,662,632),(632,662,663),(632,663,633),(633,663,664),(633,664,634),(634,664,665),(634,665,635),(635,665,666),(635,666,636),(636,666,667),(636,667,637),(637,667,668),(637,668,638),(638,668,669),(638,669,639),(639,669,670),(639,670,640),(640,670,671),(640,671,641),(641,671,672),(641,672,642),(642,672,673),(642,673,643),(643,673,674),(643,674,644),(644,674,675),(644,675,645),(645,675,676),(645,676,646),(646,676,653),(671,677,672),(672,677,678),(672,678,673),(673,678,679),(673,679,674),(674,679,680),(674,680,675),(675,680,681),(675,681,676),(676,681,682),(676,682,653),(653,682,683),(653,683,654),(654,683,684),(654,684,655),(655,684,685),(655,685,656),(656,685,686),(656,686,657),(657,686,687),(657,687,658),(658,687,688),(658,688,659),(659,688,689),(659,689,660),(660,689,690),(660,690,661),(661,690,691),(661,691,662),(662,691,692),(662,692,663),(663,692,693),(663,693,664),(664,693,694),(664,694,665),(665,694,695),(665,695,666),(666,695,696),(666,696,667),(667,696,697),(667,697,668),(668,697,698),(668,698,669),(669,698,699),(669,699,670),(670,699,700),(670,700,671),(671,700,677),(681,701,682),(682,701,702),(682,702,683),(683,702,703),(683,703,684),(684,703,704),(684,704,685),(685,704,705),(685,705,686),(686,705,706),(686,706,687),(687,706,707),(687,707,688),(688,707,708),(688,708,689),(689,708,709),(689,709,690),(690,709,710),(690,710,691),(691,710,711),(691,711,692),(692,711,712),(692,712,693),(693,712,713),(693,713,694),(694,713,714),(694,714,695),(695,714,715),(695,715,696),(696,715,716),(696,716,697),(697,716,717),(697,717,698),(698,717,718),(698,718,699),(699,718,719),(699,719,700),(700,719,720),(700,720,677),(677,720,721),(677,721,678),(678,721,722),(678,722,679),(679,722,723),(679,723,680),(680,723,724),(680,724,681),(681,724,701),(701,725,702),(702,725,726),(702,726,703),(703,726,727),(703,727,704),(704,727,728),(704,728,705),(705,728,729),(705,729,706),(706,729,730),(706,730,707),(707,730,731),(707,731,708),(708,731,732),(708,732,709),(709,732,733),(709,733,710),(710,733,734),(710,734,711),(711,734,735),(711,735,712),(712,735,736),(712,736,713),(713,736,737),(713,737,714),(714,737,738),(714,738,715),(715,738,739),(715,739,716),(716,739,740),(716,740,717),(717,740,741),(717,741,718),(718,741,742),(718,742,719),(719,742,743),(719,743,720),(720,743,744),(720,744,721),(721,744,745),(721,745,722),(722,745,746),(722,746,723),(723,746,747),(723,747,724),(724,747,748),(724,748,701),(701,748,725),(743,749,744),(744,749,750),(744,750,745),(745,750,751),(745,751,746),(746,751,752),(746,752,747),(747,752,753),(747,753,748),(748,753,754),(748,754,725),(725,754,755),(725,755,726),(726,755,756),(726,756,757),(749,743,758),(758,743,742),(758,742,759),(759,742,741),(759,741,760),(760,741,740),(760,740,761),(761,740,739),(761,739,762),(762,739,738),(762,738,737),(762,737,763),(763,737,736),(763,736,764),(764,736,735),(764,735,765),(765,735,734),(765,734,766),(766,734,733),(766,733,767),(767,733,732),(767,732,768),(768,732,731),(768,731,769),(769,731,730),(769,730,770),(770,730,729),(770,729,771),(771,729,728),(771,728,772),(772,728,727),(772,727,757),(757,727,726),(749,773,750),(750,773,774),(750,774,751),(751,774,775),(751,775,752),(752,775,776),(752,776,753),(753,776,777),(753,777,754),(754,777,778),(754,778,755),(755,778,779),(755,779,756),(756,779,780),(756,780,757),(757,780,781),(757,781,772),(772,781,782),(772,782,771),(771,782,783),(771,783,770),(770,783,784),(770,784,769),(769,784,785),(769,785,768),(768,785,786),(768,786,767),(767,786,787),(767,787,766),(766,787,788),(766,788,765),(765,788,789),(765,789,764),(764,789,790),(764,790,763),(763,790,791),(763,791,762),(762,791,792),(762,792,761),(761,792,793),(761,793,760),(760,793,794),(760,794,759),(759,794,795),(759,795,758),(758,795,796),(758,796,749),(749,796,773),(779,797,780),(780,797,798),(780,798,781),(781,798,799),(781,799,782),(782,799,800),(782,800,783),(783,800,801),(783,801,784),(784,801,802),(784,802,785),(785,802,803),(785,803,786),(786,803,804),(786,804,787),(787,804,805),(787,805,788),(788,805,806),(788,806,789),(789,806,807),(789,807,790),(790,807,808),(790,808,791),(791,808,809),(791,809,792),(792,809,810),(792,810,793),(793,810,811),(793,811,794),(794,811,812),(794,812,795),(795,812,813),(795,813,796),(796,813,814),(796,814,773),(773,814,815),(773,815,774),(774,815,816),(774,816,775),(775,816,817),(775,817,776),(776,817,818),(776,818,777),(777,818,819),(777,819,778),(778,819,820),(778,820,779),(779,820,797),(814,821,815),(815,821,822),(815,822,823),(821,814,824),(824,814,813),(824,813,825),(825,813,812),(825,812,826),(826,812,811),(826,811,827),(827,811,810),(827,810,828),(828,810,809),(828,809,829),(829,809,808),(829,808,830),(830,808,807),(830,807,831),(831,807,806),(831,806,832),(832,806,805),(832,805,833),(833,805,804),(833,804,834),(834,804,803),(834,803,835),(835,803,802),(835,802,836),(836,802,801),(836,801,837),(837,801,800),(837,800,838),(838,800,799),(838,799,839),(839,799,798),(839,798,840),(840,798,797),(840,797,841),(841,797,820),(841,820,842),(842,820,819),(842,819,843),(843,819,818),(843,818,844),(844,818,817),(844,817,845),(845,817,816),(845,816,823),(823,816,815),(836,846,835),(835,846,847),(835,847,834),(834,847,848),(834,848,833),(833,848,849),(833,849,832),(832,849,850),(832,850,831),(831,850,851),(831,851,830),(830,851,852),(830,852,829),(829,852,853),(829,853,828),(828,853,854),(828,854,827),(827,854,855),(827,855,826),(826,855,856),(826,856,825),(825,856,857),(825,857,824),(824,857,858),(824,858,821),(821,858,859),(821,859,822),(822,859,823),(823,859,860),(823,860,845),(845,860,861),(845,861,844),(844,861,862),(844,862,843),(843,862,863),(843,863,842),(842,863,864),(842,864,841),(841,864,865),(841,865,840),(840,865,866),(840,866,839),(839,866,867),(839,867,838),(838,867,868),(838,868,837),(837,868,869),(837,869,836),(836,869,846),(858,870,859),(859,870,871),(859,871,860),(860,871,872),(860,872,861),(861,872,873),(861,873,862),(862,873,874),(862,874,863),(863,874,875),(863,875,864),(864,875,876),(864,876,865),(865,876,866),(866,876,877),(866,877,867),(867,877,878),(867,878,868),(868,878,879),(868,879,869),(869,879,880),(869,880,846),(846,880,881),(846,881,847),(847,881,882),(847,882,848),(848,882,883),(848,883,849),(849,883,884),(849,884,850),(850,884,885),(850,885,851),(851,885,886),(851,886,852),(852,886,887),(852,887,853),(853,887,888),(853,888,889),(870,858,890),(890,858,857),(890,857,891),(891,857,856),(891,856,892),(892,856,855),(892,855,893),(893,855,854),(893,854,889),(889,854,853),(890,894,870),(870,894,895),(870,895,871),(871,895,896),(871,896,872),(872,896,897),(872,897,873),(873,897,898),(873,898,874),(874,898,899),(874,899,875),(875,899,900),(875,900,876),(876,900,901),(876,901,902),(894,890,903),(903,890,891),(903,891,904),(904,891,892),(904,892,905),(905,892,893),(905,893,906),(906,893,889),(906,889,907),(907,889,888),(907,888,887),(907,887,908),(908,887,886),(908,886,909),(909,886,885),(909,885,910),(910,885,884),(910,884,911),(911,884,883),(911,883,912),(912,883,882),(912,882,913),(913,882,881),(913,881,914),(914,881,880),(914,880,915),(915,880,879),(915,879,916),(916,879,878),(916,878,917),(917,878,877),(917,877,902),(902,877,876),(894,918,895),(895,918,919),(895,919,896),(896,919,920),(896,920,897),(897,920,921),(897,921,898),(898,921,922),(898,922,899),(899,922,923),(899,923,900),(900,923,924),(900,924,901),(901,924,925),(901,925,926),(918,894,927),(927,894,903),(927,903,928),(928,903,904),(928,904,929),(929,904,905),(929,905,930),(930,905,906),(930,906,931),(931,906,907),(931,907,908),(931,908,932),(932,908,909),(932,909,933),(933,909,910),(933,910,934),(934,910,911),(934,911,935),(935,911,912),(935,912,936),(936,912,913),(936,913,937),(937,913,914),(937,914,938),(938,914,915),(938,915,939),(939,915,916),(939,916,940),(940,916,917),(940,917,941),(941,917,902),(941,902,926),(926,902,901),(918,942,919),(919,942,943),(919,943,944),(942,918,945),(945,918,927),(945,927,946),(946,927,928),(946,928,947),(947,928,929),(947,929,948),(948,929,930),(948,930,949),(949,930,931),(949,931,950),(950,931,932),(950,932,951),(951,932,933),(951,933,952),(952,933,934),(952,934,953),(953,934,935),(953,935,954),(954,935,936),(954,936,955),(955,936,937),(955,937,956),(956,937,938),(956,938,957),(957,938,939),(957,939,958),(958,939,940),(958,940,959),(959,940,941),(959,941,960),(960,941,926),(960,926,961),(961,926,925),(961,925,962),(962,925,924),(962,924,963),(963,924,923),(963,923,964),(964,923,922),(964,922,965),(965,922,921),(965,921,966),(966,921,920),(966,920,944),(944,920,919),(957,967,956),(956,967,968),(956,968,955),(955,968,969),(955,969,954),(954,969,970),(954,970,953),(953,970,971),(953,971,952),(952,971,972),(952,972,951),(951,972,973),(951,973,950),(950,973,974),(950,974,949),(949,974,975),(949,975,948),(948,975,976),(948,976,947),(947,976,977),(947,977,946),(946,977,978),(946,978,945),(945,978,979),(945,979,942),(942,979,980),(942,980,943),(943,980,944),(944,980,981),(944,981,966),(966,981,982),(966,982,965),(965,982,983),(965,983,964),(964,983,984),(964,984,963),(963,984,985),(963,985,962),(962,985,986),(962,986,961),(961,986,987),(961,987,960),(960,987,988),(960,988,959),(959,988,989),(959,989,958),(958,989,990),(958,990,957),(957,990,967),(979,991,980),(980,991,992),(980,992,981),(981,992,993),(981,993,982),(982,993,994),(982,994,983),(983,994,995),(983,995,984),(984,995,996),(984,996,985),(985,996,997),(985,997,986),(986,997,998),(986,998,999),(991,979,1000),(1000,979,978),(1000,978,1001),(1001,978,977),(1001,977,1002),(1002,977,976),(1002,976,1003),(1003,976,975),(1003,975,1004),(1004,975,974),(1004,974,973),(1004,973,1005),(1005,973,972),(1005,972,1006),(1006,972,971),(1006,971,1007),(1007,971,970),(1007,970,1008),(1008,970,969),(1008,969,1009),(1009,969,968),(1009,968,1010),(1010,968,967),(1010,967,1011),(1011,967,990),(1011,990,1012),(1012,990,989),(1012,989,1013),(1013,989,988),(1013,988,1014),(1014,988,987),(1014,987,999),(999,987,986),(991,1015,992),(992,1015,1016),(992,1016,993),(993,1016,1017),(993,1017,994),(994,1017,1018),(994,1018,995),(995,1018,1019),(995,1019,996),(996,1019,1020),(996,1020,997),(997,1020,1021),(997,1021,998),(998,1021,1022),(998,1022,1023),(1015,991,1024),(1024,991,1000),(1024,1000,1025),(1025,1000,1001),(1025,1001,1026),(1026,1001,1002),(1026,1002,1027),(1027,1002,1003),(1027,1003,1028),(1028,1003,1004),(1028,1004,1005),(1028,1005,1029),(1029,1005,1006),(1029,1006,1030),(1030,1006,1007),(1030,1007,1031),(1031,1007,1008),(1031,1008,1032),(1032,1008,1009),(1032,1009,1033),(1033,1009,1010),(1033,1010,1034),(1034,1010,1011),(1034,1011,1035),(1035,1011,1012),(1035,1012,1036),(1036,1012,1013),(1036,1013,1037),(1037,1013,1014),(1037,1014,1038),(1038,1014,999),(1038,999,1023),(1023,999,998),(1015,1039,1016),(1016,1039,1040),(1016,1040,1041),(1039,1015,1042),(1042,1015,1024),(1042,1024,1043),(1043,1024,1025),(1043,1025,1044),(1044,1025,1026),(1044,1026,1045),(1045,1026,1027),(1045,1027,1046),(1046,1027,1028),(1046,1028,1047),(1047,1028,1029),(1047,1029,1048),(1048,1029,1030),(1048,1030,1049),(1049,1030,1031),(1049,1031,1050),(1050,1031,1032),(1050,1032,1051),(1051,1032,1033),(1051,1033,1052),(1052,1033,1034),(1052,1034,1053),(1053,1034,1035),(1053,1035,1054),(1054,1035,1036),(1054,1036,1055),(1055,1036,1037),(1055,1037,1056),(1056,1037,1038),(1056,1038,1057),(1057,1038,1023),(1057,1023,1058),(1058,1023,1022),(1058,1022,1059),(1059,1022,1021),(1059,1021,1060),(1060,1021,1020),(1060,1020,1061),(1061,1020,1019),(1061,1019,1062),(1062,1019,1018),(1062,1018,1063),(1063,1018,1017),(1063,1017,1041),(1041,1017,1016),(1054,1064,1053),(1053,1064,1065),(1053,1065,1052),(1052,1065,1066),(1052,1066,1051),(1051,1066,1067),(1051,1067,1050),(1050,1067,1068),(1050,1068,1049),(1049,1068,1069),(1049,1069,1048),(1048,1069,1070),(1048,1070,1047),(1047,1070,1071),(1047,1071,1046),(1046,1071,1072),(1046,1072,1045),(1045,1072,1073),(1045,1073,1044),(1044,1073,1074),(1044,1074,1043),(1043,1074,1075),(1043,1075,1042),(1042,1075,1076),(1042,1076,1039),(1039,1076,1077),(1039,1077,1040),(1040,1077,1041),(1041,1077,1078),(1041,1078,1063),(1063,1078,1079),(1063,1079,1062),(1062,1079,1080),(1062,1080,1061),(1061,1080,1081),(1061,1081,1060),(1060,1081,1082),(1060,1082,1059),(1059,1082,1083),(1059,1083,1058),(1058,1083,1084),(1058,1084,1057),(1057,1084,1085),(1057,1085,1056),(1056,1085,1086),(1056,1086,1055),(1055,1086,1087),(1055,1087,1054),(1054,1087,1064),(1076,1088,1077),(1077,1088,1089),(1077,1089,1078),(1078,1089,1090),(1078,1090,1079),(1079,1090,1091),(1079,1091,1080),(1080,1091,1092),(1080,1092,1081),(1081,1092,1093),(1081,1093,1082),(1082,1093,1094),(1082,1094,1083),(1083,1094,1084),(1084,1094,1095),(1084,1095,1085),(1085,1095,1096),(1085,1096,1086),(1086,1096,1097),(1086,1097,1087),(1087,1097,1098),(1087,1098,1064),(1064,1098,1099),(1064,1099,1065),(1065,1099,1100),(1065,1100,1066),(1066,1100,1101),(1066,1101,1067),(1067,1101,1102),(1067,1102,1068),(1068,1102,1103),(1068,1103,1069),(1069,1103,1104),(1069,1104,1070),(1070,1104,1105),(1070,1105,1071),(1071,1105,1106),(1071,1106,1107),(1088,1076,1108),(1108,1076,1075),(1108,1075,1109),(1109,1075,1074),(1109,1074,1110),(1110,1074,1073),(1110,1073,1111),(1111,1073,1072),(1111,1072,1107),(1107,1072,1071),(1108,1112,1088),(1088,1112,1113),(1088,1113,1089),(1089,1113,1114),(1089,1114,1090),(1090,1114,1115),(1090,1115,1091),(1091,1115,1116),(1091,1116,1092),(1092,1116,1117),(1092,1117,1093),(1093,1117,1118),(1093,1118,1094),(1094,1118,1119),(1094,1119,1095),(1095,1119,1120),(1095,1120,1096),(1096,1120,1121),(1096,1121,1097),(1097,1121,1122),(1097,1122,1098),(1098,1122,1123),(1098,1123,1099),(1099,1123,1124),(1099,1124,1100),(1100,1124,1125),(1100,1125,1101),(1101,1125,1126),(1101,1126,1102),(1102,1126,1127),(1102,1127,1103),(1103,1127,1128),(1103,1128,1104),(1104,1128,1129),(1104,1129,1105),(1105,1129,1130),(1105,1130,1106),(1106,1130,1131),(1106,1131,1107),(1107,1131,1132),(1107,1132,1111),(1111,1132,1133),(1111,1133,1110),(1110,1133,1134),(1110,1134,1109),(1109,1134,1135),(1109,1135,1108),(1108,1135,1112),(1118,1136,1119),(1119,1136,1137),(1119,1137,1120),(1120,1137,1138),(1120,1138,1121),(1121,1138,1139),(1121,1139,1122),(1122,1139,1140),(1122,1140,1123),(1123,1140,1141),(1123,1141,1124),(1124,1141,1142),(1124,1142,1125),(1125,1142,1143),(1125,1143,1126),(1126,1143,1144),(1126,1144,1127),(1127,1144,1145),(1127,1145,1128),(1128,1145,1146),(1128,1146,1129),(1129,1146,1147),(1129,1147,1130),(1130,1147,1148),(1130,1148,1131),(1131,1148,1149),(1131,1149,1132),(1132,1149,1150),(1132,1150,1133),(1133,1150,1151),(1133,1151,1134),(1134,1151,1152),(1134,1152,1135),(1135,1152,1153),(1135,1153,1112),(1112,1153,1154),(1112,1154,1113),(1113,1154,1155),(1113,1155,1114),(1114,1155,1156),(1114,1156,1115),(1115,1156,1157),(1115,1157,1116),(1116,1157,1158),(1116,1158,1117),(1117,1158,1159),(1117,1159,1118),(1118,1159,1136),(1158,1160,1159),(1159,1160,1161),(1159,1161,1136),(1136,1161,1162),(1136,1162,1137),(1137,1162,1163),(1137,1163,1138),(1138,1163,1164),(1138,1164,1139),(1139,1164,1165),(1139,1165,1140),(1140,1165,1166),(1140,1166,1141),(1141,1166,1167),(1141,1167,1142),(1142,1167,1168),(1142,1168,1143),(1143,1168,1169),(1143,1169,1144),(1144,1169,1170),(1144,1170,1145),(1145,1170,1171),(1145,1171,1146),(1146,1171,1172),(1146,1172,1147),(1147,1172,1173),(1147,1173,1148),(1148,1173,1174),(1148,1174,1149),(1149,1174,1175),(1149,1175,1150),(1150,1175,1176),(1150,1176,1151),(1151,1176,1177),(1151,1177,1152),(1152,1177,1178),(1152,1178,1153),(1153,1178,1179),(1153,1179,1154),(1154,1179,1180),(1154,1180,1155),(1155,1180,1181),(1155,1181,1156),(1156,1181,1182),(1156,1182,1157),(1157,1182,1183),(1157,1183,1158),(1158,1183,1160),(1160,1184,1161),(1161,1184,1185),(1161,1185,1162),(1162,1185,1186),(1162,1186,1163),(1163,1186,1187),(1163,1187,1164),(1164,1187,1188),(1164,1188,1165),(1165,1188,1189),(1165,1189,1166),(1166,1189,1190),(1166,1190,1167),(1167,1190,1191),(1167,1191,1168),(1168,1191,1192),(1168,1192,1169),(1169,1192,1193),(1169,1193,1170),(1170,1193,1194),(1170,1194,1171),(1171,1194,1195),(1171,1195,1172),(1172,1195,1196),(1172,1196,1173),(1173,1196,1197),(1173,1197,1174),(1174,1197,1198),(1174,1198,1175),(1175,1198,1199),(1175,1199,1176),(1176,1199,1200),(1176,1200,1177),(1177,1200,1201),(1177,1201,1178),(1178,1201,1202),(1178,1202,1179),(1179,1202,1203),(1179,1203,1180),(1180,1203,1204),(1180,1204,1181),(1181,1204,1205),(1181,1205,1182),(1182,1205,1206),(1182,1206,1183),(1183,1206,1207),(1183,1207,1160),(1160,1207,1184),(1207,1208,1184),(1184,1208,1209),(1184,1209,1185),(1185,1209,1210),(1185,1210,1186),(1186,1210,1211),(1186,1211,1187),(1187,1211,1212),(1187,1212,1188),(1188,1212,1213),(1188,1213,1189),(1189,1213,1214),(1189,1214,1190),(1190,1214,1215),(1190,1215,1191),(1191,1215,1216),(1191,1216,1192),(1192,1216,1217),(1192,1217,1193),(1193,1217,1218),(1193,1218,1194),(1194,1218,1219),(1194,1219,1195),(1195,1219,1220),(1195,1220,1196),(1196,1220,1221),(1196,1221,1197),(1197,1221,1222),(1197,1222,1198),(1198,1222,1223),(1198,1223,1199),(1199,1223,1224),(1199,1224,1200),(1200,1224,1225),(1200,1225,1201),(1201,1225,1226),(1201,1226,1202),(1202,1226,1227),(1202,1227,1203),(1203,1227,1228),(1203,1228,1204),(1204,1228,1229),(1204,1229,1205),(1205,1229,1230),(1205,1230,1206),(1206,1230,1231),(1206,1231,1207),(1207,1231,1208),(1209,1232,1210),(1210,1232,1233),(1210,1233,1211),(1211,1233,1234),(1211,1234,1212),(1212,1234,1235),(1212,1235,1213),(1213,1235,1236),(1213,1236,1214),(1214,1236,1237),(1214,1237,1215),(1215,1237,1238),(1215,1238,1216),(1216,1238,1239),(1216,1239,1217),(1217,1239,1240),(1217,1240,1218),(1218,1240,1241),(1218,1241,1219),(1219,1241,1242),(1219,1242,1220),(1220,1242,1243),(1220,1243,1221),(1221,1243,1244),(1221,1244,1222),(1222,1244,1245),(1222,1245,1223),(1223,1245,1246),(1223,1246,1224),(1224,1246,1247),(1224,1247,1225),(1225,1247,1248),(1225,1248,1226),(1226,1248,1249),(1226,1249,1227),(1227,1249,1250),(1227,1250,1228),(1228,1250,1251),(1228,1251,1229),(1229,1251,1252),(1229,1252,1230),(1230,1252,1253),(1230,1253,1231),(1231,1253,1254),(1231,1254,1208),(1208,1254,1255),(1208,1255,1209),(1209,1255,1232),(1249,1256,1250),(1250,1256,1257),(1250,1257,1251),(1251,1257,1258),(1251,1258,1252),(1252,1258,1259),(1252,1259,1253),(1253,1259,1260),(1253,1260,1254),(1254,1260,1261),(1254,1261,1255),(1255,1261,1262),(1255,1262,1232),(1232,1262,1233),(1233,1262,1263),(1233,1263,1234),(1234,1263,1264),(1234,1264,1235),(1235,1264,1265),(1235,1265,1236),(1236,1265,1266),(1236,1266,1237),(1237,1266,1267),(1237,1267,1238),(1238,1267,1268),(1238,1268,1239),(1239,1268,1269),(1239,1269,1240),(1240,1269,1270),(1240,1270,1241),(1241,1270,1271),(1241,1271,1242),(1242,1271,1272),(1242,1272,1243),(1243,1272,1273),(1243,1273,1244),(1244,1273,1274),(1244,1274,1275),(1256,1249,1276),(1276,1249,1248),(1276,1248,1277),(1277,1248,1247),(1277,1247,1278),(1278,1247,1246),(1278,1246,1279),(1279,1246,1245),(1279,1245,1275),(1275,1245,1244),(5,43,3),(3,43,45),(3,45,47),(5,7,43),(43,7,41),(41,7,39),(39,7,37),(37,7,9),(37,9,11),(11,13,37),(37,13,35),(35,13,33),(33,13,31),(31,13,15),(31,15,17),(17,19,31),(31,19,21),(31,21,29),(29,21,27),(27,21,23),(27,23,25),(47,1,3),(1257,1256,1258),(1258,1256,1276),(1258,1276,1259),(1259,1276,1277),(1259,1277,1278),(1278,1279,1259),(1259,1279,1260),(1260,1279,1261),(1261,1279,1275),(1261,1275,1262),(1262,1275,1274),(1262,1274,1263),(1263,1274,1273),(1263,1273,1264),(1264,1273,1265),(1265,1273,1272),(1265,1272,1271),(1270,1267,1271),(1271,1267,1266),(1271,1266,1265),(1269,1268,1270),(1270,1268,1267)),$);
#280= IFCSHAPEREPRESENTATION(#28,'Body','Tessellation',(#279));
#281= IFCPRODUCTDEFINITIONSHAPE($,$,(#280));
#282= IFCLOCALPLACEMENT(#5,#22);
#283= IFCBUILTELEMENT('12jdTLBUnAygV91G$Vx$fd',$,'KSR_60_VK',$,$,#282,#281,'E26');
#284= IFCSTYLEDITEM(#279,(#175),'KSR_60_VK');
#285= IFCPROPERTYSET('0MvjqyItb00PE4GUrXHRvh',$,'Properties',$,(#44,#45,#46,#47,#48,#49,#50,#51,#52,#53,#54,#55,#56,#57,#58,#59,#60,#61,#62,#63,#64,#65,#66,#67,#69,#70,#287,#288));
#286= IFCRELDEFINESBYPROPERTIES('1Qzy_okIbDtOvAeJBXPAff',$,$,$,(#283),#285);
#287= IFCPROPERTYSINGLEVALUE('Area',$,IFCREAL(5.94886319655324),$);
#288= IFCPROPERTYSINGLEVALUE('Bounds',$,IFCLABEL('((2701733.33386397,1166131.7085106,1995.93107500171),(2701742.62639856,1166154.4572724,1996.31821440573))'),$);
#289= IFCPROPERTYSET('3bcBnjOBr5qeSfxSJo5jHG',$,'Misc',$,(#73,#74,#75,#76));
#290= IFCRELDEFINESBYPROPERTIES('0BYIrY7IvEWwQoKawXHXs2',$,$,$,(#283),#289);
#291= IFCPROPERTYSET('3O95kAMe54iOaJI_$pWliW',$,'3D Visualization',$,(#79,#80,#81));
#292= IFCRELDEFINESBYPROPERTIES('1AOzzM5Wz15B18RLRzL6Tk',$,$,$,(#283),#291);
#293= IFCPROPERTYSET('2iIa1yjSb0192l3sHqZ2o6',$,'General',$,(#84,#86,#87,#88,#89,#188));
#294= IFCRELDEFINESBYPROPERTIES('2IPWD6tKT7ywuYp70la$_b',$,$,$,(#283),#293);
#295= IFCPROPERTYSET('07n5Kl5Cr7VR9kyZOrhTgP',$,'Geometry',$,(#92));
#296= IFCRELDEFINESBYPROPERTIES('2cfZM58kvAMevUAOKP93JS',$,$,$,(#283),#295);
#297= IFCPROPERTYSET('2pFKao4LX5RftI3T$heCoM',$,'01_Info',$,(#193));
#298= IFCRELDEFINESBYPROPERTIES('0_jolPeyj3XwkOGaODaME_',$,$,$,(#283),#297);
#299= IFCCARTESIANPOINTLIST3D(((1.78069,3.42092,6.51667),(1.87991,3.98329,6.51972),(1.78246,3.42056,6.52589),(1.88167,3.9832,6.52877),(1.88118,3.98351,6.5376),(1.87596,3.98378,6.51141),(1.77663,3.42168,6.50822),(1.87006,3.98465,6.50439),(1.77056,3.42278,6.50114),(1.8626,3.98583,6.4991),(1.76289,3.42416,6.49589),(1.85407,3.98726,6.49591),(1.75413,3.42572,6.49284),(1.84504,3.98883,6.49502),(1.7449,3.42735,6.4922),(1.83609,3.99044,6.49648),(1.73582,3.42895,6.494),(1.82781,3.992,6.5002),(1.7275,3.43039,6.49813),(1.82073,3.99338,6.50594),(1.72052,3.43159,6.5043),(1.81533,3.99452,6.51333),(1.71534,3.43246,6.5121),(1.81196,3.99532,6.52187),(1.71233,3.43295,6.52099),(1.81084,3.99575,6.531),(1.71169,3.43301,6.53037),(1.81195,3.99577,6.53979),(1.71346,3.43266,6.53959),(1.81513,3.99541,6.54804),(1.71751,3.4319,6.54803),(1.8202,3.99469,6.55526),(1.72359,3.43079,6.55512),(1.82684,3.99366,6.56102),(1.73126,3.42941,6.56036),(1.83466,3.99238,6.56497),(1.74001,3.42785,6.56341),(1.84318,3.99092,6.56686),(1.74925,3.42622,6.56406),(1.85189,3.98938,6.56658),(1.75833,3.42463,6.56225),(1.86027,3.98785,6.56416),(1.76665,3.42318,6.55812),(1.86779,3.98641,6.55973),(1.77363,3.42198,6.55195),(1.87402,3.98516,6.55356),(1.77881,3.42111,6.54415),(1.87857,3.98417,6.54604),(1.78182,3.42062,6.53527),(1.94604,4.75625,6.49844),(1.94491,4.75607,6.48967),(1.946,4.75547,6.48054),(1.94934,4.7545,6.47201),(1.95471,4.75323,6.46463),(1.96177,4.75173,6.4589),(1.97004,4.75011,6.45518),(1.97898,4.74846,6.45372),(1.98802,4.74691,6.45461),(1.94926,4.75605,6.50669),(1.95435,4.75548,6.5139),(1.96101,4.75456,6.51965),(1.96884,4.75335,6.52359),(1.97737,4.75193,6.52548),(1.98608,4.75038,6.52521),(1.99444,4.7488,6.52278),(2.00195,4.74728,6.51836),(2.00816,4.74591,6.5122),(2.01269,4.74478,6.50468),(2.01526,4.74395,6.49626),(2.01573,4.74348,6.48743),(2.01394,4.74339,6.47839),(2.00995,4.74373,6.47009),(2.00403,4.74446,6.46308),(1.99656,4.74555,6.4578),(2.03457,5.26459,6.47221),(2.03557,5.26348,6.4631),(2.03883,5.26203,6.45458),(2.04413,5.26034,6.44722),(2.05113,5.25852,6.4415),(2.05936,5.25669,6.43779),(2.06829,5.25496,6.43633),(2.07734,5.25346,6.43722),(2.08591,5.25228,6.4404),(2.09343,5.25149,6.44567),(2.09943,5.25115,6.45267),(2.1035,5.25128,6.46096),(2.10537,5.25188,6.46998),(2.10499,5.25285,6.47878),(2.1025,5.25415,6.48719),(2.09805,5.25571,6.4947),(2.09191,5.25742,6.50085),(2.08444,5.25919,6.50526),(2.0761,5.26091,6.50768),(2.06739,5.26247,6.50795),(2.05885,5.26379,6.50607),(2.0358,5.26527,6.48097),(2.03909,5.26554,6.48919),(2.04425,5.26537,6.4964),(2.05097,5.26477,6.50214),(2.21026,6.26056,6.30334),(2.21062,6.25889,6.2941),(2.21336,6.25688,6.28534),(2.2183,6.25467,6.27766),(2.2251,6.25242,6.27157),(2.23329,6.25026,6.2675),(2.24232,6.24836,6.26572),(2.25157,6.24684,6.26636),(2.26042,6.2458,6.26936),(2.26825,6.24532,6.27454),(2.27454,6.24543,6.28152),(2.27885,6.24612,6.28984),(2.2809,6.24734,6.29893),(2.28054,6.24901,6.30817),(2.2778,6.25102,6.31693),(2.27286,6.25323,6.32462),(2.26606,6.25549,6.3307),(2.25787,6.25764,6.33477),(2.24884,6.25954,6.33655),(2.23959,6.26106,6.33591),(2.23074,6.2621,6.33291),(2.22291,6.26258,6.32774),(2.21662,6.26247,6.32075),(2.21231,6.26179,6.31243),(2.3051,6.39464,6.26382),(2.30716,6.3963,6.27266),(2.30697,6.39832,6.28128),(2.30086,6.39353,6.25571),(2.29472,6.39304,6.24885),(2.28708,6.39321,6.24369),(2.27845,6.39401,6.24057),(2.26939,6.39541,6.2397),(2.26048,6.39731,6.24113),(2.25233,6.39958,6.24476),(2.24545,6.40208,6.25037),(2.2403,6.40464,6.25758),(2.23722,6.40709,6.26592),(2.23641,6.40928,6.27484),(2.23782,6.411,6.28342),(2.24128,6.41223,6.29148),(2.2466,6.41291,6.29853),(2.25344,6.413,6.30416),(2.26139,6.41248,6.30801),(2.26998,6.41139,6.30985),(2.27868,6.40979,6.30959),(2.28697,6.40779,6.30722),(2.29434,6.40549,6.30289),(2.30036,6.40305,6.29687),(2.30466,6.40061,6.28952),(2.27139,6.60137,6.22952),(2.26986,6.59898,6.22113),(2.27055,6.59608,6.21241),(2.27351,6.59297,6.20425),(2.27856,6.58984,6.1972),(2.28536,6.5869,6.19172),(2.29346,6.58434,6.18817),(2.30235,6.58233,6.18677),(2.31142,6.58101,6.18763),(2.27496,6.60324,6.2374),(2.28038,6.60448,6.24429),(2.28729,6.605,6.24979),(2.2953,6.60479,6.25355),(2.30391,6.60384,6.25536),(2.31261,6.60223,6.2551),(2.32086,6.60003,6.25278),(2.32818,6.5974,6.24855),(2.33412,6.59449,6.24267),(2.33831,6.59146,6.23548),(2.34051,6.58852,6.22743),(2.34058,6.58583,6.21899),(2.3384,6.58347,6.21036),(2.33404,6.58172,6.20242),(2.32781,6.58069,6.19572),(2.3201,6.58044,6.19067),(2.29438,6.73804,6.17207),(2.29491,6.73424,6.16367),(2.29772,6.73028,6.15581),(2.30264,6.72641,6.14903),(2.30934,6.7229,6.14375),(2.31738,6.71997,6.14032),(2.32623,6.71782,6.13898),(2.33533,6.71658,6.1398),(2.34406,6.71633,6.14274),(2.35186,6.7171,6.14759),(2.35822,6.71883,6.15405),(2.36272,6.72141,6.16169),(2.36506,6.72467,6.17001),(2.36515,6.72824,6.17814),(2.36309,6.73203,6.18589),(2.35903,6.7358,6.19282),(2.35321,6.73933,6.19849),(2.34597,6.7424,6.20256),(2.33775,6.74484,6.20479),(2.32906,6.74648,6.20504),(2.32042,6.74724,6.2033),(2.29606,6.74131,6.18015),(2.29978,6.74401,6.18774),(2.30532,6.74596,6.19438),(2.31234,6.74706,6.19968),(2.32079,6.88152,6.10497),(2.31898,6.87752,6.09728),(2.31937,6.87296,6.08929),(2.32206,6.86829,6.08181),(2.32687,6.86381,6.07535),(2.33348,6.85983,6.07033),(2.34147,6.85659,6.06707),(2.3503,6.85431,6.06579),(2.35941,6.85314,6.06657),(2.32463,6.88489,6.11219),(2.33027,6.88745,6.11851),(2.33737,6.88903,6.12355),(2.34551,6.88953,6.127),(2.35418,6.88893,6.12866),(2.36287,6.88726,6.12842),(2.37105,6.88463,6.1263),(2.37822,6.88119,6.12242),(2.38396,6.87715,6.11703),(2.38791,6.87275,6.11044),(2.38984,6.86827,6.10306),(2.38963,6.86396,6.09532),(2.38715,6.85995,6.08741),(2.38253,6.85668,6.08014),(2.37606,6.85437,6.07399),(2.36819,6.85317,6.06937),(2.35584,7.08031,5.9882),(2.35403,7.07635,5.9805),(2.35443,7.07182,5.97248),(2.35713,7.06718,5.96499),(2.36194,7.06273,5.95851),(2.36856,7.05877,5.95347),(2.37655,7.05554,5.95021),(2.38538,7.05327,5.94892),(2.39449,7.0521,5.94971),(2.35967,7.08366,5.99544),(2.36531,7.08619,6.00178),(2.37241,7.08774,6.00683),(2.38054,7.08823,6.01029),(2.38922,7.08762,6.01195),(2.3979,7.08596,6.01171),(2.40608,7.08333,6.00958),(2.41326,7.07991,6.0057),(2.419,7.07589,6.00029),(2.42296,7.07152,5.99369),(2.42489,7.06707,5.98628),(2.42469,7.0628,5.97853),(2.42221,7.05882,5.9706),(2.4176,7.05559,5.96331),(2.41114,7.0533,5.95714),(2.40327,7.05211,5.95251),(2.41174,7.40362,5.80873),(2.41209,7.39879,5.80088),(2.41473,7.39386,5.79353),(2.4195,7.38917,5.78719),(2.42609,7.38501,5.78225),(2.43405,7.38166,5.77905),(2.44288,7.37934,5.77779),(2.45199,7.3782,5.77856),(2.46078,7.37832,5.7813),(2.46869,7.37968,5.78585),(2.47519,7.3822,5.79189),(2.47985,7.38572,5.79903),(2.48238,7.38999,5.80681),(2.48264,7.39456,5.8144),(2.48075,7.3993,5.82166),(2.47684,7.40391,5.82813),(2.47114,7.40814,5.83343),(2.46398,7.41171,5.83724),(2.45582,7.41442,5.83932),(2.44713,7.41609,5.83956),(2.43845,7.41664,5.83793),(2.4136,7.40788,5.81628),(2.41748,7.4115,5.82338),(2.42316,7.41427,5.82959),(2.4303,7.41601,5.83454),(2.45415,7.63789,5.65625),(2.45216,7.63287,5.64923),(2.45237,7.62724,5.64193),(2.45488,7.62157,5.6351),(2.45954,7.61624,5.6292),(2.46604,7.61158,5.62461),(2.47395,7.60791,5.62164),(2.48275,7.60546,5.62047),(2.49187,7.6044,5.62118),(2.45817,7.64223,5.66285),(2.46396,7.64563,5.66862),(2.47118,7.64787,5.67323),(2.47939,7.64884,5.67638),(2.48811,7.64846,5.67789),(2.49679,7.64676,5.67767),(2.50492,7.64384,5.67573),(2.512,7.63989,5.67219),(2.51761,7.63513,5.66726),(2.5214,7.62985,5.66125),(2.52316,7.62438,5.6545),(2.52277,7.61905,5.64744),(2.5201,7.61398,5.64021),(2.51531,7.60975,5.63357),(2.50871,7.60661,5.62796),(2.50072,7.60479,5.62373),(2.5066,7.94121,5.39322),(2.5062,7.93519,5.38601),(2.50821,7.92906,5.37918),(2.51251,7.92323,5.37319),(2.51881,7.91811,5.36844),(2.52666,7.91405,5.36527),(2.53554,7.91131,5.36388),(2.54485,7.91009,5.36438),(2.55394,7.91046,5.36672),(2.5622,7.91242,5.37076),(2.56907,7.91581,5.3762),(2.57407,7.92041,5.38269),(2.57687,7.92591,5.38978),(2.57728,7.93193,5.39699),(2.57527,7.93806,5.40382),(2.57096,7.94388,5.40981),(2.56467,7.949,5.41456),(2.55682,7.95307,5.41773),(2.54793,7.9558,5.41912),(2.53863,7.95703,5.41862),(2.52954,7.95665,5.41628),(2.52128,7.9547,5.41224),(2.51441,7.9513,5.4068),(2.5094,7.9467,5.40031),(2.64092,8.29916,5.06073),(2.64363,8.30449,5.06774),(2.64407,8.31008,5.07458),(2.63608,8.29468,5.05429),(2.62944,8.29134,5.04885),(2.62143,8.28936,5.04476),(2.61256,8.28887,5.04229),(2.60344,8.28991,5.04159),(2.59464,8.2924,5.04273),(2.58675,8.29618,5.04561),(2.58028,8.30101,5.05006),(2.57566,8.30656,5.05578),(2.57319,8.31248,5.06239),(2.57304,8.31837,5.06947),(2.57507,8.32365,5.07628),(2.57913,8.32824,5.08267),(2.58496,8.33185,5.08827),(2.59221,8.33426,5.09273),(2.60044,8.33534,5.09578),(2.60916,8.33502,5.09725),(2.61785,8.33331,5.09703),(2.62596,8.33032,5.09515),(2.63302,8.32624,5.09172),(2.6386,8.32129,5.08695),(2.64236,8.3158,5.08112),(2.67648,8.90505,4.59587),(2.67667,8.89932,4.58866),(2.67917,8.89355,4.58192),(2.68381,8.88813,4.57609),(2.69029,8.88341,4.57156),(2.6982,8.87969,4.56863),(2.707,8.87723,4.56747),(2.71612,8.87618,4.56818),(2.72497,8.87661,4.5707),(2.73297,8.87849,4.57487),(2.73959,8.88171,4.58041),(2.7444,8.88604,4.58696),(2.74708,8.89121,4.5941),(2.74749,8.89664,4.60108),(2.74576,8.90221,4.60773),(2.74197,8.90757,4.61367),(2.73638,8.9124,4.61854),(2.7293,8.91641,4.62203),(2.72118,8.91936,4.62394),(2.7125,8.92106,4.62416),(2.70378,8.92141,4.62267),(2.67849,8.91017,4.6028),(2.68252,8.91461,4.60931),(2.68833,8.91809,4.61501),(2.69556,8.92041,4.61956),(2.74175,9.26892,4.32532),(2.73979,9.26409,4.31816),(2.74003,9.25866,4.31072),(2.74258,9.25317,4.30376),(2.74726,9.24799,4.29775),(2.75378,9.24346,4.29307),(2.7617,9.23987,4.29004),(2.77051,9.23745,4.28885),(2.77963,9.23637,4.28958),(2.74573,9.27309,4.33204),(2.7515,9.27633,4.33792),(2.7587,9.27846,4.34261),(2.7669,9.27934,4.34582),(2.7756,9.27892,4.34736),(2.78428,9.27722,4.34714),(2.79242,9.27436,4.34516),(2.79952,9.2705,4.34156),(2.80515,9.26587,4.33654),(2.80898,9.26075,4.3304),(2.81076,9.25546,4.32353),(2.8104,9.25032,4.31634),(2.80777,9.24545,4.30897),(2.80301,9.24139,4.3022),(2.79643,9.2384,4.29648),(2.78847,9.23669,4.29218),(3.278,12.31013,2.26745),(3.27613,12.30581,2.25995),(3.27646,12.3009,2.25215),(3.27909,12.29591,2.24486),(3.28385,12.29116,2.23855),(3.29043,12.28696,2.23365),(3.29839,12.28358,2.23048),(3.30722,12.28125,2.22923),(3.31633,12.28011,2.22999),(3.28189,12.31382,2.27449),(3.28758,12.31665,2.28066),(3.29473,12.31844,2.28557),(3.30289,12.31909,2.28894),(3.31157,12.31856,2.29055),(3.32026,12.31688,2.29032),(3.32842,12.31416,2.28825),(3.33556,12.31055,2.28447),(3.34126,12.30628,2.2792),(3.34516,12.3016,2.27278),(3.34703,12.2968,2.26558),(3.34676,12.29216,2.25804),(3.34423,12.28782,2.25031),(3.33955,12.28424,2.24322),(3.33304,12.28166,2.23722),(3.32513,12.28025,2.23272),(3.37329,12.85682,1.94699),(3.37371,12.85242,1.9389),(3.37643,12.84791,1.93134),(3.38126,12.84356,1.9248),(3.38789,12.83968,1.91972),(3.39589,12.83651,1.91642),(3.40473,12.83426,1.91513),(3.41383,12.83308,1.91592),(3.4226,12.83304,1.91875),(3.43046,12.83415,1.92342),(3.4369,12.83634,1.92964),(3.44149,12.83946,1.937),(3.44394,12.8433,1.94501),(3.44413,12.84744,1.95283),(3.44217,12.85178,1.96029),(3.4382,12.85604,1.96696),(3.43244,12.85997,1.97241),(3.42525,12.86333,1.97633),(3.41707,12.86592,1.97848),(3.40838,12.86758,1.97873),(3.39971,12.86821,1.97705),(3.37507,12.86066,1.95476),(3.37888,12.86388,1.96207),(3.3845,12.86631,1.96846),(3.39159,12.86778,1.97356),(3.51815,13.67209,1.54828),(3.51652,13.66915,1.54005),(3.51711,13.6657,1.53149),(3.51998,13.66205,1.5235),(3.52495,13.65847,1.51658),(3.53168,13.65517,1.51121),(3.53975,13.65238,1.50772),(3.54861,13.65028,1.50635),(3.5577,13.64901,1.50719),(3.52181,13.67448,1.55601),(3.5273,13.67616,1.56277),(3.53429,13.67705,1.56816),(3.54234,13.67708,1.57186),(3.55097,13.67625,1.57363),(3.55966,13.67461,1.57337),(3.56789,13.67227,1.5711),(3.57516,13.66937,1.56695),(3.58103,13.66607,1.56118),(3.58514,13.66258,1.55413),(3.58724,13.65911,1.54623),(3.58722,13.65587,1.53796),(3.58494,13.65295,1.52948),(3.58049,13.65068,1.5217),(3.57418,13.64921,1.51512),(3.56641,13.64864,1.51018),(3.61359,14.21963,1.38002),(3.61443,14.21764,1.37104),(3.61755,14.21538,1.36264),(3.62272,14.21298,1.35538),(3.62962,14.21061,1.34974),(3.63779,14.20842,1.34607),(3.6467,14.20655,1.34464),(3.65576,14.20514,1.34551),(3.66438,14.20426,1.34865),(3.672,14.20398,1.35385),(3.67811,14.20431,1.36076),(3.68232,14.20524,1.36893),(3.68435,14.2067,1.37782),(3.68412,14.20852,1.38651),(3.68177,14.21063,1.3948),(3.67745,14.21291,1.40221),(3.67141,14.21521,1.40827),(3.66401,14.21741,1.41262),(3.65571,14.21936,1.41501),(3.64701,14.22095,1.41528),(3.63843,14.22208,1.41342),(3.61496,14.22116,1.38866),(3.61839,14.22221,1.39677),(3.62368,14.22273,1.40388),(3.6305,14.22269,1.40954),(3.85275,15.57598,1.21566),(3.85375,15.57489,1.20657),(3.85701,15.57345,1.19807),(3.86232,15.57178,1.19072),(3.86931,15.56996,1.18501),(3.87755,15.56814,1.1813),(3.88648,15.56642,1.17985),(3.89553,15.56491,1.18074),(3.90409,15.56372,1.18391),(3.91162,15.56293,1.18917),(3.91761,15.56258,1.19616),(3.92168,15.56269,1.20443),(3.92355,15.56327,1.21343),(3.92317,15.56423,1.22222),(3.92068,15.56552,1.23062),(3.91622,15.56706,1.23811),(3.91007,15.56876,1.24424),(3.9026,15.57053,1.24865),(3.89426,15.57224,1.25106),(3.88556,15.5738,1.25134),(3.87701,15.57512,1.24946),(3.85397,15.57665,1.2244),(3.85726,15.5769,1.23261),(3.86242,15.57672,1.2398),(3.86914,15.57611,1.24553),(3.8691,15.66246,1.21745),(3.86797,15.66227,1.20867),(3.86906,15.66168,1.19954),(3.8724,15.66072,1.191),(3.87777,15.65945,1.18362),(3.88483,15.65795,1.17788),(3.8931,15.65633,1.17416),(3.90205,15.65469,1.1727),(3.91108,15.65314,1.17359),(3.87231,15.66225,1.2257),(3.8774,15.66167,1.23292),(3.88407,15.66075,1.23868),(3.8919,15.65954,1.24262),(3.90043,15.65812,1.24451),(3.90913,15.65657,1.24423),(3.9175,15.65499,1.24181),(3.92501,15.65347,1.23738),(3.93122,15.65211,1.23122),(3.93575,15.65098,1.2237),(3.93832,15.65016,1.21526),(3.93879,15.64969,1.20643),(3.937,15.64961,1.19739),(3.93302,15.64995,1.18908),(3.92709,15.65068,1.18206),(3.91962,15.65177,1.17678),(3.94181,16.08105,1.20588),(3.94298,16.08089,1.19675),(3.94639,16.08033,1.18821),(3.95183,16.07941,1.18082),(3.95893,16.07819,1.17508),(3.96723,16.07674,1.17136),(3.97619,16.07517,1.1699),(3.98522,16.07357,1.17079),(3.99373,16.07206,1.17399),(4.00116,16.07072,1.17927),(4.00702,16.06965,1.18629),(4.01094,16.06892,1.1946),(4.01265,16.06857,1.20365),(4.01211,16.06862,1.21248),(4.00946,16.06904,1.22091),(4.00487,16.06981,1.22844),(3.99861,16.07088,1.2346),(3.99106,16.07219,1.23903),(3.98268,16.07366,1.24146),(3.97397,16.07519,1.24173),(3.96545,16.0767,1.23984),(3.94287,16.08081,1.21467),(3.94601,16.08022,1.22292),(3.95104,16.07929,1.23014),(3.95766,16.0781,1.2359),(4.20414,17.56842,1.23338),(4.20479,17.5684,1.22401),(4.20781,17.56796,1.21512),(4.21299,17.56713,1.20732),(4.21998,17.56596,1.20115),(4.2283,17.56454,1.19702),(4.23739,17.56295,1.19521),(4.24662,17.56132,1.19586),(4.25537,17.55974,1.19891),(4.26304,17.55834,1.20416),(4.26911,17.55719,1.21124),(4.27316,17.55639,1.21968),(4.27492,17.55599,1.22891),(4.27427,17.55601,1.23828),(4.27125,17.55645,1.24717),(4.26607,17.55728,1.25497),(4.25908,17.55845,1.26114),(4.25076,17.55987,1.26527),(4.24167,17.56146,1.26707),(4.23244,17.56309,1.26643),(4.22369,17.56467,1.26338),(4.21602,17.56607,1.25813),(4.20995,17.56722,1.25105),(4.2059,17.56802,1.2426),(4.69327,19.92857,1.2374),(4.69262,19.92863,1.24678),(4.68961,19.92911,1.25567),(4.68444,19.92997,1.26346),(4.67745,19.93116,1.26964),(4.66913,19.9326,1.27377),(4.66005,19.93419,1.27557),(4.65082,19.93583,1.27493),(4.64206,19.93739,1.27188),(4.63439,19.93877,1.26663),(4.62832,19.93989,1.25954),(4.62426,19.94066,1.2511),(4.6225,19.94103,1.24188),(4.62314,19.94097,1.2325),(4.62615,19.9405,1.22361),(4.63133,19.93963,1.21582),(4.63831,19.93844,1.20964),(4.64663,19.937,1.20551),(4.65572,19.93541,1.20371),(4.66495,19.93377,1.20436),(4.6915,19.92894,1.22818),(4.68745,19.92971,1.21974),(4.68137,19.93083,1.21265),(4.6737,19.93221,1.20741),(4.70622,20.00308,1.23602),(4.70608,20.00293,1.24541),(4.70352,20.00301,1.25446),(4.69871,20.00333,1.26254),(4.69198,20.00387,1.2691),(4.68379,20.00459,1.2737),(4.67469,20.00543,1.27602),(4.66531,20.00634,1.27591),(4.65628,20.00727,1.27336),(4.64823,20.00814,1.26857),(4.64169,20.0089,1.26184),(4.63712,20.00949,1.25365),(4.63483,20.00988,1.24454),(4.63496,20.01004,1.23515),(4.63752,20.00995,1.2261),(4.64233,20.00963,1.21802),(4.64906,20.00909,1.21146),(4.65726,20.00838,1.20686),(4.66635,20.00754,1.20454),(4.67573,20.00662,1.20465),(4.68476,20.0057,1.20719),(4.69281,20.00482,1.21199),(4.69935,20.00407,1.21872),(4.70392,20.00347,1.22691),(4.68297,20.22512,1.2813),(4.67358,20.22332,1.28217),(4.66427,20.22158,1.28058),(4.65568,20.22003,1.27665),(4.64839,20.21877,1.27065),(4.6429,20.21788,1.26298),(4.63958,20.21743,1.25417),(4.63866,20.21744,1.24481),(4.6402,20.21792,1.23555),(4.6441,20.21883,1.22701),(4.65009,20.22012,1.21978),(4.65777,20.22168,1.21436),(4.6666,20.22342,1.2111),(4.67599,20.22522,1.21023),(4.6853,20.22696,1.21182),(4.69389,20.22851,1.21575),(4.70118,20.22977,1.22175),(4.70667,20.23066,1.22942),(4.70998,20.23111,1.23824),(4.7109,20.2311,1.24759),(4.70936,20.23062,1.25686),(4.70546,20.22971,1.26539),(4.69947,20.22842,1.27262),(4.6918,20.22686,1.27805),(4.60104,20.40867,1.2844),(4.59311,20.40332,1.28388),(4.58552,20.39828,1.28096),(4.57881,20.39391,1.27582),(4.57342,20.39049,1.26882),(4.56972,20.38826,1.26044),(4.56797,20.38738,1.25125),(4.56829,20.3879,1.24187),(4.57065,20.38979,1.23294),(4.57489,20.39292,1.22507),(4.58073,20.39707,1.2188),(4.58776,20.40197,1.21455),(4.59551,20.40727,1.21262),(4.60345,20.41263,1.21314),(4.61103,20.41766,1.21606),(4.61775,20.42204,1.2212),(4.62313,20.42546,1.2282),(4.62683,20.42768,1.23658),(4.62858,20.42857,1.24577),(4.62826,20.42805,1.25515),(4.6259,20.42616,1.26408),(4.62166,20.42303,1.27195),(4.61582,20.41888,1.27822),(4.60879,20.41398,1.28247),(4.46109,20.5502,1.29229),(4.45588,20.54215,1.29242),(4.45069,20.53445,1.29013),(4.44587,20.52762,1.28556),(4.44176,20.52214,1.27902),(4.43863,20.51837,1.27097),(4.43669,20.51657,1.26195),(4.43608,20.51687,1.25257),(4.43685,20.51923,1.24348),(4.43893,20.52351,1.23529),(4.44218,20.52941,1.22856),(4.44639,20.53653,1.22376),(4.45127,20.54438,1.2212),(4.45648,20.55243,1.22106),(4.46167,20.56013,1.22336),(4.46649,20.56695,1.22793),(4.4706,20.57243,1.23446),(4.47373,20.5762,1.24251),(4.47567,20.578,1.25154),(4.47627,20.57771,1.26091),(4.47551,20.57534,1.27001),(4.47343,20.57106,1.2782),(4.47017,20.56516,1.28492),(4.46597,20.55805,1.28973),(4.29779,20.61724,1.30926),(4.29517,20.6082,1.30982),(4.29244,20.59936,1.30793),(4.28978,20.59134,1.30372),(4.28738,20.58467,1.29749),(4.2854,20.57982,1.28966),(4.28397,20.57712,1.28076),(4.28319,20.57674,1.2714),(4.28312,20.57871,1.26221),(4.28376,20.58291,1.25382),(4.28506,20.58904,1.24681),(4.28694,20.59668,1.24165),(4.28927,20.60532,1.23869),(4.29189,20.61436,1.23813),(4.29462,20.6232,1.24002),(4.29728,20.63122,1.24423),(4.29968,20.63789,1.25046),(4.30166,20.64274,1.25829),(4.30309,20.64544,1.26719),(4.30387,20.64582,1.27655),(4.30394,20.64385,1.28574),(4.3033,20.63965,1.29413),(4.302,20.63352,1.30114),(4.30012,20.62588,1.3063),(4.08569,20.64628,1.31728),(4.08402,20.63749,1.3144),(4.08253,20.62973,1.3093),(4.08133,20.62353,1.30234),(4.08049,20.61932,1.29397),(4.08007,20.61738,1.28478),(4.08011,20.61784,1.27539),(4.08059,20.62067,1.26644),(4.08149,20.62568,1.25854),(4.08274,20.63253,1.25222),(4.08427,20.64075,1.24793),(4.08595,20.64978,1.24594),(4.08769,20.659,1.24641),(4.08936,20.66779,1.24928),(4.09085,20.67555,1.25438),(4.09205,20.68175,1.26135),(4.09289,20.68597,1.26971),(4.09331,20.68791,1.2789),(4.09327,20.68745,1.28829),(4.09279,20.68462,1.29725),(4.09189,20.6796,1.30515),(4.09064,20.67276,1.31146),(4.08911,20.66454,1.31576),(4.08743,20.65551,1.31774),(3.86081,20.66081,1.29391),(3.86044,20.65723,1.28523),(3.86049,20.65597,1.27592),(3.86098,20.65713,1.2666),(3.86185,20.66063,1.25793),(3.86306,20.66623,1.25047),(3.86452,20.67354,1.24475),(3.86613,20.68207,1.24116),(3.86779,20.69124,1.23993),(3.86937,20.70042,1.24116),(3.87077,20.70899,1.24475),(3.8719,20.71636,1.25047),(3.87268,20.72204,1.25793),(3.87305,20.72562,1.2666),(3.873,20.72688,1.27592),(3.87251,20.72572,1.28523),(3.87164,20.72222,1.29391),(3.87043,20.71662,1.30136),(3.86897,20.70931,1.30708),(3.86735,20.70078,1.31068),(3.8657,20.69161,1.3119),(3.86412,20.68243,1.31068),(3.86272,20.67386,1.30708),(3.86159,20.66649,1.30136),(3.32476,20.82355,1.25791),(3.32426,20.82239,1.26722),(3.32335,20.8189,1.2759),(3.32212,20.81331,1.28335),(3.32065,20.80599,1.28907),(3.31902,20.79746,1.29266),(3.31737,20.7883,1.29389),(3.31579,20.77911,1.29266),(3.31439,20.77054,1.28907),(3.31328,20.76317,1.28335),(3.31253,20.75749,1.2759),(3.31218,20.7539,1.26722),(3.31226,20.75264,1.25791),(3.31277,20.7538,1.24859),(3.31367,20.75729,1.23992),(3.3149,20.76288,1.23246),(3.31638,20.77019,1.22675),(3.318,20.77872,1.22315),(3.31966,20.78789,1.22192),(3.32124,20.79707,1.22315),(3.32485,20.82229,1.24859),(3.3245,20.8187,1.23992),(3.32374,20.81302,1.23246),(3.32263,20.80564,1.22675)),$);
#300= IFCTRIANGULATEDFACESET(#299,$,$,((1,2,3),(3,2,4),(3,4,5),(2,1,6),(6,1,7),(6,7,8),(8,7,9),(8,9,10),(10,9,11),(10,11,12),(12,11,13),(12,13,14),(14,13,15),(14,15,16),(16,15,17),(16,17,18),(18,17,19),(18,19,20),(20,19,21),(20,21,22),(22,21,23),(22,23,24),(24,23,25),(24,25,26),(26,25,27),(26,27,28),(28,27,29),(28,29,30),(30,29,31),(30,31,32),(32,31,33),(32,33,34),(34,33,35),(34,35,36),(36,35,37),(36,37,38),(38,37,39),(38,39,40),(40,39,41),(40,41,42),(42,41,43),(42,43,44),(44,43,45),(44,45,46),(46,45,47),(46,47,48),(48,47,49),(48,49,5),(5,49,3),(28,50,26),(26,50,51),(26,51,24),(24,51,52),(24,52,22),(22,52,53),(22,53,20),(20,53,54),(20,54,18),(18,54,55),(18,55,16),(16,55,56),(16,56,14),(14,56,57),(14,57,58),(50,28,59),(59,28,30),(59,30,60),(60,30,32),(60,32,61),(61,32,34),(61,34,62),(62,34,36),(62,36,63),(63,36,38),(63,38,40),(63,40,64),(64,40,42),(64,42,65),(65,42,44),(65,44,66),(66,44,46),(66,46,67),(67,46,48),(67,48,68),(68,48,5),(68,5,69),(69,5,4),(69,4,70),(70,4,2),(70,2,71),(71,2,6),(71,6,72),(72,6,8),(72,8,73),(73,8,10),(73,10,74),(74,10,12),(74,12,58),(58,12,14),(50,75,51),(51,75,76),(51,76,52),(52,76,77),(52,77,53),(53,77,78),(53,78,54),(54,78,79),(54,79,55),(55,79,80),(55,80,56),(56,80,81),(56,81,57),(57,81,58),(58,81,82),(58,82,74),(74,82,83),(74,83,73),(73,83,84),(73,84,72),(72,84,85),(72,85,71),(71,85,86),(71,86,70),(70,86,87),(70,87,69),(69,87,88),(69,88,68),(68,88,89),(68,89,67),(67,89,90),(67,90,66),(66,90,91),(66,91,65),(65,91,92),(65,92,64),(64,92,93),(64,93,63),(63,93,94),(63,94,95),(75,50,96),(96,50,59),(96,59,97),(97,59,60),(97,60,98),(98,60,61),(98,61,99),(99,61,62),(99,62,95),(95,62,63),(96,100,75),(75,100,101),(75,101,76),(76,101,102),(76,102,77),(77,102,103),(77,103,78),(78,103,104),(78,104,79),(79,104,105),(79,105,80),(80,105,106),(80,106,81),(81,106,107),(81,107,82),(82,107,108),(82,108,83),(83,108,109),(83,109,84),(84,109,110),(84,110,85),(85,110,111),(85,111,86),(86,111,112),(86,112,87),(87,112,88),(88,112,113),(88,113,89),(89,113,114),(89,114,90),(90,114,115),(90,115,91),(91,115,116),(91,116,92),(92,116,117),(92,117,93),(93,117,118),(93,118,94),(94,118,119),(94,119,95),(95,119,120),(95,120,99),(99,120,121),(99,121,98),(98,121,122),(98,122,97),(97,122,123),(97,123,96),(96,123,100),(111,124,112),(112,124,125),(112,125,126),(124,111,127),(127,111,110),(127,110,128),(128,110,109),(128,109,129),(129,109,108),(129,108,130),(130,108,107),(130,107,131),(131,107,106),(131,106,132),(132,106,105),(132,105,133),(133,105,104),(133,104,134),(134,104,103),(134,103,135),(135,103,102),(135,102,136),(136,102,101),(136,101,137),(137,101,100),(137,100,138),(138,100,123),(138,123,139),(139,123,122),(139,122,140),(140,122,121),(140,121,141),(141,121,120),(141,120,142),(142,120,119),(142,119,143),(143,119,118),(143,118,144),(144,118,117),(144,117,145),(145,117,116),(145,116,146),(146,116,115),(146,115,147),(147,115,114),(147,114,148),(148,114,113),(148,113,126),(126,113,112),(138,149,137),(137,149,150),(137,150,136),(136,150,151),(136,151,135),(135,151,152),(135,152,134),(134,152,153),(134,153,133),(133,153,154),(133,154,132),(132,154,155),(132,155,131),(131,155,156),(131,156,157),(149,138,158),(158,138,139),(158,139,159),(159,139,140),(159,140,160),(160,140,141),(160,141,161),(161,141,142),(161,142,162),(162,142,143),(162,143,144),(162,144,163),(163,144,145),(163,145,164),(164,145,146),(164,146,165),(165,146,147),(165,147,166),(166,147,148),(166,148,167),(167,148,126),(167,126,168),(168,126,125),(168,125,169),(169,125,124),(169,124,170),(170,124,127),(170,127,171),(171,127,128),(171,128,172),(172,128,129),(172,129,173),(173,129,130),(173,130,157),(157,130,131),(149,174,150),(150,174,175),(150,175,151),(151,175,176),(151,176,152),(152,176,177),(152,177,153),(153,177,178),(153,178,154),(154,178,179),(154,179,155),(155,179,180),(155,180,156),(156,180,157),(157,180,181),(157,181,173),(173,181,182),(173,182,172),(172,182,183),(172,183,171),(171,183,184),(171,184,170),(170,184,185),(170,185,169),(169,185,186),(169,186,168),(168,186,187),(168,187,167),(167,187,188),(167,188,166),(166,188,189),(166,189,165),(165,189,190),(165,190,164),(164,190,191),(164,191,163),(163,191,192),(163,192,162),(162,192,193),(162,193,194),(174,149,195),(195,149,158),(195,158,196),(196,158,159),(196,159,197),(197,159,160),(197,160,198),(198,160,161),(198,161,194),(194,161,162),(195,199,174),(174,199,200),(174,200,175),(175,200,201),(175,201,176),(176,201,202),(176,202,177),(177,202,203),(177,203,178),(178,203,204),(178,204,179),(179,204,205),(179,205,180),(180,205,206),(180,206,207),(199,195,208),(208,195,196),(208,196,209),(209,196,197),(209,197,210),(210,197,198),(210,198,211),(211,198,194),(211,194,212),(212,194,193),(212,193,192),(212,192,213),(213,192,191),(213,191,214),(214,191,190),(214,190,215),(215,190,189),(215,189,216),(216,189,188),(216,188,217),(217,188,187),(217,187,218),(218,187,186),(218,186,219),(219,186,185),(219,185,220),(220,185,184),(220,184,221),(221,184,183),(221,183,222),(222,183,182),(222,182,223),(223,182,181),(223,181,207),(207,181,180),(199,224,200),(200,224,225),(200,225,201),(201,225,226),(201,226,202),(202,226,227),(202,227,203),(203,227,228),(203,228,204),(204,228,229),(204,229,205),(205,229,230),(205,230,206),(206,230,231),(206,231,232),(224,199,233),(233,199,208),(233,208,234),(234,208,209),(234,209,235),(235,209,210),(235,210,236),(236,210,211),(236,211,237),(237,211,212),(237,212,213),(237,213,238),(238,213,214),(238,214,239),(239,214,215),(239,215,240),(240,215,216),(240,216,241),(241,216,217),(241,217,242),(242,217,218),(242,218,243),(243,218,219),(243,219,244),(244,219,220),(244,220,245),(245,220,221),(245,221,246),(246,221,222),(246,222,247),(247,222,223),(247,223,248),(248,223,207),(248,207,232),(232,207,206),(224,249,225),(225,249,250),(225,250,226),(226,250,251),(226,251,227),(227,251,252),(227,252,228),(228,252,253),(228,253,229),(229,253,254),(229,254,230),(230,254,255),(230,255,231),(231,255,232),(232,255,256),(232,256,248),(248,256,257),(248,257,247),(247,257,258),(247,258,246),(246,258,259),(246,259,245),(245,259,260),(245,260,244),(244,260,261),(244,261,243),(243,261,262),(243,262,242),(242,262,263),(242,263,241),(241,263,264),(241,264,240),(240,264,265),(240,265,239),(239,265,266),(239,266,238),(238,266,267),(238,267,237),(237,267,268),(237,268,269),(249,224,270),(270,224,233),(270,233,271),(271,233,234),(271,234,272),(272,234,235),(272,235,273),(273,235,236),(273,236,269),(269,236,237),(270,274,249),(249,274,275),(249,275,250),(250,275,276),(250,276,251),(251,276,277),(251,277,252),(252,277,278),(252,278,253),(253,278,279),(253,279,254),(254,279,280),(254,280,255),(255,280,281),(255,281,282),(274,270,283),(283,270,271),(283,271,284),(284,271,272),(284,272,285),(285,272,273),(285,273,286),(286,273,269),(286,269,287),(287,269,268),(287,268,267),(287,267,288),(288,267,266),(288,266,289),(289,266,265),(289,265,290),(290,265,264),(290,264,291),(291,264,263),(291,263,292),(292,263,262),(292,262,293),(293,262,261),(293,261,294),(294,261,260),(294,260,295),(295,260,259),(295,259,296),(296,259,258),(296,258,297),(297,258,257),(297,257,298),(298,257,256),(298,256,282),(282,256,255),(274,299,275),(275,299,300),(275,300,276),(276,300,301),(276,301,277),(277,301,302),(277,302,278),(278,302,303),(278,303,279),(279,303,304),(279,304,280),(280,304,305),(280,305,281),(281,305,306),(281,306,282),(282,306,307),(282,307,298),(298,307,308),(298,308,297),(297,308,309),(297,309,296),(296,309,310),(296,310,295),(295,310,311),(295,311,294),(294,311,293),(293,311,312),(293,312,292),(292,312,313),(292,313,291),(291,313,314),(291,314,290),(290,314,315),(290,315,289),(289,315,316),(289,316,288),(288,316,317),(288,317,287),(287,317,318),(287,318,286),(286,318,319),(286,319,285),(285,319,320),(285,320,284),(284,320,321),(284,321,283),(283,321,322),(283,322,274),(274,322,299),(310,323,311),(311,323,324),(311,324,325),(323,310,326),(326,310,309),(326,309,327),(327,309,308),(327,308,328),(328,308,307),(328,307,329),(329,307,306),(329,306,330),(330,306,305),(330,305,331),(331,305,304),(331,304,332),(332,304,303),(332,303,333),(333,303,302),(333,302,334),(334,302,301),(334,301,335),(335,301,300),(335,300,336),(336,300,299),(336,299,337),(337,299,322),(337,322,338),(338,322,321),(338,321,339),(339,321,320),(339,320,340),(340,320,319),(340,319,341),(341,319,318),(341,318,342),(342,318,317),(342,317,343),(343,317,316),(343,316,344),(344,316,315),(344,315,345),(345,315,314),(345,314,346),(346,314,313),(346,313,347),(347,313,312),(347,312,325),(325,312,311),(337,348,336),(336,348,349),(336,349,335),(335,349,350),(335,350,334),(334,350,351),(334,351,333),(333,351,352),(333,352,332),(332,352,353),(332,353,331),(331,353,354),(331,354,330),(330,354,329),(329,354,355),(329,355,328),(328,355,356),(328,356,327),(327,356,357),(327,357,326),(326,357,358),(326,358,323),(323,358,359),(323,359,324),(324,359,360),(324,360,325),(325,360,361),(325,361,347),(347,361,362),(347,362,346),(346,362,363),(346,363,345),(345,363,364),(345,364,344),(344,364,365),(344,365,343),(343,365,366),(343,366,342),(342,366,367),(342,367,368),(348,337,369),(369,337,338),(369,338,370),(370,338,339),(370,339,371),(371,339,340),(371,340,372),(372,340,341),(372,341,368),(368,341,342),(369,373,348),(348,373,374),(348,374,349),(349,374,375),(349,375,350),(350,375,376),(350,376,351),(351,376,377),(351,377,352),(352,377,378),(352,378,353),(353,378,379),(353,379,354),(354,379,380),(354,380,381),(373,369,382),(382,369,370),(382,370,383),(383,370,371),(383,371,384),(384,371,372),(384,372,385),(385,372,368),(385,368,386),(386,368,367),(386,367,366),(386,366,387),(387,366,365),(387,365,388),(388,365,364),(388,364,389),(389,364,363),(389,363,390),(390,363,362),(390,362,391),(391,362,361),(391,361,392),(392,361,360),(392,360,393),(393,360,359),(393,359,394),(394,359,358),(394,358,395),(395,358,357),(395,357,396),(396,357,356),(396,356,397),(397,356,355),(397,355,381),(381,355,354),(373,398,374),(374,398,399),(374,399,375),(375,399,400),(375,400,376),(376,400,401),(376,401,377),(377,401,402),(377,402,378),(378,402,403),(378,403,379),(379,403,404),(379,404,380),(380,404,405),(380,405,406),(398,373,407),(407,373,382),(407,382,408),(408,382,383),(408,383,409),(409,383,384),(409,384,410),(410,384,385),(410,385,411),(411,385,386),(411,386,387),(411,387,412),(412,387,388),(412,388,413),(413,388,389),(413,389,414),(414,389,390),(414,390,415),(415,390,391),(415,391,416),(416,391,392),(416,392,417),(417,392,393),(417,393,418),(418,393,394),(418,394,419),(419,394,395),(419,395,420),(420,395,396),(420,396,421),(421,396,397),(421,397,422),(422,397,381),(422,381,406),(406,381,380),(398,423,399),(399,423,424),(399,424,400),(400,424,425),(400,425,401),(401,425,426),(401,426,402),(402,426,427),(402,427,403),(403,427,428),(403,428,404),(404,428,429),(404,429,405),(405,429,406),(406,429,430),(406,430,422),(422,430,431),(422,431,421),(421,431,432),(421,432,420),(420,432,433),(420,433,419),(419,433,434),(419,434,418),(418,434,435),(418,435,417),(417,435,436),(417,436,416),(416,436,437),(416,437,415),(415,437,438),(415,438,414),(414,438,439),(414,439,413),(413,439,440),(413,440,412),(412,440,441),(412,441,411),(411,441,442),(411,442,443),(423,398,444),(444,398,407),(444,407,445),(445,407,408),(445,408,446),(446,408,409),(446,409,447),(447,409,410),(447,410,443),(443,410,411),(444,448,423),(423,448,449),(423,449,424),(424,449,450),(424,450,425),(425,450,451),(425,451,426),(426,451,452),(426,452,427),(427,452,453),(427,453,428),(428,453,454),(428,454,429),(429,454,455),(429,455,456),(448,444,457),(457,444,445),(457,445,458),(458,445,446),(458,446,459),(459,446,447),(459,447,460),(460,447,443),(460,443,461),(461,443,442),(461,442,441),(461,441,462),(462,441,440),(462,440,463),(463,440,439),(463,439,464),(464,439,438),(464,438,465),(465,438,437),(465,437,466),(466,437,436),(466,436,467),(467,436,435),(467,435,468),(468,435,434),(468,434,469),(469,434,433),(469,433,470),(470,433,432),(470,432,471),(471,432,431),(471,431,472),(472,431,430),(472,430,456),(456,430,429),(448,473,449),(449,473,474),(449,474,450),(450,474,475),(450,475,451),(451,475,476),(451,476,452),(452,476,477),(452,477,453),(453,477,478),(453,478,454),(454,478,479),(454,479,455),(455,479,456),(456,479,480),(456,480,472),(472,480,481),(472,481,471),(471,481,482),(471,482,470),(470,482,483),(470,483,469),(469,483,484),(469,484,468),(468,484,485),(468,485,467),(467,485,486),(467,486,466),(466,486,487),(466,487,465),(465,487,488),(465,488,464),(464,488,489),(464,489,463),(463,489,490),(463,490,462),(462,490,491),(462,491,461),(461,491,492),(461,492,493),(473,448,494),(494,448,457),(494,457,495),(495,457,458),(495,458,496),(496,458,459),(496,459,497),(497,459,460),(497,460,493),(493,460,461),(494,498,473),(473,498,499),(473,499,474),(474,499,500),(474,500,475),(475,500,501),(475,501,476),(476,501,502),(476,502,477),(477,502,503),(477,503,478),(478,503,504),(478,504,479),(479,504,480),(480,504,505),(480,505,481),(481,505,506),(481,506,482),(482,506,507),(482,507,483),(483,507,508),(483,508,484),(484,508,509),(484,509,485),(485,509,510),(485,510,486),(486,510,511),(486,511,487),(487,511,512),(487,512,488),(488,512,513),(488,513,489),(489,513,514),(489,514,490),(490,514,515),(490,515,491),(491,515,516),(491,516,492),(492,516,517),(492,517,518),(498,494,519),(519,494,495),(519,495,520),(520,495,496),(520,496,521),(521,496,497),(521,497,522),(522,497,493),(522,493,518),(518,493,492),(519,523,498),(498,523,524),(498,524,499),(499,524,525),(499,525,500),(500,525,526),(500,526,501),(501,526,527),(501,527,502),(502,527,528),(502,528,503),(503,528,529),(503,529,504),(504,529,530),(504,530,531),(523,519,532),(532,519,520),(532,520,533),(533,520,521),(533,521,534),(534,521,522),(534,522,535),(535,522,518),(535,518,536),(536,518,517),(536,517,516),(536,516,537),(537,516,515),(537,515,538),(538,515,514),(538,514,539),(539,514,513),(539,513,540),(540,513,512),(540,512,541),(541,512,511),(541,511,542),(542,511,510),(542,510,543),(543,510,509),(543,509,544),(544,509,508),(544,508,545),(545,508,507),(545,507,546),(546,507,506),(546,506,547),(547,506,505),(547,505,531),(531,505,504),(523,548,524),(524,548,549),(524,549,525),(525,549,550),(525,550,526),(526,550,551),(526,551,527),(527,551,552),(527,552,528),(528,552,553),(528,553,529),(529,553,554),(529,554,530),(530,554,531),(531,554,555),(531,555,547),(547,555,556),(547,556,546),(546,556,557),(546,557,545),(545,557,558),(545,558,544),(544,558,559),(544,559,543),(543,559,560),(543,560,542),(542,560,561),(542,561,541),(541,561,562),(541,562,540),(540,562,563),(540,563,539),(539,563,564),(539,564,538),(538,564,565),(538,565,537),(537,565,566),(537,566,536),(536,566,567),(536,567,568),(548,523,569),(569,523,532),(569,532,570),(570,532,533),(570,533,571),(571,533,534),(571,534,572),(572,534,535),(572,535,568),(568,535,536),(569,573,548),(548,573,574),(548,574,549),(549,574,575),(549,575,550),(550,575,576),(550,576,551),(551,576,577),(551,577,552),(552,577,578),(552,578,553),(553,578,579),(553,579,554),(554,579,580),(554,580,555),(555,580,581),(555,581,556),(556,581,582),(556,582,557),(557,582,583),(557,583,558),(558,583,584),(558,584,559),(559,584,585),(559,585,560),(560,585,561),(561,585,586),(561,586,562),(562,586,587),(562,587,563),(563,587,588),(563,588,564),(564,588,589),(564,589,565),(565,589,590),(565,590,566),(566,590,591),(566,591,567),(567,591,592),(567,592,568),(568,592,593),(568,593,572),(572,593,594),(572,594,571),(571,594,595),(571,595,570),(570,595,596),(570,596,569),(569,596,573),(584,597,585),(585,597,598),(585,598,586),(586,598,599),(586,599,587),(587,599,600),(587,600,588),(588,600,601),(588,601,589),(589,601,602),(589,602,590),(590,602,603),(590,603,591),(591,603,592),(592,603,604),(592,604,593),(593,604,605),(593,605,594),(594,605,606),(594,606,595),(595,606,607),(595,607,596),(596,607,608),(596,608,573),(573,608,609),(573,609,574),(574,609,610),(574,610,575),(575,610,611),(575,611,576),(576,611,612),(576,612,577),(577,612,613),(577,613,578),(578,613,614),(578,614,579),(579,614,615),(579,615,616),(597,584,617),(617,584,583),(617,583,618),(618,583,582),(618,582,619),(619,582,581),(619,581,620),(620,581,580),(620,580,616),(616,580,579),(617,621,597),(597,621,622),(597,622,598),(598,622,623),(598,623,599),(599,623,624),(599,624,600),(600,624,625),(600,625,601),(601,625,626),(601,626,602),(602,626,627),(602,627,603),(603,627,628),(603,628,604),(604,628,629),(604,629,605),(605,629,630),(605,630,606),(606,630,631),(606,631,607),(607,631,632),(607,632,608),(608,632,633),(608,633,609),(609,633,634),(609,634,610),(610,634,635),(610,635,611),(611,635,636),(611,636,612),(612,636,637),(612,637,613),(613,637,638),(613,638,614),(614,638,639),(614,639,615),(615,639,640),(615,640,616),(616,640,641),(616,641,620),(620,641,642),(620,642,619),(619,642,643),(619,643,618),(618,643,644),(618,644,617),(617,644,621),(626,645,627),(627,645,646),(627,646,628),(628,646,647),(628,647,629),(629,647,648),(629,648,630),(630,648,649),(630,649,631),(631,649,650),(631,650,632),(632,650,651),(632,651,633),(633,651,652),(633,652,634),(634,652,653),(634,653,635),(635,653,654),(635,654,636),(636,654,655),(636,655,637),(637,655,656),(637,656,638),(638,656,657),(638,657,639),(639,657,658),(639,658,640),(640,658,659),(640,659,641),(641,659,660),(641,660,642),(642,660,661),(642,661,643),(643,661,662),(643,662,644),(644,662,663),(644,663,621),(621,663,664),(621,664,622),(622,664,665),(622,665,623),(623,665,666),(623,666,624),(624,666,667),(624,667,625),(625,667,668),(625,668,626),(626,668,645),(645,669,646),(646,669,670),(646,670,647),(647,670,671),(647,671,648),(648,671,672),(648,672,649),(649,672,673),(649,673,650),(650,673,674),(650,674,651),(651,674,675),(651,675,652),(652,675,676),(652,676,653),(653,676,677),(653,677,654),(654,677,678),(654,678,655),(655,678,679),(655,679,656),(656,679,680),(656,680,657),(657,680,681),(657,681,658),(658,681,682),(658,682,659),(659,682,683),(659,683,660),(660,683,684),(660,684,661),(661,684,685),(661,685,662),(662,685,686),(662,686,663),(663,686,687),(663,687,664),(664,687,688),(664,688,665),(665,688,689),(665,689,666),(666,689,690),(666,690,667),(667,690,691),(667,691,668),(668,691,692),(668,692,645),(645,692,669),(692,693,669),(669,693,694),(669,694,670),(670,694,695),(670,695,671),(671,695,696),(671,696,672),(672,696,697),(672,697,673),(673,697,698),(673,698,674),(674,698,699),(674,699,675),(675,699,700),(675,700,676),(676,700,701),(676,701,677),(677,701,702),(677,702,678),(678,702,703),(678,703,679),(679,703,704),(679,704,680),(680,704,705),(680,705,681),(681,705,706),(681,706,682),(682,706,707),(682,707,683),(683,707,708),(683,708,684),(684,708,709),(684,709,685),(685,709,710),(685,710,686),(686,710,711),(686,711,687),(687,711,712),(687,712,688),(688,712,713),(688,713,689),(689,713,714),(689,714,690),(690,714,715),(690,715,691),(691,715,716),(691,716,692),(692,716,693),(716,717,693),(693,717,718),(693,718,694),(694,718,719),(694,719,695),(695,719,720),(695,720,696),(696,720,721),(696,721,697),(697,721,722),(697,722,698),(698,722,723),(698,723,699),(699,723,724),(699,724,700),(700,724,725),(700,725,701),(701,725,726),(701,726,702),(702,726,727),(702,727,703),(703,727,728),(703,728,704),(704,728,729),(704,729,705),(705,729,730),(705,730,706),(706,730,731),(706,731,707),(707,731,732),(707,732,708),(708,732,733),(708,733,709),(709,733,734),(709,734,710),(710,734,735),(710,735,711),(711,735,736),(711,736,712),(712,736,737),(712,737,713),(713,737,738),(713,738,714),(714,738,739),(714,739,715),(715,739,740),(715,740,716),(716,740,717),(718,741,719),(719,741,742),(719,742,720),(720,742,743),(720,743,721),(721,743,744),(721,744,722),(722,744,745),(722,745,723),(723,745,746),(723,746,724),(724,746,747),(724,747,725),(725,747,748),(725,748,726),(726,748,749),(726,749,727),(727,749,750),(727,750,728),(728,750,751),(728,751,729),(729,751,752),(729,752,730),(730,752,753),(730,753,731),(731,753,754),(731,754,732),(732,754,755),(732,755,733),(733,755,756),(733,756,734),(734,756,757),(734,757,735),(735,757,758),(735,758,736),(736,758,759),(736,759,737),(737,759,760),(737,760,738),(738,760,761),(738,761,739),(739,761,762),(739,762,740),(740,762,763),(740,763,717),(717,763,764),(717,764,718),(718,764,741),(744,765,745),(745,765,766),(745,766,746),(746,766,767),(746,767,747),(747,767,768),(747,768,748),(748,768,769),(748,769,749),(749,769,770),(749,770,750),(750,770,771),(750,771,751),(751,771,772),(751,772,752),(752,772,773),(752,773,753),(753,773,774),(753,774,754),(754,774,775),(754,775,755),(755,775,776),(755,776,756),(756,776,777),(756,777,757),(757,777,778),(757,778,758),(758,778,779),(758,779,759),(759,779,780),(759,780,760),(760,780,781),(760,781,761),(761,781,782),(761,782,762),(762,782,783),(762,783,763),(763,783,784),(763,784,764),(764,784,785),(764,785,741),(741,785,786),(741,786,742),(742,786,787),(742,787,743),(743,787,788),(743,788,744),(744,788,765),(778,789,779),(779,789,790),(779,790,780),(780,790,791),(780,791,781),(781,791,792),(781,792,782),(782,792,793),(782,793,783),(783,793,794),(783,794,784),(784,794,795),(784,795,785),(785,795,786),(786,795,796),(786,796,787),(787,796,797),(787,797,788),(788,797,798),(788,798,765),(765,798,799),(765,799,766),(766,799,800),(766,800,767),(767,800,801),(767,801,768),(768,801,802),(768,802,769),(769,802,803),(769,803,770),(770,803,804),(770,804,771),(771,804,805),(771,805,772),(772,805,806),(772,806,773),(773,806,807),(773,807,808),(789,778,809),(809,778,777),(809,777,810),(810,777,776),(810,776,811),(811,776,775),(811,775,812),(812,775,774),(812,774,808),(808,774,773),(3,49,1),(1,49,47),(1,47,45),(43,11,45),(45,11,9),(45,9,7),(43,41,11),(11,41,13),(13,41,15),(15,41,17),(17,41,39),(17,39,37),(37,35,17),(17,35,33),(17,33,19),(19,33,21),(21,33,23),(23,33,31),(23,31,29),(29,27,23),(23,27,25),(7,1,45),(790,789,791),(791,789,809),(791,809,792),(792,809,810),(792,810,811),(811,812,792),(792,812,793),(793,812,794),(794,812,808),(794,808,795),(795,808,807),(795,807,796),(796,807,806),(796,806,797),(797,806,798),(798,806,805),(798,805,804),(803,800,804),(804,800,799),(804,799,798),(802,801,803),(803,801,800)),$);
#301= IFCSHAPEREPRESENTATION(#28,'Body','Tessellation',(#300));
#302= IFCPRODUCTDEFINITIONSHAPE($,$,(#301));
#303= IFCLOCALPLACEMENT(#5,#22);
#304= IFCBUILTELEMENT('28WamyJxv1$ghIV_FuEVme',$,'KSR_60_VK',$,$,#303,#302,'E2D');
#305= IFCSTYLEDITEM(#300,(#175),'KSR_60_VK');
#306= IFCPROPERTYSET('3BnkSP6ffABBq95AtmOGhN',$,'Properties',$,(#44,#45,#46,#47,#48,#49,#50,#51,#52,#53,#54,#55,#56,#57,#58,#59,#60,#61,#62,#63,#64,#65,#66,#67,#69,#70,#308,#309));
#307= IFCRELDEFINESBYPROPERTIES('0J9CA4DRz1v93hmt4xo$hD',$,$,$,(#304),#306);
#308= IFCPROPERTYSINGLEVALUE('Area',$,IFCREAL(4.55339856273429),$);
#309= IFCPROPERTYSINGLEVALUE('Bounds',$,IFCLABEL('((2701731.71162071,1166114.42053205,1996.16988115581),(2701734.71092296,1166131.82354669,2001.56700969594))'),$);
#310= IFCPROPERTYSET('2JLT27m59Bs9w9ayiCAyj6',$,'Misc',$,(#73,#74,#75,#76));
#311= IFCRELDEFINESBYPROPERTIES('2INUBxEHjBoAWpO0ULtqhY',$,$,$,(#304),#310);
#312= IFCPROPERTYSET('3yhk87sZb2AvdVBq9HI1Lb',$,'3D Visualization',$,(#79,#80,#81));
#313= IFCRELDEFINESBYPROPERTIES('3yPQeTEob31egGdV5aRU12',$,$,$,(#304),#312);
#314= IFCPROPERTYSET('3ZzDjltZ52KhIP4HKRbGhs',$,'General',$,(#84,#86,#87,#88,#89,#188));
#315= IFCRELDEFINESBYPROPERTIES('14Q3LLHn5C9eJaI5W$dWFP',$,$,$,(#304),#314);
#316= IFCPROPERTYSET('30PbxGbY9Akufxdrvp9Ytv',$,'Geometry',$,(#92));
#317= IFCRELDEFINESBYPROPERTIES('0ebrEtxqn9VPEWvTEMHN2z',$,$,$,(#304),#316);
#318= IFCPROPERTYSET('3_$qrlOub4ABdJYvgaqSDK',$,'01_Info',$,(#193));
#319= IFCRELDEFINESBYPROPERTIES('38xti03lv8g9CwpnzULfE2',$,$,$,(#304),#318);
#320= IFCORGANIZATION($,'Unknown',$,$,$);
ENDSEC;

END-ISO-10303-21;
