ISO-10303-21;
HEADER;
FILE_DESCRIPTION(('ViewDefinition [Ifc4X3NotAssigned]'),'2;1');
FILE_NAME(
/* name */ 'C:\\Users\\Dimitrios.Papadopou\\OneDrive - ILF Group Holding GmbH\\ILF-SUI-17695-Tujetsch NalpSolar GP - General\\6_CAE\\51_AU\\12_Werkleitungen_2026-2027\\23_IFC\\PZ4\\NalpSolar_51_M_0479_A1_TB-2027-PZ4-HRB.ifc',
/* time_stamp */ '2026-09-17T15:58:41',
/* author */ ('Dimitrios.Papadopou'),
/* organization */ ('Unknown'),
/* preprocessor_version */ 'GeometryGymIFCcore v0.2.19.0 by Geometry Gym Pty Ltd built 2023-09-24T19:25:26',
/* originating_system */ 'Civil 3D 2024 IfcInfra Plugin v13.6.147.0',
/* authorization */ 'None'
);

FILE_SCHEMA (('IFC4X3_ADD2'));
ENDSEC;

DATA;
#1= IFCORGANIZATION($,'Autodesk',$,$,$);
#2= IFCAPPLICATION(#1,'Civil 3D 2024','Civil 3D','Civil 3D 2024 IfcInfra Plugin v13.6.147.0');
#3= IFCCARTESIANPOINT((0.0,0.0,0.0));
#4= IFCAXIS2PLACEMENT3D(#3,$,$);
#5= IFCLOCALPLACEMENT($,#20);
#6= IFCCARTESIANPOINT((0.0,0.0,0.0));
#7= IFCAXIS2PLACEMENT3D(#6,$,$);
#9= IFCROAD('3F3gQcElv3OftkzQC1QJMW',$,'UnknownName',$,$,#5,$,$,$,.NOTDEFINED.);
#12= IFCSIUNIT(*,.LENGTHUNIT.,$,.METRE.);
#13= IFCSIUNIT(*,.AREAUNIT.,$,.METRE.);
#14= IFCSIUNIT(*,.VOLUMEUNIT.,$,.METRE.);
#15= IFCSIUNIT(*,.PLANEANGLEUNIT.,$,.RADIAN.);
#16= IFCPROJECT('2lR1Cx2rb0_usOtyXgz_ak',$,'Unknown',$,$,$,$,(#24),#17);
#17= IFCUNITASSIGNMENT((#12,#13,#14,#15));
#18= IFCRELAGGREGATES('1VNCOU2CmRqfAZEpDXXw3b',$,$,$,#16,(#9));
#19= IFCCARTESIANPOINT((2701846.0,1166060.0,2022.0));
#20= IFCAXIS2PLACEMENT3D(#19,$,$);
#21= IFCCARTESIANPOINT((0.0,0.0,0.0));
#22= IFCAXIS2PLACEMENT3D(#21,$,$);
#24= IFCGEOMETRICREPRESENTATIONCONTEXT('3D','Model',3,0.0001,#26,#27);
#25= IFCCARTESIANPOINT((0.0,0.0,0.0));
#26= IFCAXIS2PLACEMENT3D(#25,$,$);
#27= IFCDIRECTION((0.0,1.0));
#28= IFCGEOMETRICREPRESENTATIONSUBCONTEXT('Body','Model',*,*,*,*,#24,$,.MODEL_VIEW.,$);
#29= IFCCARTESIANPOINTLIST3D(((36.22304,7.88348,9.35796),(35.91055,8.83278,9.32367),(33.47449,6.95131,8.59865),(33.16201,7.90061,8.56436),(35.55926,8.76603,10.67724),(35.87175,7.81673,10.71152),(32.81071,7.83386,9.91793),(33.1232,6.88455,9.95221),(32.60132,7.92488,9.9715),(35.62472,8.95026,10.80674),(33.0028,8.00117,8.42457),(36.0262,9.02656,9.25981),(36.43243,7.79246,9.30438),(36.03095,7.71617,10.85131),(33.00755,6.69078,10.01607),(33.40903,6.76707,8.46914)),$);
#30= IFCTRIANGULATEDFACESET(#29,$,$,((1,2,3),(3,2,4),(2,1,5),(5,1,6),(4,2,7),(7,2,5),(4,7,3),(3,7,8),(1,3,6),(6,3,8),(6,8,5),(5,8,7),(9,10,11),(11,10,12),(12,10,13),(13,10,14),(10,9,14),(14,9,15),(13,14,16),(16,14,15),(15,9,16),(16,9,11),(12,13,11),(11,13,16)),$);
#31= IFCSHAPEREPRESENTATION(#28,'Body','Tessellation',(#30));
#32= IFCPRODUCTDEFINITIONSHAPE($,$,(#31));
#33= IFCLOCALPLACEMENT(#5,#22);
#34= IFCBUILTELEMENT('0J0kMKEz50Sg2_3p5OHBz9',$,'Schacht_3D',$,$,#33,#32,'2EEAF');
#35= IFCRELCONTAINEDINSPATIALSTRUCTURE('1swhlP5DvCYZOVjsbWQnXu',$,$,' Container for Elements',(#34,#102,#124,#152,#173,#194,#222,#245,#267,#290),#9);
#36= IFCCOLOURRGB('140',0.0,0.749019607843137,1.0);
#37= IFCSURFACESTYLESHADING(#36,$);
#38= IFCSURFACESTYLE($,.BOTH.,(#37));
#39= IFCPRESENTATIONLAYERWITHSTYLE('Schacht_3D',$,(#30,#98),$,.U.,.U.,.U.,(#38));
#40= IFCSTYLEDITEM(#30,(#38),'Schacht_3D');
#41= IFCPROPERTYSET('2moNYHqQv4ZAHI4E2DSsPZ',$,'Properties',$,(#43,#44,#45,#46,#47,#48,#49,#50,#51,#52,#53,#54,#55,#56,#57,#58,#59,#60,#61,#62,#63,#64,#65,#66,#67,#68,#69,#70));
#42= IFCRELDEFINESBYPROPERTIES('2rYzeyQAXEfvoCvI3URXXK',$,$,$,(#34),#41);
#43= IFCPROPERTYSINGLEVALUE('Area',$,IFCREAL(40.499979321624),$);
#44= IFCPROPERTYSINGLEVALUE('IsNull',$,IFCBOOLEAN(.F.),$);
#45= IFCPROPERTYSINGLEVALUE('NumChanges',$,IFCINTEGER(2),$);
#46= IFCPROPERTYSINGLEVALUE('RecordHistory',$,IFCBOOLEAN(.F.),$);
#47= IFCPROPERTYSINGLEVALUE('ShowHistory',$,IFCBOOLEAN(.F.),$);
#48= IFCPROPERTYSINGLEVALUE('UsesGraphicsCache',$,IFCBOOLEAN(.T.),$);
#49= IFCPROPERTYSINGLEVALUE('CloneMeForDragging',$,IFCBOOLEAN(.T.),$);
#50= IFCPROPERTYSINGLEVALUE('ForceAnnoAllVisible',$,IFCBOOLEAN(.T.),$);
#51= IFCPROPERTYSINGLEVALUE('HasSaveVersionOverride',$,IFCBOOLEAN(.F.),$);
#52= IFCPROPERTYSINGLEVALUE('IsCancelling',$,IFCBOOLEAN(.F.),$);
#53= IFCPROPERTYSINGLEVALUE('IsErased',$,IFCBOOLEAN(.F.),$);
#54= IFCPROPERTYSINGLEVALUE('IsEraseStatusToggled',$,IFCBOOLEAN(.F.),$);
#55= IFCPROPERTYSINGLEVALUE('IsModified',$,IFCBOOLEAN(.F.),$);
#56= IFCPROPERTYSINGLEVALUE('IsModifiedGraphics',$,IFCBOOLEAN(.F.),$);
#57= IFCPROPERTYSINGLEVALUE('IsModifiedXData',$,IFCBOOLEAN(.F.),$);
#58= IFCPROPERTYSINGLEVALUE('IsNewObject',$,IFCBOOLEAN(.F.),$);
#59= IFCPROPERTYSINGLEVALUE('IsNotifyEnabled',$,IFCBOOLEAN(.F.),$);
#60= IFCPROPERTYSINGLEVALUE('IsNotifying',$,IFCBOOLEAN(.F.),$);
#61= IFCPROPERTYSINGLEVALUE('IsObjectIdsInFlux',$,IFCBOOLEAN(.F.),$);
#62= IFCPROPERTYSINGLEVALUE('IsPersistent',$,IFCBOOLEAN(.T.),$);
#63= IFCPROPERTYSINGLEVALUE('IsReadEnabled',$,IFCBOOLEAN(.T.),$);
#64= IFCPROPERTYSINGLEVALUE('IsReallyClosing',$,IFCBOOLEAN(.F.),$);
#65= IFCPROPERTYSINGLEVALUE('IsTransactionResident',$,IFCBOOLEAN(.T.),$);
#66= IFCPROPERTYSINGLEVALUE('IsUndoing',$,IFCBOOLEAN(.F.),$);
#67= IFCPROPERTYSINGLEVALUE('IsWriteEnabled',$,IFCBOOLEAN(.T.),$);
#68= IFCPROPERTYSINGLEVALUE('Bounds',$,IFCLABEL('((2701878.53956936,1166066.66689517,2030.4208561307),(2701882.49418488,1166069.05044291,2032.85502896283))'),$);
#69= IFCPROPERTYSINGLEVALUE('AutoDelete',$,IFCBOOLEAN(.F.),$);
#70= IFCPROPERTYSINGLEVALUE('IsDisposed',$,IFCBOOLEAN(.F.),$);
#71= IFCPROPERTYSET('3igfGgK7v4kQGkkAvsYzdH',$,'Misc',$,(#73,#74,#75,#76));
#72= IFCRELDEFINESBYPROPERTIES('0Kz82wq915nPVQgZa3VfHV',$,$,$,(#34),#71);
#73= IFCPROPERTYSINGLEVALUE('BlockName',$,IFCLABEL('*Model_Space'),$);
#74= IFCPROPERTYSINGLEVALUE('ClassID',$,IFCLABEL('1dc8fd76-8eca-4f4c-b7d5-c66f43a68e17'),$);
#75= IFCPROPERTYSINGLEVALUE('HasFields',$,IFCBOOLEAN(.F.),$);
#76= IFCPROPERTYSINGLEVALUE('IsAProxy',$,IFCBOOLEAN(.F.),$);
#77= IFCPROPERTYSET('1LZjZKvSn3of5XOwphB1a2',$,'3D Visualization',$,(#79,#80,#81));
#78= IFCRELDEFINESBYPROPERTIES('2p$fSSxL94oek1IyHpa4MR',$,$,$,(#34),#77);
#79= IFCPROPERTYSINGLEVALUE('CastShadows',$,IFCBOOLEAN(.T.),$);
#80= IFCPROPERTYSINGLEVALUE('Material',$,IFCLABEL('ByLayer'),$);
#81= IFCPROPERTYSINGLEVALUE('ReceiveShadows',$,IFCBOOLEAN(.T.),$);
#82= IFCPROPERTYSET('1hzpFqDQT278vH47I_gU29',$,'General',$,(#84,#85,#86,#87,#88,#89));
#83= IFCRELDEFINESBYPROPERTIES('0sZa05vgLCs9GA5dRJMe04',$,$,$,(#34),#82);
#84= IFCPROPERTYSINGLEVALUE('ColorIndex',$,IFCINTEGER(256),$);
#85= IFCPROPERTYSINGLEVALUE('Layer',$,IFCLABEL('Schacht_3D'),$);
#86= IFCPROPERTYSINGLEVALUE('Linetype',$,IFCLABEL('ByLayer'),$);
#87= IFCPROPERTYSINGLEVALUE('LinetypeScale',$,IFCREAL(1.0),$);
#88= IFCPROPERTYSINGLEVALUE('PlotStyleName',$,IFCLABEL('ByLayer'),$);
#89= IFCPROPERTYSINGLEVALUE('Visible',$,IFCBOOLEAN(.T.),$);
#90= IFCPROPERTYSET('067zeB$qPDUObwpTNy8I$6',$,'Geometry',$,(#92));
#91= IFCRELDEFINESBYPROPERTIES('0U0arnfVj0O9NVVX1NNnGk',$,$,$,(#34),#90);
#92= IFCPROPERTYSINGLEVALUE('IsPlanar',$,IFCBOOLEAN(.F.),$);
#93= IFCPROPERTYSET('1YBJPH20jA3fP$SR0Dsgi3',$,'01_Info',$,(#95,#96));
#94= IFCRELDEFINESBYPROPERTIES('1elERW6rT2vh97eZETed9r',$,$,$,(#34),#93);
#95= IFCPROPERTYSINGLEVALUE('Name',$,IFCLABEL('Schacht D1'),$);
#96= IFCPROPERTYSINGLEVALUE('Typ',$,IFCLABEL('3 m x 1 m'),$);
#97= IFCCARTESIANPOINTLIST3D(((202.6916,58.7829,35.51552),(202.06921,58.00194,35.56768),(205.03721,56.93111,35.77813),(204.41481,56.15014,35.83029),(202.03304,58.0972,36.56248),(202.65543,58.87817,36.51032),(204.37865,56.24541,36.82509),(205.00104,57.02637,36.77293),(204.39895,56.0452,36.94552),(201.81879,58.08218,36.65665),(204.44235,55.93088,35.75177),(201.86219,57.96786,35.4629),(202.6713,58.98311,35.39509),(202.6279,59.09743,36.58884),(205.20806,57.06045,36.87771),(205.25146,56.94614,35.68396)),$);
#98= IFCTRIANGULATEDFACESET(#97,$,$,((1,2,3),(3,2,4),(2,1,5),(5,1,6),(4,2,7),(7,2,5),(3,4,8),(8,4,7),(1,3,6),(6,3,8),(6,8,5),(5,8,7),(9,10,11),(11,10,12),(12,10,13),(13,10,14),(10,9,14),(14,9,15),(13,14,16),(16,14,15),(15,9,16),(16,9,11),(12,13,11),(11,13,16)),$);
#99= IFCSHAPEREPRESENTATION(#28,'Body','Tessellation',(#98));
#100= IFCPRODUCTDEFINITIONSHAPE($,$,(#99));
#101= IFCLOCALPLACEMENT(#5,#22);
#102= IFCBUILTELEMENT('176s$pqPnBVOFOfSeNGg8F',$,'Schacht_3D',$,$,#101,#100,'2EEB3');
#103= IFCSTYLEDITEM(#98,(#38),'Schacht_3D');
#104= IFCPROPERTYSET('0RJNdjIE932vUootWeuVpQ',$,'Properties',$,(#44,#45,#46,#47,#48,#49,#50,#51,#52,#53,#54,#55,#56,#57,#58,#59,#60,#61,#62,#63,#64,#65,#66,#67,#69,#70,#106,#107));
#105= IFCRELDEFINESBYPROPERTIES('03dIkxlK174QOLbBdSIgD1',$,$,$,(#102),#104);
#106= IFCPROPERTYSINGLEVALUE('Area',$,IFCREAL(33.6199824344792),$);
#107= IFCPROPERTYSINGLEVALUE('Bounds',$,IFCLABEL('((2702047.74473374,1166115.74303346,2057.38346995341),(2702051.32551413,1166119.28527767,2058.95714078492))'),$);
#108= IFCPROPERTYSET('2AFbu59mfFNOrTpVkWaPYs',$,'Misc',$,(#73,#74,#75,#76));
#109= IFCRELDEFINESBYPROPERTIES('3tdbBzVwTEk9JKCfW7Xl9Y',$,$,$,(#102),#108);
#110= IFCPROPERTYSET('0RFsSnFvz3ShDZmFshPQiS',$,'3D Visualization',$,(#79,#80,#81));
#111= IFCRELDEFINESBYPROPERTIES('0NkRODprP6neOQhc_l3OfF',$,$,$,(#102),#110);
#112= IFCPROPERTYSET('3ZqwlCnoP0ohkXD8dlTTZI',$,'General',$,(#84,#85,#86,#87,#88,#89));
#113= IFCRELDEFINESBYPROPERTIES('0Sjblk1fH6_w_sLBvqPcba',$,$,$,(#102),#112);
#114= IFCPROPERTYSET('2TGTu5kLX9s9XE8jCeNliE',$,'Geometry',$,(#92));
#115= IFCRELDEFINESBYPROPERTIES('1DPIY2OUT7qfJ5Bbgx4k6z',$,$,$,(#102),#114);
#116= IFCPROPERTYSET('1U7COl4YPFnv4xOghnVhg4',$,'01_Info',$,(#96,#118));
#117= IFCRELDEFINESBYPROPERTIES('0TUG7SI9LAdBYpSFEyIYPw',$,$,$,(#102),#116);
#118= IFCPROPERTYSINGLEVALUE('Name',$,IFCLABEL('Schacht F1'),$);
#119= IFCCARTESIANPOINTLIST3D(((5.03706,0.62734,2.35682),(5.00035,0.78265,2.3631),(5.03712,0.62719,2.37405),(4.99923,0.78203,2.38028),(5.03284,0.626,2.3907),(4.99384,0.78028,2.39655),(5.02451,0.62387,2.40563),(4.98456,0.77753,2.41081),(5.0127,0.62093,2.41782),(4.97202,0.77396,2.42209),(4.99822,0.61738,2.42646),(4.95707,0.76982,2.4296),(4.98205,0.61347,2.43094),(4.94074,0.76538,2.43285),(4.96529,0.60945,2.43096),(4.92413,0.76096,2.43161),(4.94909,0.60562,2.42652),(4.90837,0.75685,2.42596),(4.93455,0.60222,2.41793),(4.89455,0.75333,2.41629),(4.92266,0.59949,2.40576),(4.8836,0.75064,2.40326),(4.91424,0.59761,2.39085),(4.87627,0.74896,2.38776),(4.90984,0.59672,2.37421),(4.87305,0.74842,2.37084),(4.90978,0.59687,2.35698),(4.87418,0.74904,2.35366),(4.91406,0.59805,2.34034),(4.87956,0.75079,2.33739),(4.92239,0.60018,2.32541),(4.88884,0.75354,2.32313),(4.9342,0.60313,2.31321),(4.90138,0.75711,2.31186),(4.94868,0.60667,2.30458),(4.91633,0.76125,2.30434),(4.96485,0.61059,2.30009),(4.93266,0.76569,2.30109),(4.98161,0.6146,2.30007),(4.94928,0.77011,2.30233),(4.99781,0.61844,2.30451),(4.96503,0.77422,2.30798),(5.01235,0.62183,2.31311),(4.97885,0.77774,2.31765),(5.02424,0.62457,2.32527),(4.98981,0.78043,2.33068),(5.03267,0.62644,2.34018),(4.99714,0.7821,2.34618),(4.93331,0.86588,2.43057),(4.91738,0.86106,2.43504),(4.90087,0.85616,2.43504),(4.88488,0.85152,2.43059),(4.87053,0.84744,2.42198),(4.85877,0.84421,2.4098),(4.85042,0.84205,2.39489),(4.84605,0.8411,2.37825),(4.84595,0.84143,2.36102),(4.85012,0.84301,2.34438),(4.85829,0.84575,2.32946),(4.8699,0.84945,2.31728),(4.88415,0.85385,2.30866),(4.90008,0.85867,2.3042),(4.9166,0.86357,2.30419),(4.93258,0.86821,2.30864),(4.94694,0.87229,2.31725),(4.95869,0.87552,2.32943),(4.96704,0.87768,2.34435),(4.97142,0.87863,2.36098),(4.97152,0.8783,2.37821),(4.96734,0.87671,2.39485),(4.95917,0.87398,2.40977),(4.94757,0.87028,2.42196),(4.78939,1.49283,2.37014),(4.78926,1.49301,2.38671),(4.78519,1.49201,2.40269),(4.78557,1.49149,2.35407),(4.77802,1.48906,2.33951),(4.76723,1.4857,2.32739),(4.75388,1.48163,2.31847),(4.7388,1.47709,2.3133),(4.72295,1.47238,2.31222),(4.70733,1.46779,2.31529),(4.69292,1.46361,2.32232),(4.68063,1.4601,2.33287),(4.67124,1.45749,2.34627),(4.66533,1.45593,2.36167),(4.66327,1.45554,2.37811),(4.6652,1.45632,2.39451),(4.67096,1.45823,2.40987),(4.68021,1.46115,2.42325),(4.69236,1.46489,2.4338),(4.70665,1.46922,2.44086),(4.72219,1.47386,2.44399),(4.738,1.47854,2.443),(4.75309,1.48295,2.43794),(4.76652,1.48682,2.42914),(4.77745,1.4899,2.41714),(4.63653,1.54735,2.38224),(4.63685,1.54705,2.36502),(4.64139,1.54819,2.34843),(4.64983,1.55069,2.33361),(4.6616,1.55439,2.32157),(4.6759,1.55904,2.31312),(4.69176,1.56431,2.30885),(4.70809,1.56984,2.30905),(4.72377,1.57527,2.3137),(4.73775,1.58022,2.32248),(4.74907,1.58435,2.3348),(4.75696,1.58739,2.34982),(4.76087,1.58911,2.36651),(4.76055,1.58942,2.38373),(4.75601,1.58828,2.40032),(4.74757,1.58578,2.41514),(4.7358,1.58208,2.42718),(4.7215,1.57743,2.43563),(4.70564,1.57216,2.43989),(4.68931,1.56662,2.4397),(4.67363,1.5612,2.43505),(4.65965,1.55625,2.42627),(4.64833,1.55211,2.41395),(4.64044,1.54908,2.39893),(4.61857,1.88354,2.42613),(4.60408,1.87861,2.43406),(4.58829,1.87279,2.43776),(4.57228,1.86647,2.43698),(4.55713,1.86009,2.43178),(4.54389,1.85408,2.4225),(4.53345,1.84884,2.40979),(4.52653,1.84475,2.3945),(4.52359,1.84206,2.37768),(4.52484,1.84098,2.36048),(4.53019,1.84157,2.34407),(4.53928,1.84379,2.32956),(4.55148,1.84749,2.31795),(4.56598,1.85242,2.31002),(4.58177,1.85824,2.30632),(4.59778,1.86455,2.3071),(4.61292,1.87093,2.3123),(4.62616,1.87695,2.32158),(4.6366,1.88218,2.33429),(4.64352,1.88628,2.34958),(4.64646,1.88896,2.3664),(4.64521,1.89004,2.3836),(4.63986,1.88945,2.40001),(4.63077,1.88724,2.41452),(4.31194,2.37464,2.28597),(4.31333,2.37165,2.26905),(4.31875,2.37057,2.25273),(4.32784,2.37149,2.23812),(4.33996,2.37433,2.22621),(4.3543,2.37891,2.21782),(4.36987,2.38491,2.21351),(4.38563,2.39192,2.21359),(4.40048,2.39946,2.21804),(4.41343,2.40703,2.22657),(4.42358,2.4141,2.23859),(4.43025,2.4202,2.25328),(4.43298,2.4249,2.26964),(4.43159,2.42789,2.28656),(4.42617,2.42897,2.30288),(4.41709,2.42805,2.31749),(4.40497,2.42521,2.3294),(4.39063,2.42063,2.33779),(4.37505,2.41463,2.3421),(4.3593,2.40762,2.34202),(4.34444,2.40008,2.33757),(4.3315,2.39251,2.32904),(4.32134,2.38544,2.31702),(4.31467,2.37934,2.30233),(4.20665,2.67005,2.26704),(4.19571,2.66238,2.25861),(4.18724,2.65521,2.24738),(4.18142,2.6485,2.23283),(4.17944,2.64329,2.21672),(4.18142,2.63994,2.20013),(4.18723,2.63866,2.18415),(4.19648,2.63954,2.16987),(4.20856,2.64253,2.15822),(4.22266,2.64742,2.14999),(4.23784,2.65388,2.14572),(4.25309,2.6615,2.1457),(4.26739,2.66975,2.14994),(4.27979,2.67809,2.15814),(4.21944,2.67778,2.27216),(4.23333,2.68513,2.27369),(4.24755,2.69167,2.27154),(4.26127,2.69703,2.26584),(4.2737,2.7009,2.2569),(4.28414,2.70307,2.24525),(4.29199,2.7034,2.23155),(4.29679,2.70188,2.21658),(4.29825,2.69827,2.19999),(4.29575,2.69284,2.18402),(4.28946,2.68596,2.16976),(4.1318,2.77628,2.22167),(4.12454,2.76888,2.20866),(4.12078,2.7627,2.19368),(4.12075,2.75813,2.1777),(4.1244,2.75546,2.16186),(4.13149,2.75482,2.14702),(4.14158,2.75624,2.13408),(4.15403,2.75963,2.12385),(4.16808,2.76479,2.11698),(4.18284,2.77139,2.11389),(4.1974,2.77902,2.11476),(4.21086,2.78721,2.11956),(4.22237,2.79544,2.12797),(4.23122,2.80321,2.13948),(4.23686,2.81003,2.15336),(4.23894,2.81548,2.16876),(4.23733,2.81921,2.18472),(4.23205,2.82101,2.20039),(4.22345,2.82071,2.21461),(4.21206,2.81833,2.2265),(4.19862,2.81402,2.23529),(4.18396,2.80806,2.24042),(4.16904,2.80082,2.24156),(4.15478,2.79277,2.23866),(4.1421,2.78441,2.23188),(3.90044,3.19656,2.06215),(3.90101,3.19179,2.04561),(3.90548,3.18925,2.02916),(3.91355,3.18912,2.01394),(3.92468,3.19141,2.00098),(3.93809,3.19597,1.99115),(3.95289,3.20248,1.98514),(3.96805,3.21049,1.98335),(3.98255,3.21947,1.98591),(3.9954,3.2288,1.99263),(4.00572,3.23785,2.00306),(4.01281,3.24599,2.01649),(4.01619,3.25268,2.03201),(4.01562,3.25745,2.04856),(4.01115,3.25999,2.065),(4.00308,3.26012,2.08022),(3.99195,3.25783,2.09319),(3.97854,3.25327,2.10301),(3.96374,3.24677,2.10902),(3.94858,3.23875,2.11081),(3.93408,3.22977,2.10826),(3.92123,3.22044,2.10154),(3.91091,3.2114,2.09111),(3.90382,3.20325,2.07767),(3.69302,3.65189,1.98013),(3.67907,3.64187,1.97861),(3.66657,3.63147,1.97285),(3.65639,3.62141,1.96325),(3.64921,3.61237,1.95046),(3.64553,3.60495,1.93535),(3.64559,3.59968,1.91894),(3.64939,3.5969,1.90237),(3.65667,3.59682,1.88675),(3.66693,3.59942,1.87316),(3.67949,3.60454,1.86251),(3.69347,3.61183,1.85554),(3.70793,3.62079,1.85271),(3.72188,3.63081,1.85423),(3.73437,3.6412,1.85999),(3.74455,3.65126,1.86959),(3.75173,3.66031,1.88238),(3.75542,3.66772,1.89749),(3.75536,3.67299,1.9139),(3.75156,3.67577,1.93047),(3.74428,3.67586,1.94609),(3.73401,3.67325,1.95968),(3.72146,3.66813,1.97033),(3.70748,3.66084,1.9773),(3.4564,3.98137,1.87169),(3.44339,3.97,1.87236),(3.43135,3.95817,1.86865),(3.42111,3.9467,1.86082),(3.41335,3.93637,1.8494),(3.40862,3.92787,1.83518),(3.40723,3.9218,1.81912),(3.40927,3.91855,1.80231),(3.41462,3.91836,1.7859),(3.4229,3.92124,1.77101),(3.43355,3.92699,1.75865),(3.44584,3.93522,1.74967),(3.45894,3.94536,1.74468),(3.47195,3.95674,1.74402),(3.48399,3.96856,1.74772),(3.49423,3.98003,1.75555),(3.50199,3.99037,1.76697),(3.50672,3.99886,1.78119),(3.50811,4.00494,1.79726),(3.50607,4.00818,1.81406),(3.50072,4.00837,1.83047),(3.49244,4.00549,1.84536),(3.48179,3.99974,1.85772),(3.4695,3.99152,1.8667),(3.17203,4.27928,1.78815),(3.16006,4.26876,1.7947),(3.14786,4.25681,1.797),(3.13627,4.24424,1.79487),(3.12608,4.2319,1.78848),(3.11797,4.22065,1.77826),(3.11251,4.21125,1.76489),(3.11006,4.20433,1.74931),(3.1108,4.20037,1.73255),(3.11466,4.19964,1.71578),(3.1214,4.20219,1.70012),(3.13054,4.20784,1.68665),(3.14147,4.21621,1.67629),(3.15344,4.22673,1.66974),(3.16564,4.23868,1.66745),(3.17723,4.25125,1.66957),(3.18743,4.26359,1.67596),(3.19553,4.27484,1.68619),(3.201,4.28424,1.69955),(3.20344,4.29116,1.71514),(3.20271,4.29512,1.73189),(3.19884,4.29585,1.74867),(3.19211,4.2933,1.76432),(3.18296,4.28765,1.77779),(2.97403,4.49641,1.71511),(2.96298,4.48851,1.72571),(2.95093,4.47829,1.73259),(2.9387,4.46646,1.73526),(2.92711,4.45381,1.73356),(2.91697,4.44121,1.7276),(2.90897,4.42953,1.71779),(2.90364,4.41954,1.70478),(2.90135,4.41195,1.68948),(2.90226,4.40725,1.67292),(2.9063,4.40578,1.65623),(2.9132,4.40763,1.64055),(2.92249,4.41268,1.62695),(2.93354,4.42059,1.61635),(2.94559,4.4308,1.60948),(2.95783,4.44264,1.6068),(2.96941,4.45528,1.6085),(2.97955,4.46788,1.61446),(2.98756,4.47957,1.62428),(2.99289,4.48955,1.63728),(2.99518,4.49715,1.65258),(2.99427,4.50184,1.66914),(2.99023,4.50331,1.68583),(2.98332,4.50146,1.70151),(2.74989,4.56782,1.65453),(2.74684,4.55868,1.64024),(2.74684,4.55235,1.62422),(2.74988,4.54928,1.60754),(2.75576,4.54966,1.59135),(2.76408,4.55347,1.57675),(2.77427,4.56046,1.56473),(2.78564,4.57014,1.55612),(2.79741,4.58185,1.55149),(2.80878,4.5948,1.55118),(2.81898,4.60811,1.55519),(2.8273,4.62087,1.56325),(2.83319,4.6322,1.57482),(2.83624,4.64134,1.5891),(2.83625,4.64766,1.60513),(2.8332,4.65074,1.62181),(2.82732,4.65036,1.638),(2.819,4.64654,1.6526),(2.80881,4.63956,1.66462),(2.79744,4.62988,1.67323),(2.78567,4.61817,1.67786),(2.7743,4.60521,1.67817),(2.76411,4.59191,1.67416),(2.75578,4.57915,1.6661),(2.44061,4.90358,1.56369),(2.42928,4.89066,1.56496),(2.419,4.87717,1.5619),(2.41047,4.86404,1.55471),(2.40427,4.85216,1.54388),(2.40083,4.84234,1.53015),(2.40037,4.83525,1.51445),(2.40294,4.83136,1.49786),(2.40835,4.83095,1.48151),(2.41624,4.83405,1.4665),(2.42607,4.84044,1.45387),(2.43717,4.84969,1.44447),(2.44878,4.86116,1.43894),(2.46011,4.87408,1.43767),(2.47039,4.88756,1.44073),(2.47892,4.90069,1.44792),(2.48512,4.91257,1.45875),(2.48856,4.9224,1.47248),(2.48902,4.92949,1.48818),(2.48645,4.93338,1.50477),(2.48104,4.93378,1.52112),(2.47315,4.93069,1.53613),(2.46332,4.9243,1.54876),(2.45222,4.91505,1.55816),(2.21658,5.14496,1.45027),(2.20578,5.13666,1.46082),(2.19423,5.12587,1.4677),(2.18273,5.11333,1.47044),(2.17206,5.0999,1.46884),(2.16293,5.08649,1.46302),(2.15598,5.07401,1.45338),(2.15168,5.06332,1.44057),(2.15032,5.05514,1.42547),(2.15199,5.05004,1.4091),(2.15659,5.04835,1.39258),(2.16379,5.0502,1.37703),(2.1731,5.05545,1.36352),(2.1839,5.06376,1.35297),(2.19545,5.07455,1.34609),(2.20695,5.08708,1.34336),(2.21762,5.10052,1.34495),(2.22675,5.11393,1.35077),(2.2337,5.1264,1.36041),(2.238,5.13709,1.37322),(2.23936,5.14527,1.38832),(2.23769,5.15038,1.40469),(2.23309,5.15206,1.42121),(2.22589,5.15022,1.43676),(1.82698,5.44047,1.32916),(1.81599,5.42965,1.33573),(1.80504,5.41724,1.33835),(1.79483,5.40403,1.33687),(1.78603,5.39087,1.33136),(1.8373,5.44898,1.31907),(1.84629,5.45466,1.30611),(1.85337,5.45711,1.29111),(1.85807,5.4562,1.27505),(1.86008,5.45212,1.25932),(1.85942,5.44512,1.24453),(1.85613,5.43564,1.23159),(1.8504,5.42427,1.2213),(1.84259,5.41171,1.21428),(1.83318,5.39872,1.21097),(1.82276,5.38611,1.21158),(1.81195,5.37465,1.21606),(1.80143,5.36505,1.22415),(1.79185,5.35791,1.23533),(1.78379,5.35365,1.24894),(1.77775,5.35254,1.26411),(1.7741,5.35465,1.27994),(1.77307,5.35986,1.29543),(1.77479,5.36805,1.30995),(1.7792,5.37861,1.32219),(1.50004,5.5894,1.21679),(1.49891,5.58177,1.20138),(1.5007,5.57737,1.18482),(1.50527,5.5765,1.16823),(1.51232,5.57922,1.15275),(1.52137,5.58534,1.13942),(1.53179,5.59445,1.12916),(1.54289,5.60593,1.12267),(1.55389,5.61899,1.12039),(1.56406,5.63274,1.12247),(1.5727,5.64626,1.12877),(1.57922,5.6586,1.13886),(1.58318,5.66895,1.15207),(1.5843,5.67658,1.16747),(1.58251,5.68098,1.18403),(1.57794,5.68185,1.20062),(1.57089,5.67913,1.21611),(1.56184,5.67301,1.22943),(1.55142,5.6639,1.23969),(1.54032,5.65242,1.24619),(1.52932,5.63936,1.24847),(1.51915,5.6256,1.24639),(1.51051,5.61209,1.24009),(1.50399,5.59974,1.22999),(1.3509,5.81547,1.17867),(1.34001,5.80376,1.18506),(1.32924,5.79048,1.18725),(1.31934,5.77655,1.18506),(1.31098,5.76291,1.17867),(1.30472,5.7505,1.16849),(1.301,5.74016,1.15522),(1.30007,5.73259,1.13977),(1.30198,5.72831,1.12319),(1.30662,5.72761,1.10661),(1.31366,5.73054,1.09116),(1.32263,5.7369,1.0779),(1.33291,5.74625,1.06772),(1.3438,5.75797,1.06132),(1.35457,5.77124,1.05913),(1.36447,5.78517,1.06132),(1.37283,5.79881,1.06772),(1.37909,5.81123,1.0779),(1.38281,5.82157,1.09116),(1.38374,5.82914,1.10661),(1.38183,5.83342,1.12319),(1.37719,5.83412,1.13977),(1.37015,5.83119,1.15522),(1.36118,5.82483,1.16849),(1.30683,5.89039,1.09943),(1.30239,5.89094,1.11607),(1.29552,5.88787,1.13158),(1.28671,5.88139,1.14489),(1.27655,5.87195,1.15511),(1.26573,5.86017,1.16153),(1.25499,5.84688,1.16372),(1.24507,5.83297,1.16153),(1.23663,5.81939,1.15511),(1.23025,5.80706,1.14489),(1.22638,5.79684,1.13158),(1.22526,5.7894,1.11607),(1.22699,5.78527,1.09943),(1.23143,5.78472,1.08279),(1.23829,5.78779,1.06729),(1.24711,5.79426,1.05397),(1.25727,5.80371,1.04375),(1.26809,5.81548,1.03733),(1.27883,5.82878,1.03514),(1.28875,5.84269,1.03733),(1.30856,5.88625,1.08279),(1.30744,5.87882,1.06729),(1.30356,5.86859,1.05397),(1.29719,5.85627,1.04375),(0.87858,6.21285,0.96756),(0.8771,6.2168,0.98427),(0.8729,6.21717,1.00097),(0.86627,6.21393,1.01654),(0.85765,6.2073,1.02991),(0.84764,6.19774,1.04016),(0.83692,6.18589,1.04661),(0.82621,6.17258,1.04881),(0.81625,6.15869,1.04661),(0.87724,6.20559,0.95199),(0.87316,6.19552,0.93862),(0.86664,6.18331,0.92837),(0.85811,6.1698,0.92192),(0.84815,6.15591,0.91972),(0.83744,6.14259,0.92192),(0.82672,6.13075,0.92837),(0.81671,6.12119,0.93862),(0.80809,6.11456,0.95199),(0.80146,6.11132,0.96756),(0.79726,6.11169,0.98427),(0.79578,6.11563,1.00097),(0.79712,6.12289,1.01654),(0.80119,6.13297,1.02991),(0.80772,6.14518,1.04016)),$);
#120= IFCTRIANGULATEDFACESET(#119,$,$,((1,2,3),(3,2,4),(3,4,5),(5,4,6),(5,6,7),(7,6,8),(7,8,9),(9,8,10),(9,10,11),(11,10,12),(11,12,13),(13,12,14),(13,14,15),(15,14,16),(15,16,17),(17,16,18),(17,18,19),(19,18,20),(19,20,21),(21,20,22),(21,22,23),(23,22,24),(23,24,25),(25,24,26),(25,26,27),(27,26,28),(27,28,29),(29,28,30),(29,30,31),(31,30,32),(31,32,33),(33,32,34),(33,34,35),(35,34,36),(35,36,37),(37,36,38),(37,38,39),(39,38,40),(39,40,41),(41,40,42),(41,42,43),(43,42,44),(43,44,45),(45,44,46),(45,46,47),(47,46,48),(47,48,1),(1,48,2),(10,49,12),(12,49,50),(12,50,14),(14,50,51),(14,51,16),(16,51,52),(16,52,18),(18,52,53),(18,53,20),(20,53,54),(20,54,22),(22,54,55),(22,55,24),(24,55,56),(24,56,26),(26,56,57),(26,57,28),(28,57,58),(28,58,30),(30,58,59),(30,59,32),(32,59,60),(32,60,34),(34,60,61),(34,61,36),(36,61,62),(36,62,38),(38,62,63),(38,63,40),(40,63,64),(40,64,42),(42,64,65),(42,65,44),(44,65,66),(44,66,46),(46,66,67),(46,67,48),(48,67,68),(48,68,2),(2,68,69),(2,69,4),(4,69,70),(4,70,6),(6,70,71),(6,71,8),(8,71,72),(8,72,10),(10,72,49),(68,73,69),(69,73,74),(69,74,75),(73,68,76),(76,68,67),(76,67,77),(77,67,66),(77,66,78),(78,66,65),(78,65,79),(79,65,64),(79,64,80),(80,64,63),(80,63,81),(81,63,62),(81,62,82),(82,62,61),(82,61,83),(83,61,60),(83,60,84),(84,60,59),(84,59,85),(85,59,58),(85,58,86),(86,58,57),(86,57,87),(87,57,56),(87,56,88),(88,56,55),(88,55,89),(89,55,54),(89,54,90),(90,54,53),(90,53,91),(91,53,52),(91,52,92),(92,52,51),(92,51,93),(93,51,50),(93,50,94),(94,50,49),(94,49,95),(95,49,72),(95,72,96),(96,72,71),(96,71,97),(97,71,70),(97,70,75),(75,70,69),(88,98,87),(87,98,99),(87,99,86),(86,99,100),(86,100,85),(85,100,101),(85,101,84),(84,101,102),(84,102,83),(83,102,103),(83,103,82),(82,103,104),(82,104,81),(81,104,105),(81,105,80),(80,105,106),(80,106,79),(79,106,107),(79,107,78),(78,107,108),(78,108,77),(77,108,109),(77,109,76),(76,109,110),(76,110,73),(73,110,74),(74,110,111),(74,111,75),(75,111,112),(75,112,97),(97,112,113),(97,113,96),(96,113,114),(96,114,95),(95,114,115),(95,115,94),(94,115,116),(94,116,93),(93,116,117),(93,117,92),(92,117,118),(92,118,91),(91,118,119),(91,119,90),(90,119,120),(90,120,89),(89,120,121),(89,121,88),(88,121,98),(114,122,115),(115,122,123),(115,123,116),(116,123,124),(116,124,117),(117,124,125),(117,125,118),(118,125,126),(118,126,119),(119,126,127),(119,127,120),(120,127,128),(120,128,121),(121,128,129),(121,129,98),(98,129,130),(98,130,99),(99,130,131),(99,131,100),(100,131,132),(100,132,101),(101,132,133),(101,133,102),(102,133,134),(102,134,103),(103,134,135),(103,135,104),(104,135,136),(104,136,105),(105,136,137),(105,137,106),(106,137,138),(106,138,107),(107,138,139),(107,139,108),(108,139,140),(108,140,109),(109,140,141),(109,141,110),(110,141,142),(110,142,111),(111,142,143),(111,143,112),(112,143,144),(112,144,113),(113,144,145),(113,145,114),(114,145,122),(129,146,130),(130,146,147),(130,147,131),(131,147,148),(131,148,132),(132,148,149),(132,149,133),(133,149,150),(133,150,134),(134,150,151),(134,151,135),(135,151,152),(135,152,136),(136,152,153),(136,153,137),(137,153,154),(137,154,138),(138,154,155),(138,155,139),(139,155,156),(139,156,140),(140,156,157),(140,157,141),(141,157,158),(141,158,142),(142,158,159),(142,159,143),(143,159,160),(143,160,144),(144,160,161),(144,161,145),(145,161,162),(145,162,122),(122,162,163),(122,163,123),(123,163,164),(123,164,124),(124,164,165),(124,165,125),(125,165,166),(125,166,126),(126,166,167),(126,167,127),(127,167,168),(127,168,128),(128,168,169),(128,169,129),(129,169,146),(166,170,167),(167,170,171),(167,171,168),(168,171,172),(168,172,169),(169,172,173),(169,173,146),(146,173,174),(146,174,147),(147,174,175),(147,175,148),(148,175,176),(148,176,149),(149,176,177),(149,177,150),(150,177,178),(150,178,151),(151,178,179),(151,179,152),(152,179,180),(152,180,153),(153,180,181),(153,181,154),(154,181,182),(154,182,183),(170,166,184),(184,166,165),(184,165,185),(185,165,164),(185,164,186),(186,164,163),(186,163,187),(187,163,162),(187,162,188),(188,162,161),(188,161,189),(189,161,160),(189,160,190),(190,160,159),(190,159,191),(191,159,158),(191,158,192),(192,158,157),(192,157,193),(193,157,156),(193,156,194),(194,156,155),(194,155,183),(183,155,154),(171,195,172),(172,195,196),(172,196,173),(173,196,197),(173,197,174),(174,197,198),(174,198,175),(175,198,199),(175,199,176),(176,199,200),(176,200,177),(177,200,201),(177,201,178),(178,201,202),(178,202,179),(179,202,203),(179,203,180),(180,203,204),(180,204,181),(181,204,205),(181,205,182),(182,205,206),(182,206,183),(183,206,207),(183,207,194),(194,207,208),(194,208,193),(193,208,209),(193,209,192),(192,209,210),(192,210,191),(191,210,211),(191,211,190),(190,211,212),(190,212,189),(189,212,213),(189,213,188),(188,213,214),(188,214,187),(187,214,215),(187,215,186),(186,215,216),(186,216,185),(185,216,217),(185,217,184),(184,217,218),(184,218,170),(170,218,219),(170,219,171),(171,219,195),(197,220,198),(198,220,221),(198,221,199),(199,221,222),(199,222,200),(200,222,223),(200,223,201),(201,223,224),(201,224,202),(202,224,225),(202,225,203),(203,225,226),(203,226,204),(204,226,227),(204,227,205),(205,227,228),(205,228,206),(206,228,229),(206,229,207),(207,229,230),(207,230,208),(208,230,231),(208,231,209),(209,231,232),(209,232,210),(210,232,233),(210,233,211),(211,233,234),(211,234,212),(212,234,235),(212,235,213),(213,235,236),(213,236,214),(214,236,237),(214,237,215),(215,237,238),(215,238,216),(216,238,239),(216,239,217),(217,239,240),(217,240,218),(218,240,241),(218,241,219),(219,241,195),(195,241,242),(195,242,196),(196,242,243),(196,243,197),(197,243,220),(238,244,239),(239,244,245),(239,245,240),(240,245,246),(240,246,241),(241,246,247),(241,247,242),(242,247,248),(242,248,243),(243,248,249),(243,249,220),(220,249,250),(220,250,221),(221,250,251),(221,251,222),(222,251,252),(222,252,223),(223,252,253),(223,253,224),(224,253,254),(224,254,225),(225,254,255),(225,255,226),(226,255,256),(226,256,227),(227,256,257),(227,257,228),(228,257,258),(228,258,229),(229,258,259),(229,259,230),(230,259,260),(230,260,231),(231,260,261),(231,261,232),(232,261,262),(232,262,233),(233,262,263),(233,263,234),(234,263,264),(234,264,235),(235,264,265),(235,265,236),(236,265,266),(236,266,237),(237,266,267),(237,267,238),(238,267,244),(267,268,244),(244,268,269),(244,269,245),(245,269,270),(245,270,246),(246,270,271),(246,271,247),(247,271,272),(247,272,248),(248,272,273),(248,273,249),(249,273,274),(249,274,250),(250,274,275),(250,275,251),(251,275,276),(251,276,252),(252,276,277),(252,277,253),(253,277,278),(253,278,254),(254,278,279),(254,279,255),(255,279,280),(255,280,256),(256,280,281),(256,281,257),(257,281,282),(257,282,258),(258,282,283),(258,283,259),(259,283,284),(259,284,260),(260,284,285),(260,285,261),(261,285,286),(261,286,262),(262,286,287),(262,287,263),(263,287,288),(263,288,264),(264,288,289),(264,289,265),(265,289,290),(265,290,266),(266,290,291),(266,291,267),(267,291,268),(290,292,291),(291,292,293),(291,293,268),(268,293,294),(268,294,269),(269,294,295),(269,295,270),(270,295,296),(270,296,271),(271,296,297),(271,297,272),(272,297,298),(272,298,273),(273,298,299),(273,299,274),(274,299,300),(274,300,275),(275,300,301),(275,301,276),(276,301,302),(276,302,277),(277,302,303),(277,303,278),(278,303,304),(278,304,279),(279,304,305),(279,305,280),(280,305,306),(280,306,281),(281,306,307),(281,307,282),(282,307,308),(282,308,283),(283,308,309),(283,309,284),(284,309,310),(284,310,285),(285,310,311),(285,311,286),(286,311,312),(286,312,287),(287,312,313),(287,313,288),(288,313,314),(288,314,289),(289,314,315),(289,315,290),(290,315,292),(314,316,315),(315,316,317),(315,317,292),(292,317,318),(292,318,293),(293,318,319),(293,319,294),(294,319,320),(294,320,295),(295,320,321),(295,321,296),(296,321,322),(296,322,297),(297,322,323),(297,323,298),(298,323,324),(298,324,299),(299,324,325),(299,325,300),(300,325,326),(300,326,301),(301,326,327),(301,327,302),(302,327,328),(302,328,303),(303,328,329),(303,329,304),(304,329,330),(304,330,305),(305,330,331),(305,331,306),(306,331,332),(306,332,307),(307,332,333),(307,333,308),(308,333,334),(308,334,309),(309,334,335),(309,335,310),(310,335,336),(310,336,311),(311,336,337),(311,337,312),(312,337,338),(312,338,313),(313,338,339),(313,339,314),(314,339,316),(322,340,323),(323,340,341),(323,341,324),(324,341,342),(324,342,325),(325,342,343),(325,343,326),(326,343,344),(326,344,327),(327,344,345),(327,345,328),(328,345,346),(328,346,329),(329,346,347),(329,347,330),(330,347,348),(330,348,331),(331,348,349),(331,349,332),(332,349,350),(332,350,333),(333,350,351),(333,351,334),(334,351,352),(334,352,335),(335,352,353),(335,353,336),(336,353,354),(336,354,337),(337,354,355),(337,355,338),(338,355,356),(338,356,339),(339,356,357),(339,357,316),(316,357,358),(316,358,317),(317,358,359),(317,359,318),(318,359,360),(318,360,319),(319,360,361),(319,361,320),(320,361,362),(320,362,321),(321,362,363),(321,363,322),(322,363,340),(359,364,360),(360,364,365),(360,365,361),(361,365,366),(361,366,362),(362,366,367),(362,367,363),(363,367,368),(363,368,340),(340,368,369),(340,369,341),(341,369,370),(341,370,342),(342,370,371),(342,371,343),(343,371,372),(343,372,344),(344,372,373),(344,373,345),(345,373,374),(345,374,346),(346,374,375),(346,375,347),(347,375,376),(347,376,348),(348,376,377),(348,377,349),(349,377,378),(349,378,350),(350,378,379),(350,379,351),(351,379,380),(351,380,352),(352,380,381),(352,381,353),(353,381,382),(353,382,354),(354,382,383),(354,383,355),(355,383,384),(355,384,356),(356,384,385),(356,385,357),(357,385,386),(357,386,358),(358,386,387),(358,387,359),(359,387,364),(385,388,386),(386,388,389),(386,389,387),(387,389,390),(387,390,364),(364,390,391),(364,391,365),(365,391,392),(365,392,366),(366,392,393),(366,393,367),(367,393,394),(367,394,368),(368,394,395),(368,395,369),(369,395,396),(369,396,370),(370,396,397),(370,397,371),(371,397,398),(371,398,372),(372,398,399),(372,399,373),(373,399,400),(373,400,374),(374,400,401),(374,401,375),(375,401,402),(375,402,376),(376,402,403),(376,403,377),(377,403,404),(377,404,378),(378,404,405),(378,405,379),(379,405,406),(379,406,380),(380,406,407),(380,407,381),(381,407,408),(381,408,382),(382,408,409),(382,409,383),(383,409,410),(383,410,384),(384,410,411),(384,411,385),(385,411,388),(389,412,390),(390,412,413),(390,413,391),(391,413,414),(391,414,392),(392,414,415),(392,415,416),(412,389,417),(417,389,388),(417,388,418),(418,388,411),(418,411,419),(419,411,410),(419,410,420),(420,410,409),(420,409,421),(421,409,408),(421,408,422),(422,408,407),(422,407,423),(423,407,406),(423,406,424),(424,406,405),(424,405,425),(425,405,404),(425,404,426),(426,404,403),(426,403,427),(427,403,402),(427,402,428),(428,402,401),(428,401,429),(429,401,400),(429,400,430),(430,400,399),(430,399,431),(431,399,398),(431,398,432),(432,398,397),(432,397,433),(433,397,396),(433,396,434),(434,396,395),(434,395,435),(435,395,394),(435,394,436),(436,394,393),(436,393,416),(416,393,392),(435,437,434),(434,437,438),(434,438,433),(433,438,439),(433,439,432),(432,439,440),(432,440,431),(431,440,441),(431,441,430),(430,441,442),(430,442,429),(429,442,443),(429,443,428),(428,443,444),(428,444,427),(427,444,445),(427,445,426),(426,445,446),(426,446,425),(425,446,447),(425,447,424),(424,447,448),(424,448,423),(423,448,449),(423,449,422),(422,449,450),(422,450,421),(421,450,451),(421,451,420),(420,451,452),(420,452,419),(419,452,418),(418,452,453),(418,453,417),(417,453,454),(417,454,412),(412,454,455),(412,455,413),(413,455,456),(413,456,414),(414,456,457),(414,457,415),(415,457,458),(415,458,416),(416,458,459),(416,459,436),(436,459,460),(436,460,435),(435,460,437),(455,461,456),(456,461,462),(456,462,457),(457,462,463),(457,463,458),(458,463,464),(458,464,459),(459,464,465),(459,465,460),(460,465,466),(460,466,437),(437,466,467),(437,467,438),(438,467,468),(438,468,439),(439,468,469),(439,469,440),(440,469,470),(440,470,441),(441,470,471),(441,471,442),(442,471,472),(442,472,443),(443,472,473),(443,473,444),(444,473,474),(444,474,445),(445,474,475),(445,475,446),(446,475,476),(446,476,447),(447,476,477),(447,477,448),(448,477,478),(448,478,449),(449,478,479),(449,479,450),(450,479,480),(450,480,451),(451,480,481),(451,481,452),(452,481,482),(452,482,453),(453,482,483),(453,483,454),(454,483,484),(454,484,455),(455,484,461),(480,485,481),(481,485,486),(481,486,482),(482,486,487),(482,487,483),(483,487,488),(483,488,484),(484,488,489),(484,489,461),(461,489,490),(461,490,462),(462,490,491),(462,491,463),(463,491,464),(464,491,492),(464,492,465),(465,492,493),(465,493,466),(466,493,494),(466,494,467),(467,494,495),(467,495,468),(468,495,496),(468,496,469),(469,496,497),(469,497,470),(470,497,498),(470,498,471),(471,498,499),(471,499,472),(472,499,500),(472,500,473),(473,500,501),(473,501,474),(474,501,502),(474,502,475),(475,502,503),(475,503,504),(485,480,505),(505,480,479),(505,479,506),(506,479,478),(506,478,507),(507,478,477),(507,477,508),(508,477,476),(508,476,504),(504,476,475),(505,509,485),(485,509,510),(485,510,486),(486,510,511),(486,511,487),(487,511,512),(487,512,488),(488,512,513),(488,513,489),(489,513,514),(489,514,490),(490,514,515),(490,515,491),(491,515,516),(491,516,517),(509,505,518),(518,505,506),(518,506,519),(519,506,507),(519,507,520),(520,507,508),(520,508,521),(521,508,504),(521,504,522),(522,504,503),(522,503,502),(522,502,523),(523,502,501),(523,501,524),(524,501,500),(524,500,525),(525,500,499),(525,499,526),(526,499,498),(526,498,527),(527,498,497),(527,497,528),(528,497,496),(528,496,529),(529,496,495),(529,495,530),(530,495,494),(530,494,531),(531,494,493),(531,493,532),(532,493,492),(532,492,517),(517,492,491),(3,5,1),(1,5,7),(1,7,47),(47,7,45),(45,7,43),(43,7,41),(41,7,9),(41,9,11),(11,13,41),(41,13,15),(41,15,17),(19,31,17),(17,31,33),(17,33,35),(19,21,31),(31,21,23),(31,23,25),(25,27,31),(31,27,29),(35,37,17),(17,37,39),(17,39,41),(509,518,510),(510,518,511),(511,518,512),(512,518,513),(513,518,514),(514,518,515),(515,518,519),(515,519,520),(520,521,515),(515,521,516),(516,521,517),(517,521,522),(517,522,523),(524,530,523),(523,530,531),(523,531,532),(524,525,530),(530,525,526),(530,526,527),(527,528,530),(530,528,529),(532,517,523)),$);
#121= IFCSHAPEREPRESENTATION(#28,'Body','Tessellation',(#120));
#122= IFCPRODUCTDEFINITIONSHAPE($,$,(#121));
#123= IFCLOCALPLACEMENT(#5,#22);
#124= IFCBUILTELEMENT('2orKgmbsX6Ax2cngiPH3Al',$,'KSR_120_VK',$,$,#123,#122,'2F05B');
#125= IFCCOLOURRGB('10',1.0,0.0,0.0);
#126= IFCSURFACESTYLESHADING(#125,$);
#127= IFCSURFACESTYLE($,.BOTH.,(#126));
#128= IFCPRESENTATIONLAYERWITHSTYLE('KSR_120_VK',$,(#120,#148,#169,#241),$,.U.,.U.,.U.,(#127));
#129= IFCSTYLEDITEM(#120,(#127),'KSR_120_VK');
#130= IFCPROPERTYSET('0Iz4$cT0z3VgXE8TTMQN1c',$,'Properties',$,(#44,#45,#46,#47,#48,#49,#50,#51,#52,#53,#54,#55,#56,#57,#58,#59,#60,#61,#62,#63,#64,#65,#66,#67,#69,#70,#132,#133));
#131= IFCRELDEFINESBYPROPERTIES('0mEOA1O9XDifXyODRd3if4',$,$,$,(#124),#130);
#132= IFCPROPERTYSINGLEVALUE('Area',$,IFCREAL(3.05333436171172),$);
#133= IFCPROPERTYSINGLEVALUE('Bounds',$,IFCLABEL('((2701846.79577796,1166060.59664967,2022.91971888247),(2701851.0376368,1166066.21745682,2024.44413137316))'),$);
#134= IFCPROPERTYSET('39YDtC9$5AuAfwA8QTpQsi',$,'Misc',$,(#73,#74,#75,#76));
#135= IFCRELDEFINESBYPROPERTIES('2LaIdqCVz03uszQsqWHKYM',$,$,$,(#124),#134);
#136= IFCPROPERTYSET('3QcaaDo9PF0higw5hSp8aI',$,'3D Visualization',$,(#79,#80,#81));
#137= IFCRELDEFINESBYPROPERTIES('3muprpmQT6WB37$_sIz4Yq',$,$,$,(#124),#136);
#138= IFCPROPERTYSET('1C_SGZQcbA6PES5$0iBT1m',$,'General',$,(#84,#86,#87,#88,#89,#140));
#139= IFCRELDEFINESBYPROPERTIES('3sn3lL9abCP9WLMjQkFkve',$,$,$,(#124),#138);
#140= IFCPROPERTYSINGLEVALUE('Layer',$,IFCLABEL('KSR_120_VK'),$);
#141= IFCPROPERTYSET('0EbLiXxTP4WBCuB3OIWeeg',$,'Geometry',$,(#92));
#142= IFCRELDEFINESBYPROPERTIES('3aFZnAEe5ATf5$z5fCJkY7',$,$,$,(#124),#141);
#143= IFCPROPERTYSET('0Fem_wonvF_P7TohAbQOaF',$,'01_Info',$,(#145,#146));
#144= IFCRELDEFINESBYPROPERTIES('0T_1J8K59BG8AeeAH8lg3x',$,$,$,(#124),#143);
#145= IFCPROPERTYSINGLEVALUE('Name',$,IFCLABEL('KSR ab C1'),$);
#146= IFCPROPERTYSINGLEVALUE('Typ',$,IFCLABEL('KSR DN 120/132'),$);
#147= IFCCARTESIANPOINTLIST3D(((5.03706,0.62734,2.53882),(5.00035,0.78265,2.5451),(5.03712,0.62719,2.55605),(4.99923,0.78203,2.56228),(5.03284,0.626,2.5727),(4.99384,0.78028,2.57855),(5.02451,0.62387,2.58763),(4.98456,0.77753,2.59281),(5.0127,0.62093,2.59982),(4.97202,0.77396,2.60409),(4.99822,0.61738,2.60846),(4.95707,0.76982,2.6116),(4.98205,0.61347,2.61294),(4.94074,0.76538,2.61485),(4.96529,0.60945,2.61296),(4.92413,0.76096,2.61361),(4.94909,0.60562,2.60852),(4.90837,0.75685,2.60796),(4.93455,0.60222,2.59993),(4.89455,0.75333,2.59829),(4.92266,0.59949,2.58776),(4.8836,0.75064,2.58526),(4.91424,0.59761,2.57285),(4.87627,0.74896,2.56976),(4.90984,0.59672,2.55621),(4.87305,0.74842,2.55284),(4.90978,0.59687,2.53898),(4.87418,0.74904,2.53566),(4.91406,0.59805,2.52234),(4.87956,0.75079,2.51939),(4.92239,0.60018,2.50741),(4.88884,0.75354,2.50513),(4.9342,0.60313,2.49521),(4.90138,0.75711,2.49386),(4.94868,0.60667,2.48658),(4.91633,0.76125,2.48634),(4.96485,0.61059,2.48209),(4.93266,0.76569,2.48309),(4.98161,0.6146,2.48207),(4.94928,0.77011,2.48433),(4.99781,0.61844,2.48651),(4.96503,0.77422,2.48998),(5.01235,0.62183,2.49511),(4.97885,0.77774,2.49965),(5.02424,0.62457,2.50727),(4.98981,0.78043,2.51268),(5.03267,0.62644,2.52218),(4.99714,0.7821,2.52818),(4.93331,0.86588,2.61257),(4.91738,0.86106,2.61704),(4.90087,0.85616,2.61704),(4.88488,0.85152,2.61259),(4.87053,0.84744,2.60398),(4.85877,0.84421,2.5918),(4.85042,0.84205,2.57689),(4.84605,0.8411,2.56025),(4.84595,0.84143,2.54302),(4.85012,0.84301,2.52638),(4.85829,0.84575,2.51146),(4.8699,0.84945,2.49928),(4.88415,0.85385,2.49066),(4.90008,0.85867,2.4862),(4.9166,0.86357,2.48619),(4.93258,0.86821,2.49064),(4.94694,0.87229,2.49925),(4.95869,0.87552,2.51143),(4.96704,0.87768,2.52635),(4.97142,0.87863,2.54298),(4.97152,0.8783,2.56021),(4.96734,0.87671,2.57685),(4.95917,0.87398,2.59177),(4.94757,0.87028,2.60396),(4.78939,1.49283,2.55214),(4.78926,1.49301,2.56871),(4.78519,1.49201,2.58469),(4.78557,1.49149,2.53607),(4.77802,1.48906,2.52151),(4.76723,1.4857,2.50939),(4.75388,1.48163,2.50047),(4.7388,1.47709,2.4953),(4.72295,1.47238,2.49422),(4.70733,1.46779,2.49729),(4.69292,1.46361,2.50432),(4.68063,1.4601,2.51487),(4.67124,1.45749,2.52827),(4.66533,1.45593,2.54367),(4.66327,1.45554,2.56011),(4.6652,1.45632,2.57651),(4.67096,1.45823,2.59187),(4.68021,1.46115,2.60525),(4.69236,1.46489,2.6158),(4.70665,1.46922,2.62286),(4.72219,1.47386,2.62599),(4.738,1.47854,2.625),(4.75309,1.48295,2.61994),(4.76652,1.48682,2.61114),(4.77745,1.4899,2.59914),(4.63653,1.54735,2.56424),(4.63685,1.54705,2.54702),(4.64139,1.54819,2.53043),(4.64983,1.55069,2.51561),(4.6616,1.55439,2.50357),(4.6759,1.55904,2.49512),(4.69176,1.56431,2.49085),(4.70809,1.56984,2.49105),(4.72377,1.57527,2.4957),(4.73775,1.58022,2.50448),(4.74907,1.58435,2.5168),(4.75696,1.58739,2.53182),(4.76087,1.58911,2.54851),(4.76055,1.58942,2.56573),(4.75601,1.58828,2.58232),(4.74757,1.58578,2.59714),(4.7358,1.58208,2.60918),(4.7215,1.57743,2.61763),(4.70564,1.57216,2.62189),(4.68931,1.56662,2.6217),(4.67363,1.5612,2.61705),(4.65965,1.55625,2.60827),(4.64833,1.55211,2.59595),(4.64044,1.54908,2.58093),(4.61857,1.88354,2.60813),(4.60408,1.87861,2.61606),(4.58829,1.87279,2.61976),(4.57228,1.86647,2.61898),(4.55713,1.86009,2.61378),(4.54389,1.85408,2.6045),(4.53345,1.84884,2.59179),(4.52653,1.84475,2.5765),(4.52359,1.84206,2.55968),(4.52484,1.84098,2.54248),(4.53019,1.84157,2.52607),(4.53928,1.84379,2.51156),(4.55148,1.84749,2.49995),(4.56598,1.85242,2.49202),(4.58177,1.85824,2.48832),(4.59778,1.86455,2.4891),(4.61292,1.87093,2.4943),(4.62616,1.87695,2.50358),(4.6366,1.88218,2.51629),(4.64352,1.88628,2.53158),(4.64646,1.88896,2.5484),(4.64521,1.89004,2.5656),(4.63986,1.88945,2.58201),(4.63077,1.88724,2.59652),(4.31194,2.37464,2.46797),(4.31333,2.37165,2.45105),(4.31875,2.37057,2.43473),(4.32784,2.37149,2.42012),(4.33996,2.37433,2.40821),(4.3543,2.37891,2.39982),(4.36987,2.38491,2.39551),(4.38563,2.39192,2.39559),(4.40048,2.39946,2.40004),(4.41343,2.40703,2.40857),(4.42358,2.4141,2.42059),(4.43025,2.4202,2.43528),(4.43298,2.4249,2.45164),(4.43159,2.42789,2.46856),(4.42617,2.42897,2.48488),(4.41709,2.42805,2.49949),(4.40497,2.42521,2.5114),(4.39063,2.42063,2.51979),(4.37505,2.41463,2.5241),(4.3593,2.40762,2.52402),(4.34444,2.40008,2.51957),(4.3315,2.39251,2.51104),(4.32134,2.38544,2.49902),(4.31467,2.37934,2.48433),(4.20665,2.67005,2.44904),(4.19571,2.66238,2.44061),(4.18724,2.65521,2.42938),(4.18142,2.6485,2.41483),(4.17944,2.64329,2.39872),(4.18142,2.63994,2.38213),(4.18723,2.63866,2.36615),(4.19648,2.63954,2.35187),(4.20856,2.64253,2.34022),(4.22266,2.64742,2.33199),(4.23784,2.65388,2.32772),(4.25309,2.6615,2.3277),(4.26739,2.66975,2.33194),(4.27979,2.67809,2.34014),(4.21944,2.67778,2.45416),(4.23333,2.68513,2.45569),(4.24755,2.69167,2.45354),(4.26127,2.69703,2.44784),(4.2737,2.7009,2.4389),(4.28414,2.70307,2.42725),(4.29199,2.7034,2.41355),(4.29679,2.70188,2.39858),(4.29825,2.69827,2.38199),(4.29575,2.69284,2.36602),(4.28946,2.68596,2.35176),(4.1318,2.77628,2.40367),(4.12454,2.76888,2.39066),(4.12078,2.7627,2.37568),(4.12075,2.75813,2.3597),(4.1244,2.75546,2.34386),(4.13149,2.75482,2.32902),(4.14158,2.75624,2.31608),(4.15403,2.75963,2.30585),(4.16808,2.76479,2.29898),(4.18284,2.77139,2.29589),(4.1974,2.77902,2.29676),(4.21086,2.78721,2.30156),(4.22237,2.79544,2.30997),(4.23122,2.80321,2.32148),(4.23686,2.81003,2.33536),(4.23894,2.81548,2.35076),(4.23733,2.81921,2.36672),(4.23205,2.82101,2.38239),(4.22345,2.82071,2.39661),(4.21206,2.81833,2.4085),(4.19862,2.81402,2.41729),(4.18396,2.80806,2.42242),(4.16904,2.80082,2.42356),(4.15478,2.79277,2.42066),(4.1421,2.78441,2.41388),(3.90044,3.19656,2.24415),(3.90101,3.19179,2.22761),(3.90548,3.18925,2.21116),(3.91355,3.18912,2.19594),(3.92468,3.19141,2.18298),(3.93809,3.19597,2.17315),(3.95289,3.20248,2.16714),(3.96805,3.21049,2.16535),(3.98255,3.21947,2.16791),(3.9954,3.2288,2.17463),(4.00572,3.23785,2.18506),(4.01281,3.24599,2.19849),(4.01619,3.25268,2.21401),(4.01562,3.25745,2.23056),(4.01115,3.25999,2.247),(4.00308,3.26012,2.26222),(3.99195,3.25783,2.27519),(3.97854,3.25327,2.28501),(3.96374,3.24677,2.29102),(3.94858,3.23875,2.29281),(3.93408,3.22977,2.29026),(3.92123,3.22044,2.28354),(3.91091,3.2114,2.27311),(3.90382,3.20325,2.25967),(3.69302,3.65189,2.16213),(3.67907,3.64187,2.16061),(3.66657,3.63147,2.15485),(3.65639,3.62141,2.14525),(3.64921,3.61237,2.13246),(3.64553,3.60495,2.11735),(3.64559,3.59968,2.10094),(3.64939,3.5969,2.08437),(3.65667,3.59682,2.06875),(3.66693,3.59942,2.05516),(3.67949,3.60454,2.04451),(3.69347,3.61183,2.03754),(3.70793,3.62079,2.03471),(3.72188,3.63081,2.03623),(3.73437,3.6412,2.04199),(3.74455,3.65126,2.05159),(3.75173,3.66031,2.06438),(3.75542,3.66772,2.07949),(3.75536,3.67299,2.0959),(3.75156,3.67577,2.11247),(3.74428,3.67586,2.12809),(3.73401,3.67325,2.14168),(3.72146,3.66813,2.15233),(3.70748,3.66084,2.1593),(3.4564,3.98137,2.05369),(3.44339,3.97,2.05436),(3.43135,3.95817,2.05065),(3.42111,3.9467,2.04282),(3.41335,3.93637,2.0314),(3.40862,3.92787,2.01718),(3.40723,3.9218,2.00112),(3.40927,3.91855,1.98431),(3.41462,3.91836,1.9679),(3.4229,3.92124,1.95301),(3.43355,3.92699,1.94065),(3.44584,3.93522,1.93167),(3.45894,3.94536,1.92668),(3.47195,3.95674,1.92602),(3.48399,3.96856,1.92972),(3.49423,3.98003,1.93755),(3.50199,3.99037,1.94897),(3.50672,3.99886,1.96319),(3.50811,4.00494,1.97926),(3.50607,4.00818,1.99606),(3.50072,4.00837,2.01247),(3.49244,4.00549,2.02736),(3.48179,3.99974,2.03972),(3.4695,3.99152,2.0487),(3.17203,4.27928,1.97015),(3.16006,4.26876,1.9767),(3.14786,4.25681,1.979),(3.13627,4.24424,1.97687),(3.12608,4.2319,1.97048),(3.11797,4.22065,1.96026),(3.11251,4.21125,1.94689),(3.11006,4.20433,1.93131),(3.1108,4.20037,1.91455),(3.11466,4.19964,1.89778),(3.1214,4.20219,1.88212),(3.13054,4.20784,1.86865),(3.14147,4.21621,1.85829),(3.15344,4.22673,1.85174),(3.16564,4.23868,1.84945),(3.17723,4.25125,1.85157),(3.18743,4.26359,1.85796),(3.19553,4.27484,1.86819),(3.201,4.28424,1.88155),(3.20344,4.29116,1.89714),(3.20271,4.29512,1.91389),(3.19884,4.29585,1.93067),(3.19211,4.2933,1.94632),(3.18296,4.28765,1.95979),(2.97403,4.49641,1.89711),(2.96298,4.48851,1.90771),(2.95093,4.47829,1.91459),(2.9387,4.46646,1.91726),(2.92711,4.45381,1.91556),(2.91697,4.44121,1.9096),(2.90897,4.42953,1.89979),(2.90364,4.41954,1.88678),(2.90135,4.41195,1.87148),(2.90226,4.40725,1.85492),(2.9063,4.40578,1.83823),(2.9132,4.40763,1.82255),(2.92249,4.41268,1.80895),(2.93354,4.42059,1.79835),(2.94559,4.4308,1.79148),(2.95783,4.44264,1.7888),(2.96941,4.45528,1.7905),(2.97955,4.46788,1.79646),(2.98756,4.47957,1.80628),(2.99289,4.48955,1.81928),(2.99518,4.49715,1.83458),(2.99427,4.50184,1.85114),(2.99023,4.50331,1.86783),(2.98332,4.50146,1.88351),(2.74989,4.56782,1.83653),(2.74684,4.55868,1.82224),(2.74684,4.55235,1.80622),(2.74988,4.54928,1.78954),(2.75576,4.54966,1.77335),(2.76408,4.55347,1.75875),(2.77427,4.56046,1.74673),(2.78564,4.57014,1.73812),(2.79741,4.58185,1.73349),(2.80878,4.5948,1.73318),(2.81898,4.60811,1.73719),(2.8273,4.62087,1.74525),(2.83319,4.6322,1.75682),(2.83624,4.64134,1.7711),(2.83625,4.64766,1.78713),(2.8332,4.65074,1.80381),(2.82732,4.65036,1.82),(2.819,4.64654,1.8346),(2.80881,4.63956,1.84662),(2.79744,4.62988,1.85523),(2.78567,4.61817,1.85986),(2.7743,4.60521,1.86017),(2.76411,4.59191,1.85616),(2.75578,4.57915,1.8481),(2.44061,4.90358,1.74569),(2.42928,4.89066,1.74696),(2.419,4.87717,1.7439),(2.41047,4.86404,1.73671),(2.40427,4.85216,1.72588),(2.40083,4.84234,1.71215),(2.40037,4.83525,1.69645),(2.40294,4.83136,1.67986),(2.40835,4.83095,1.66351),(2.41624,4.83405,1.6485),(2.42607,4.84044,1.63587),(2.43717,4.84969,1.62647),(2.44878,4.86116,1.62094),(2.46011,4.87408,1.61967),(2.47039,4.88756,1.62273),(2.47892,4.90069,1.62992),(2.48512,4.91257,1.64075),(2.48856,4.9224,1.65448),(2.48902,4.92949,1.67018),(2.48645,4.93338,1.68677),(2.48104,4.93378,1.70312),(2.47315,4.93069,1.71813),(2.46332,4.9243,1.73076),(2.45222,4.91505,1.74016),(2.21658,5.14496,1.63227),(2.20578,5.13666,1.64282),(2.19423,5.12587,1.6497),(2.18273,5.11333,1.65244),(2.17206,5.0999,1.65084),(2.16293,5.08649,1.64502),(2.15598,5.07401,1.63538),(2.15168,5.06332,1.62257),(2.15032,5.05514,1.60747),(2.15199,5.05004,1.5911),(2.15659,5.04835,1.57458),(2.16379,5.0502,1.55903),(2.1731,5.05545,1.54552),(2.1839,5.06376,1.53497),(2.19545,5.07455,1.52809),(2.20695,5.08708,1.52536),(2.21762,5.10052,1.52695),(2.22675,5.11393,1.53277),(2.2337,5.1264,1.54241),(2.238,5.13709,1.55522),(2.23936,5.14527,1.57032),(2.23769,5.15038,1.58669),(2.23309,5.15206,1.60321),(2.22589,5.15022,1.61876),(1.82698,5.44047,1.51116),(1.81599,5.42965,1.51773),(1.80504,5.41724,1.52035),(1.79483,5.40403,1.51887),(1.78603,5.39087,1.51336),(1.8373,5.44898,1.50107),(1.84629,5.45466,1.48811),(1.85337,5.45711,1.47311),(1.85807,5.4562,1.45705),(1.86008,5.45212,1.44132),(1.85942,5.44512,1.42653),(1.85613,5.43564,1.41359),(1.8504,5.42427,1.4033),(1.84259,5.41171,1.39628),(1.83318,5.39872,1.39297),(1.82276,5.38611,1.39358),(1.81195,5.37465,1.39806),(1.80143,5.36505,1.40615),(1.79185,5.35791,1.41733),(1.78379,5.35365,1.43094),(1.77775,5.35254,1.44611),(1.7741,5.35465,1.46194),(1.77307,5.35986,1.47743),(1.77479,5.36805,1.49195),(1.7792,5.37861,1.50419),(1.50004,5.5894,1.39879),(1.49891,5.58177,1.38338),(1.5007,5.57737,1.36682),(1.50527,5.5765,1.35023),(1.51232,5.57922,1.33475),(1.52137,5.58534,1.32142),(1.53179,5.59445,1.31116),(1.54289,5.60593,1.30467),(1.55389,5.61899,1.30239),(1.56406,5.63274,1.30447),(1.5727,5.64626,1.31077),(1.57922,5.6586,1.32086),(1.58318,5.66895,1.33407),(1.5843,5.67658,1.34947),(1.58251,5.68098,1.36603),(1.57794,5.68185,1.38262),(1.57089,5.67913,1.39811),(1.56184,5.67301,1.41143),(1.55142,5.6639,1.42169),(1.54032,5.65242,1.42819),(1.52932,5.63936,1.43047),(1.51915,5.6256,1.42839),(1.51051,5.61209,1.42209),(1.50399,5.59974,1.41199),(1.3509,5.81547,1.36067),(1.34001,5.80376,1.36706),(1.32924,5.79048,1.36925),(1.31934,5.77655,1.36706),(1.31098,5.76291,1.36067),(1.30472,5.7505,1.35049),(1.301,5.74016,1.33722),(1.30007,5.73259,1.32177),(1.30198,5.72831,1.30519),(1.30662,5.72761,1.28861),(1.31366,5.73054,1.27316),(1.32263,5.7369,1.2599),(1.33291,5.74625,1.24972),(1.3438,5.75797,1.24332),(1.35457,5.77124,1.24113),(1.36447,5.78517,1.24332),(1.37283,5.79881,1.24972),(1.37909,5.81123,1.2599),(1.38281,5.82157,1.27316),(1.38374,5.82914,1.28861),(1.38183,5.83342,1.30519),(1.37719,5.83412,1.32177),(1.37015,5.83119,1.33722),(1.36118,5.82483,1.35049),(1.30683,5.89039,1.28143),(1.30239,5.89094,1.29807),(1.29552,5.88787,1.31358),(1.28671,5.88139,1.32689),(1.27655,5.87195,1.33711),(1.26573,5.86017,1.34353),(1.25499,5.84688,1.34572),(1.24507,5.83297,1.34353),(1.23663,5.81939,1.33711),(1.23025,5.80706,1.32689),(1.22638,5.79684,1.31358),(1.22526,5.7894,1.29807),(1.22699,5.78527,1.28143),(1.23143,5.78472,1.26479),(1.23829,5.78779,1.24929),(1.24711,5.79426,1.23597),(1.25727,5.80371,1.22575),(1.26809,5.81548,1.21933),(1.27883,5.82878,1.21714),(1.28875,5.84269,1.21933),(1.30856,5.88625,1.26479),(1.30744,5.87882,1.24929),(1.30356,5.86859,1.23597),(1.29719,5.85627,1.22575),(0.87858,6.21285,1.14956),(0.8771,6.2168,1.16627),(0.8729,6.21717,1.18297),(0.86627,6.21393,1.19854),(0.85765,6.2073,1.21191),(0.84764,6.19774,1.22216),(0.83692,6.18589,1.22861),(0.82621,6.17258,1.23081),(0.81625,6.15869,1.22861),(0.87724,6.20559,1.13399),(0.87316,6.19552,1.12062),(0.86664,6.18331,1.11037),(0.85811,6.1698,1.10392),(0.84815,6.15591,1.10172),(0.83744,6.14259,1.10392),(0.82672,6.13075,1.11037),(0.81671,6.12119,1.12062),(0.80809,6.11456,1.13399),(0.80146,6.11132,1.14956),(0.79726,6.11169,1.16627),(0.79578,6.11563,1.18297),(0.79712,6.12289,1.19854),(0.80119,6.13297,1.21191),(0.80772,6.14518,1.22216)),$);
#148= IFCTRIANGULATEDFACESET(#147,$,$,((1,2,3),(3,2,4),(3,4,5),(5,4,6),(5,6,7),(7,6,8),(7,8,9),(9,8,10),(9,10,11),(11,10,12),(11,12,13),(13,12,14),(13,14,15),(15,14,16),(15,16,17),(17,16,18),(17,18,19),(19,18,20),(19,20,21),(21,20,22),(21,22,23),(23,22,24),(23,24,25),(25,24,26),(25,26,27),(27,26,28),(27,28,29),(29,28,30),(29,30,31),(31,30,32),(31,32,33),(33,32,34),(33,34,35),(35,34,36),(35,36,37),(37,36,38),(37,38,39),(39,38,40),(39,40,41),(41,40,42),(41,42,43),(43,42,44),(43,44,45),(45,44,46),(45,46,47),(47,46,48),(47,48,1),(1,48,2),(10,49,12),(12,49,50),(12,50,14),(14,50,51),(14,51,16),(16,51,52),(16,52,18),(18,52,53),(18,53,20),(20,53,54),(20,54,22),(22,54,55),(22,55,24),(24,55,56),(24,56,26),(26,56,57),(26,57,28),(28,57,58),(28,58,30),(30,58,59),(30,59,32),(32,59,60),(32,60,34),(34,60,61),(34,61,36),(36,61,62),(36,62,38),(38,62,63),(38,63,40),(40,63,64),(40,64,42),(42,64,65),(42,65,44),(44,65,66),(44,66,46),(46,66,67),(46,67,48),(48,67,68),(48,68,2),(2,68,69),(2,69,4),(4,69,70),(4,70,6),(6,70,71),(6,71,8),(8,71,72),(8,72,10),(10,72,49),(68,73,69),(69,73,74),(69,74,75),(73,68,76),(76,68,67),(76,67,77),(77,67,66),(77,66,78),(78,66,65),(78,65,79),(79,65,64),(79,64,80),(80,64,63),(80,63,81),(81,63,62),(81,62,82),(82,62,61),(82,61,83),(83,61,60),(83,60,84),(84,60,59),(84,59,85),(85,59,58),(85,58,86),(86,58,57),(86,57,87),(87,57,56),(87,56,88),(88,56,55),(88,55,89),(89,55,54),(89,54,90),(90,54,53),(90,53,91),(91,53,52),(91,52,92),(92,52,51),(92,51,93),(93,51,50),(93,50,94),(94,50,49),(94,49,95),(95,49,72),(95,72,96),(96,72,71),(96,71,97),(97,71,70),(97,70,75),(75,70,69),(88,98,87),(87,98,99),(87,99,86),(86,99,100),(86,100,85),(85,100,101),(85,101,84),(84,101,102),(84,102,83),(83,102,103),(83,103,82),(82,103,104),(82,104,81),(81,104,105),(81,105,80),(80,105,106),(80,106,79),(79,106,107),(79,107,78),(78,107,108),(78,108,77),(77,108,109),(77,109,76),(76,109,110),(76,110,73),(73,110,74),(74,110,111),(74,111,75),(75,111,112),(75,112,97),(97,112,113),(97,113,96),(96,113,114),(96,114,95),(95,114,115),(95,115,94),(94,115,116),(94,116,93),(93,116,117),(93,117,92),(92,117,118),(92,118,91),(91,118,119),(91,119,90),(90,119,120),(90,120,89),(89,120,121),(89,121,88),(88,121,98),(114,122,115),(115,122,123),(115,123,116),(116,123,124),(116,124,117),(117,124,125),(117,125,118),(118,125,126),(118,126,119),(119,126,127),(119,127,120),(120,127,128),(120,128,121),(121,128,129),(121,129,98),(98,129,130),(98,130,99),(99,130,131),(99,131,100),(100,131,132),(100,132,101),(101,132,133),(101,133,102),(102,133,134),(102,134,103),(103,134,135),(103,135,104),(104,135,136),(104,136,105),(105,136,137),(105,137,106),(106,137,138),(106,138,107),(107,138,139),(107,139,108),(108,139,140),(108,140,109),(109,140,141),(109,141,110),(110,141,142),(110,142,111),(111,142,143),(111,143,112),(112,143,144),(112,144,113),(113,144,145),(113,145,114),(114,145,122),(129,146,130),(130,146,147),(130,147,131),(131,147,148),(131,148,132),(132,148,149),(132,149,133),(133,149,150),(133,150,134),(134,150,151),(134,151,135),(135,151,152),(135,152,136),(136,152,153),(136,153,137),(137,153,154),(137,154,138),(138,154,155),(138,155,139),(139,155,156),(139,156,140),(140,156,157),(140,157,141),(141,157,158),(141,158,142),(142,158,159),(142,159,143),(143,159,160),(143,160,144),(144,160,161),(144,161,145),(145,161,162),(145,162,122),(122,162,163),(122,163,123),(123,163,164),(123,164,124),(124,164,165),(124,165,125),(125,165,166),(125,166,126),(126,166,167),(126,167,127),(127,167,168),(127,168,128),(128,168,169),(128,169,129),(129,169,146),(166,170,167),(167,170,171),(167,171,168),(168,171,172),(168,172,169),(169,172,173),(169,173,146),(146,173,174),(146,174,147),(147,174,175),(147,175,148),(148,175,176),(148,176,149),(149,176,177),(149,177,150),(150,177,178),(150,178,151),(151,178,179),(151,179,152),(152,179,180),(152,180,153),(153,180,181),(153,181,154),(154,181,182),(154,182,183),(170,166,184),(184,166,165),(184,165,185),(185,165,164),(185,164,186),(186,164,163),(186,163,187),(187,163,162),(187,162,188),(188,162,161),(188,161,189),(189,161,160),(189,160,190),(190,160,159),(190,159,191),(191,159,158),(191,158,192),(192,158,157),(192,157,193),(193,157,156),(193,156,194),(194,156,155),(194,155,183),(183,155,154),(171,195,172),(172,195,196),(172,196,173),(173,196,197),(173,197,174),(174,197,198),(174,198,175),(175,198,199),(175,199,176),(176,199,200),(176,200,177),(177,200,201),(177,201,178),(178,201,202),(178,202,179),(179,202,203),(179,203,180),(180,203,204),(180,204,181),(181,204,205),(181,205,182),(182,205,206),(182,206,183),(183,206,207),(183,207,194),(194,207,208),(194,208,193),(193,208,209),(193,209,192),(192,209,210),(192,210,191),(191,210,211),(191,211,190),(190,211,212),(190,212,189),(189,212,213),(189,213,188),(188,213,214),(188,214,187),(187,214,215),(187,215,186),(186,215,216),(186,216,185),(185,216,217),(185,217,184),(184,217,218),(184,218,170),(170,218,219),(170,219,171),(171,219,195),(197,220,198),(198,220,221),(198,221,199),(199,221,222),(199,222,200),(200,222,223),(200,223,201),(201,223,224),(201,224,202),(202,224,225),(202,225,203),(203,225,226),(203,226,204),(204,226,227),(204,227,205),(205,227,228),(205,228,206),(206,228,229),(206,229,207),(207,229,230),(207,230,208),(208,230,231),(208,231,209),(209,231,232),(209,232,210),(210,232,233),(210,233,211),(211,233,234),(211,234,212),(212,234,235),(212,235,213),(213,235,236),(213,236,214),(214,236,237),(214,237,215),(215,237,238),(215,238,216),(216,238,239),(216,239,217),(217,239,240),(217,240,218),(218,240,241),(218,241,219),(219,241,195),(195,241,242),(195,242,196),(196,242,243),(196,243,197),(197,243,220),(238,244,239),(239,244,245),(239,245,240),(240,245,246),(240,246,241),(241,246,247),(241,247,242),(242,247,248),(242,248,243),(243,248,249),(243,249,220),(220,249,250),(220,250,221),(221,250,251),(221,251,222),(222,251,252),(222,252,223),(223,252,253),(223,253,224),(224,253,254),(224,254,225),(225,254,255),(225,255,226),(226,255,256),(226,256,227),(227,256,257),(227,257,228),(228,257,258),(228,258,229),(229,258,259),(229,259,230),(230,259,260),(230,260,231),(231,260,261),(231,261,232),(232,261,262),(232,262,233),(233,262,263),(233,263,234),(234,263,264),(234,264,235),(235,264,265),(235,265,236),(236,265,266),(236,266,237),(237,266,267),(237,267,238),(238,267,244),(267,268,244),(244,268,269),(244,269,245),(245,269,270),(245,270,246),(246,270,271),(246,271,247),(247,271,272),(247,272,248),(248,272,273),(248,273,249),(249,273,274),(249,274,250),(250,274,275),(250,275,251),(251,275,276),(251,276,252),(252,276,277),(252,277,253),(253,277,278),(253,278,254),(254,278,279),(254,279,255),(255,279,280),(255,280,256),(256,280,281),(256,281,257),(257,281,282),(257,282,258),(258,282,283),(258,283,259),(259,283,284),(259,284,260),(260,284,285),(260,285,261),(261,285,286),(261,286,262),(262,286,287),(262,287,263),(263,287,288),(263,288,264),(264,288,289),(264,289,265),(265,289,290),(265,290,266),(266,290,291),(266,291,267),(267,291,268),(290,292,291),(291,292,293),(291,293,268),(268,293,294),(268,294,269),(269,294,295),(269,295,270),(270,295,296),(270,296,271),(271,296,297),(271,297,272),(272,297,298),(272,298,273),(273,298,299),(273,299,274),(274,299,300),(274,300,275),(275,300,301),(275,301,276),(276,301,302),(276,302,277),(277,302,303),(277,303,278),(278,303,304),(278,304,279),(279,304,305),(279,305,280),(280,305,306),(280,306,281),(281,306,307),(281,307,282),(282,307,308),(282,308,283),(283,308,309),(283,309,284),(284,309,310),(284,310,285),(285,310,311),(285,311,286),(286,311,312),(286,312,287),(287,312,313),(287,313,288),(288,313,314),(288,314,289),(289,314,315),(289,315,290),(290,315,292),(314,316,315),(315,316,317),(315,317,292),(292,317,318),(292,318,293),(293,318,319),(293,319,294),(294,319,320),(294,320,295),(295,320,321),(295,321,296),(296,321,322),(296,322,297),(297,322,323),(297,323,298),(298,323,324),(298,324,299),(299,324,325),(299,325,300),(300,325,326),(300,326,301),(301,326,327),(301,327,302),(302,327,328),(302,328,303),(303,328,329),(303,329,304),(304,329,330),(304,330,305),(305,330,331),(305,331,306),(306,331,332),(306,332,307),(307,332,333),(307,333,308),(308,333,334),(308,334,309),(309,334,335),(309,335,310),(310,335,336),(310,336,311),(311,336,337),(311,337,312),(312,337,338),(312,338,313),(313,338,339),(313,339,314),(314,339,316),(322,340,323),(323,340,341),(323,341,324),(324,341,342),(324,342,325),(325,342,343),(325,343,326),(326,343,344),(326,344,327),(327,344,345),(327,345,328),(328,345,346),(328,346,329),(329,346,347),(329,347,330),(330,347,348),(330,348,331),(331,348,349),(331,349,332),(332,349,350),(332,350,333),(333,350,351),(333,351,334),(334,351,352),(334,352,335),(335,352,353),(335,353,336),(336,353,354),(336,354,337),(337,354,355),(337,355,338),(338,355,356),(338,356,339),(339,356,357),(339,357,316),(316,357,358),(316,358,317),(317,358,359),(317,359,318),(318,359,360),(318,360,319),(319,360,361),(319,361,320),(320,361,362),(320,362,321),(321,362,363),(321,363,322),(322,363,340),(359,364,360),(360,364,365),(360,365,361),(361,365,366),(361,366,362),(362,366,367),(362,367,363),(363,367,368),(363,368,340),(340,368,369),(340,369,341),(341,369,370),(341,370,342),(342,370,371),(342,371,343),(343,371,372),(343,372,344),(344,372,373),(344,373,345),(345,373,374),(345,374,346),(346,374,375),(346,375,347),(347,375,376),(347,376,348),(348,376,377),(348,377,349),(349,377,378),(349,378,350),(350,378,379),(350,379,351),(351,379,380),(351,380,352),(352,380,381),(352,381,353),(353,381,382),(353,382,354),(354,382,383),(354,383,355),(355,383,384),(355,384,356),(356,384,385),(356,385,357),(357,385,386),(357,386,358),(358,386,387),(358,387,359),(359,387,364),(385,388,386),(386,388,389),(386,389,387),(387,389,390),(387,390,364),(364,390,391),(364,391,365),(365,391,392),(365,392,366),(366,392,393),(366,393,367),(367,393,394),(367,394,368),(368,394,395),(368,395,369),(369,395,396),(369,396,370),(370,396,397),(370,397,371),(371,397,398),(371,398,372),(372,398,399),(372,399,373),(373,399,400),(373,400,374),(374,400,401),(374,401,375),(375,401,402),(375,402,376),(376,402,403),(376,403,377),(377,403,404),(377,404,378),(378,404,405),(378,405,379),(379,405,406),(379,406,380),(380,406,407),(380,407,381),(381,407,408),(381,408,382),(382,408,409),(382,409,383),(383,409,410),(383,410,384),(384,410,411),(384,411,385),(385,411,388),(389,412,390),(390,412,413),(390,413,391),(391,413,414),(391,414,392),(392,414,415),(392,415,416),(412,389,417),(417,389,388),(417,388,418),(418,388,411),(418,411,419),(419,411,410),(419,410,420),(420,410,409),(420,409,421),(421,409,408),(421,408,422),(422,408,407),(422,407,423),(423,407,406),(423,406,424),(424,406,405),(424,405,425),(425,405,404),(425,404,426),(426,404,403),(426,403,427),(427,403,402),(427,402,428),(428,402,401),(428,401,429),(429,401,400),(429,400,430),(430,400,399),(430,399,431),(431,399,398),(431,398,432),(432,398,397),(432,397,433),(433,397,396),(433,396,434),(434,396,395),(434,395,435),(435,395,394),(435,394,436),(436,394,393),(436,393,416),(416,393,392),(435,437,434),(434,437,438),(434,438,433),(433,438,439),(433,439,432),(432,439,440),(432,440,431),(431,440,441),(431,441,430),(430,441,442),(430,442,429),(429,442,443),(429,443,428),(428,443,444),(428,444,427),(427,444,445),(427,445,426),(426,445,446),(426,446,425),(425,446,447),(425,447,424),(424,447,448),(424,448,423),(423,448,449),(423,449,422),(422,449,450),(422,450,421),(421,450,451),(421,451,420),(420,451,452),(420,452,419),(419,452,418),(418,452,453),(418,453,417),(417,453,454),(417,454,412),(412,454,455),(412,455,413),(413,455,456),(413,456,414),(414,456,457),(414,457,415),(415,457,458),(415,458,416),(416,458,459),(416,459,436),(436,459,460),(436,460,435),(435,460,437),(455,461,456),(456,461,462),(456,462,457),(457,462,463),(457,463,458),(458,463,464),(458,464,459),(459,464,465),(459,465,460),(460,465,466),(460,466,437),(437,466,467),(437,467,438),(438,467,468),(438,468,439),(439,468,469),(439,469,440),(440,469,470),(440,470,441),(441,470,471),(441,471,442),(442,471,472),(442,472,443),(443,472,473),(443,473,444),(444,473,474),(444,474,445),(445,474,475),(445,475,446),(446,475,476),(446,476,447),(447,476,477),(447,477,448),(448,477,478),(448,478,449),(449,478,479),(449,479,450),(450,479,480),(450,480,451),(451,480,481),(451,481,452),(452,481,482),(452,482,453),(453,482,483),(453,483,454),(454,483,484),(454,484,455),(455,484,461),(480,485,481),(481,485,486),(481,486,482),(482,486,487),(482,487,483),(483,487,488),(483,488,484),(484,488,489),(484,489,461),(461,489,490),(461,490,462),(462,490,491),(462,491,463),(463,491,464),(464,491,492),(464,492,465),(465,492,493),(465,493,466),(466,493,494),(466,494,467),(467,494,495),(467,495,468),(468,495,496),(468,496,469),(469,496,497),(469,497,470),(470,497,498),(470,498,471),(471,498,499),(471,499,472),(472,499,500),(472,500,473),(473,500,501),(473,501,474),(474,501,502),(474,502,475),(475,502,503),(475,503,504),(485,480,505),(505,480,479),(505,479,506),(506,479,478),(506,478,507),(507,478,477),(507,477,508),(508,477,476),(508,476,504),(504,476,475),(505,509,485),(485,509,510),(485,510,486),(486,510,511),(486,511,487),(487,511,512),(487,512,488),(488,512,513),(488,513,489),(489,513,514),(489,514,490),(490,514,515),(490,515,491),(491,515,516),(491,516,517),(509,505,518),(518,505,506),(518,506,519),(519,506,507),(519,507,520),(520,507,508),(520,508,521),(521,508,504),(521,504,522),(522,504,503),(522,503,502),(522,502,523),(523,502,501),(523,501,524),(524,501,500),(524,500,525),(525,500,499),(525,499,526),(526,499,498),(526,498,527),(527,498,497),(527,497,528),(528,497,496),(528,496,529),(529,496,495),(529,495,530),(530,495,494),(530,494,531),(531,494,493),(531,493,532),(532,493,492),(532,492,517),(517,492,491),(3,5,1),(1,5,47),(47,5,7),(47,7,9),(11,41,9),(9,41,43),(9,43,45),(11,13,41),(41,13,15),(41,15,17),(19,33,17),(17,33,35),(17,35,37),(19,21,33),(33,21,23),(33,23,31),(31,23,29),(29,23,27),(27,23,25),(37,39,17),(17,39,41),(45,47,9),(509,518,510),(510,518,511),(511,518,512),(512,518,513),(513,518,514),(514,518,515),(515,518,519),(515,519,520),(520,521,515),(515,521,516),(516,521,517),(517,521,522),(517,522,523),(524,530,523),(523,530,531),(523,531,532),(524,525,530),(530,525,526),(530,526,527),(527,528,530),(530,528,529),(532,517,523)),$);
#149= IFCSHAPEREPRESENTATION(#28,'Body','Tessellation',(#148));
#150= IFCPRODUCTDEFINITIONSHAPE($,$,(#149));
#151= IFCLOCALPLACEMENT(#5,#22);
#152= IFCBUILTELEMENT('1LLzRarabDJ8$5AbcdIGf$',$,'KSR_120_VK',$,$,#151,#150,'2F05F');
#153= IFCSTYLEDITEM(#148,(#127),'KSR_120_VK');
#154= IFCPROPERTYSET('2kDV32xyn45gPBoKXvmMS9',$,'Properties',$,(#44,#45,#46,#47,#48,#49,#50,#51,#52,#53,#54,#55,#56,#57,#58,#59,#60,#61,#62,#63,#64,#65,#66,#67,#69,#70,#156,#157));
#155= IFCRELDEFINESBYPROPERTIES('0GuvOGc_5ANANaEErXEemn',$,$,$,(#152),#154);
#156= IFCPROPERTYSINGLEVALUE('Area',$,IFCREAL(3.0533343617141),$);
#157= IFCPROPERTYSINGLEVALUE('Bounds',$,IFCLABEL('((2701846.79577796,1166060.59664967,2023.10171888256),(2701851.0376368,1166066.21745682,2024.62613137319))'),$);
#158= IFCPROPERTYSET('0CYnQ4qeXDNPinCBY6Q_6y',$,'Misc',$,(#73,#74,#75,#76));
#159= IFCRELDEFINESBYPROPERTIES('30Wrf2meP7yfxKDE6jlV5d',$,$,$,(#152),#158);
#160= IFCPROPERTYSET('3u528sxFTBBxTFq4kWp4lG',$,'3D Visualization',$,(#79,#80,#81));
#161= IFCRELDEFINESBYPROPERTIES('3GOS$_9Wn0WwsbRNP67HrU',$,$,$,(#152),#160);
#162= IFCPROPERTYSET('0Il3vt7RPBrvuDwMFxOaVH',$,'General',$,(#84,#86,#87,#88,#89,#140));
#163= IFCRELDEFINESBYPROPERTIES('3s8KtYiabBeujbHO_vLEgo',$,$,$,(#152),#162);
#164= IFCPROPERTYSET('3z2T7CAXr2L9JRaSqLiyDa',$,'Geometry',$,(#92));
#165= IFCRELDEFINESBYPROPERTIES('1ig_zz9ZH2V9mHXr$TV5vy',$,$,$,(#152),#164);
#166= IFCPROPERTYSET('2$9UCchdz6MxQEVD1FkT7e',$,'01_Info',$,(#145,#146));
#167= IFCRELDEFINESBYPROPERTIES('1vHq3uqPD9AxczcyM6FjBG',$,$,$,(#152),#166);
#168= IFCCARTESIANPOINTLIST3D(((5.03706,0.62734,2.72082),(5.00035,0.78265,2.7271),(5.03712,0.62719,2.73805),(4.99923,0.78203,2.74428),(5.03284,0.626,2.7547),(4.99384,0.78028,2.76055),(5.02451,0.62387,2.76963),(4.98456,0.77753,2.77481),(5.0127,0.62093,2.78182),(4.97202,0.77396,2.78609),(4.99822,0.61738,2.79046),(4.95707,0.76982,2.7936),(4.98205,0.61347,2.79494),(4.94074,0.76538,2.79685),(4.96529,0.60945,2.79496),(4.92413,0.76096,2.79561),(4.94909,0.60562,2.79052),(4.90837,0.75685,2.78996),(4.93455,0.60222,2.78193),(4.89455,0.75333,2.78029),(4.92266,0.59949,2.76976),(4.8836,0.75064,2.76726),(4.91424,0.59761,2.75485),(4.87627,0.74896,2.75176),(4.90984,0.59672,2.73821),(4.87305,0.74842,2.73484),(4.90978,0.59687,2.72098),(4.87418,0.74904,2.71766),(4.91406,0.59805,2.70434),(4.87956,0.75079,2.70139),(4.92239,0.60018,2.68941),(4.88884,0.75354,2.68713),(4.9342,0.60313,2.67721),(4.90138,0.75711,2.67586),(4.94868,0.60667,2.66858),(4.91633,0.76125,2.66834),(4.96485,0.61059,2.66409),(4.93266,0.76569,2.66509),(4.98161,0.6146,2.66407),(4.94928,0.77011,2.66633),(4.99781,0.61844,2.66851),(4.96503,0.77422,2.67198),(5.01235,0.62183,2.67711),(4.97885,0.77774,2.68165),(5.02424,0.62457,2.68927),(4.98981,0.78043,2.69468),(5.03267,0.62644,2.70418),(4.99714,0.7821,2.71018),(4.93331,0.86588,2.79457),(4.91738,0.86106,2.79904),(4.90087,0.85616,2.79904),(4.88488,0.85152,2.79459),(4.87053,0.84744,2.78598),(4.85877,0.84421,2.7738),(4.85042,0.84205,2.75889),(4.84605,0.8411,2.74225),(4.84595,0.84143,2.72502),(4.85012,0.84301,2.70838),(4.85829,0.84575,2.69346),(4.8699,0.84945,2.68128),(4.88415,0.85385,2.67266),(4.90008,0.85867,2.6682),(4.9166,0.86357,2.66819),(4.93258,0.86821,2.67264),(4.94694,0.87229,2.68125),(4.95869,0.87552,2.69343),(4.96704,0.87768,2.70835),(4.97142,0.87863,2.72498),(4.97152,0.8783,2.74221),(4.96734,0.87671,2.75885),(4.95917,0.87398,2.77377),(4.94757,0.87028,2.78596),(4.78939,1.49283,2.73414),(4.78926,1.49301,2.75071),(4.78519,1.49201,2.76669),(4.78557,1.49149,2.71807),(4.77802,1.48906,2.70351),(4.76723,1.4857,2.69139),(4.75388,1.48163,2.68247),(4.7388,1.47709,2.6773),(4.72295,1.47238,2.67622),(4.70733,1.46779,2.67929),(4.69292,1.46361,2.68632),(4.68063,1.4601,2.69687),(4.67124,1.45749,2.71027),(4.66533,1.45593,2.72567),(4.66327,1.45554,2.74211),(4.6652,1.45632,2.75851),(4.67096,1.45823,2.77387),(4.68021,1.46115,2.78725),(4.69236,1.46489,2.7978),(4.70665,1.46922,2.80486),(4.72219,1.47386,2.80799),(4.738,1.47854,2.807),(4.75309,1.48295,2.80194),(4.76652,1.48682,2.79314),(4.77745,1.4899,2.78114),(4.63653,1.54735,2.74624),(4.63685,1.54705,2.72902),(4.64139,1.54819,2.71243),(4.64983,1.55069,2.69761),(4.6616,1.55439,2.68557),(4.6759,1.55904,2.67712),(4.69176,1.56431,2.67285),(4.70809,1.56984,2.67305),(4.72377,1.57527,2.6777),(4.73775,1.58022,2.68648),(4.74907,1.58435,2.6988),(4.75696,1.58739,2.71382),(4.76087,1.58911,2.73051),(4.76055,1.58942,2.74773),(4.75601,1.58828,2.76432),(4.74757,1.58578,2.77914),(4.7358,1.58208,2.79118),(4.7215,1.57743,2.79963),(4.70564,1.57216,2.80389),(4.68931,1.56662,2.8037),(4.67363,1.5612,2.79905),(4.65965,1.55625,2.79027),(4.64833,1.55211,2.77795),(4.64044,1.54908,2.76293),(4.61857,1.88354,2.79013),(4.60408,1.87861,2.79806),(4.58829,1.87279,2.80176),(4.57228,1.86647,2.80098),(4.55713,1.86009,2.79578),(4.54389,1.85408,2.7865),(4.53345,1.84884,2.77379),(4.52653,1.84475,2.7585),(4.52359,1.84206,2.74168),(4.52484,1.84098,2.72448),(4.53019,1.84157,2.70807),(4.53928,1.84379,2.69356),(4.55148,1.84749,2.68195),(4.56598,1.85242,2.67402),(4.58177,1.85824,2.67032),(4.59778,1.86455,2.6711),(4.61292,1.87093,2.6763),(4.62616,1.87695,2.68558),(4.6366,1.88218,2.69829),(4.64352,1.88628,2.71358),(4.64646,1.88896,2.7304),(4.64521,1.89004,2.7476),(4.63986,1.88945,2.76401),(4.63077,1.88724,2.77852),(4.31194,2.37464,2.64997),(4.31333,2.37165,2.63305),(4.31875,2.37057,2.61673),(4.32784,2.37149,2.60212),(4.33996,2.37433,2.59021),(4.3543,2.37891,2.58182),(4.36987,2.38491,2.57751),(4.38563,2.39192,2.57759),(4.40048,2.39946,2.58204),(4.41343,2.40703,2.59057),(4.42358,2.4141,2.60259),(4.43025,2.4202,2.61728),(4.43298,2.4249,2.63364),(4.43159,2.42789,2.65056),(4.42617,2.42897,2.66688),(4.41709,2.42805,2.68149),(4.40497,2.42521,2.6934),(4.39063,2.42063,2.70179),(4.37505,2.41463,2.7061),(4.3593,2.40762,2.70602),(4.34444,2.40008,2.70157),(4.3315,2.39251,2.69304),(4.32134,2.38544,2.68102),(4.31467,2.37934,2.66633),(4.20665,2.67005,2.63104),(4.19571,2.66238,2.62261),(4.18724,2.65521,2.61138),(4.18142,2.6485,2.59683),(4.17944,2.64329,2.58072),(4.18142,2.63994,2.56413),(4.18723,2.63866,2.54815),(4.19648,2.63954,2.53387),(4.20856,2.64253,2.52222),(4.22266,2.64742,2.51399),(4.23784,2.65388,2.50972),(4.25309,2.6615,2.5097),(4.26739,2.66975,2.51394),(4.27979,2.67809,2.52214),(4.21944,2.67778,2.63616),(4.23333,2.68513,2.63769),(4.24755,2.69167,2.63554),(4.26127,2.69703,2.62984),(4.2737,2.7009,2.6209),(4.28414,2.70307,2.60925),(4.29199,2.7034,2.59555),(4.29679,2.70188,2.58058),(4.29825,2.69827,2.56399),(4.29575,2.69284,2.54802),(4.28946,2.68596,2.53376),(4.1318,2.77628,2.58567),(4.12454,2.76888,2.57266),(4.12078,2.7627,2.55768),(4.12075,2.75813,2.5417),(4.1244,2.75546,2.52586),(4.13149,2.75482,2.51102),(4.14158,2.75624,2.49808),(4.15403,2.75963,2.48785),(4.16808,2.76479,2.48098),(4.18284,2.77139,2.47789),(4.1974,2.77902,2.47876),(4.21086,2.78721,2.48356),(4.22237,2.79544,2.49197),(4.23122,2.80321,2.50348),(4.23686,2.81003,2.51736),(4.23894,2.81548,2.53276),(4.23733,2.81921,2.54872),(4.23205,2.82101,2.56439),(4.22345,2.82071,2.57861),(4.21206,2.81833,2.5905),(4.19862,2.81402,2.59929),(4.18396,2.80806,2.60442),(4.16904,2.80082,2.60556),(4.15478,2.79277,2.60266),(4.1421,2.78441,2.59588),(3.90044,3.19656,2.42615),(3.90101,3.19179,2.40961),(3.90548,3.18925,2.39316),(3.91355,3.18912,2.37794),(3.92468,3.19141,2.36498),(3.93809,3.19597,2.35515),(3.95289,3.20248,2.34914),(3.96805,3.21049,2.34735),(3.98255,3.21947,2.34991),(3.9954,3.2288,2.35663),(4.00572,3.23785,2.36706),(4.01281,3.24599,2.38049),(4.01619,3.25268,2.39601),(4.01562,3.25745,2.41256),(4.01115,3.25999,2.429),(4.00308,3.26012,2.44422),(3.99195,3.25783,2.45719),(3.97854,3.25327,2.46701),(3.96374,3.24677,2.47302),(3.94858,3.23875,2.47481),(3.93408,3.22977,2.47226),(3.92123,3.22044,2.46554),(3.91091,3.2114,2.45511),(3.90382,3.20325,2.44167),(3.69302,3.65189,2.34413),(3.67907,3.64187,2.34261),(3.66657,3.63147,2.33685),(3.65639,3.62141,2.32725),(3.64921,3.61237,2.31446),(3.64553,3.60495,2.29935),(3.64559,3.59968,2.28294),(3.64939,3.5969,2.26637),(3.65667,3.59682,2.25075),(3.66693,3.59942,2.23716),(3.67949,3.60454,2.22651),(3.69347,3.61183,2.21954),(3.70793,3.62079,2.21671),(3.72188,3.63081,2.21823),(3.73437,3.6412,2.22399),(3.74455,3.65126,2.23359),(3.75173,3.66031,2.24638),(3.75542,3.66772,2.26149),(3.75536,3.67299,2.2779),(3.75156,3.67577,2.29447),(3.74428,3.67586,2.31009),(3.73401,3.67325,2.32368),(3.72146,3.66813,2.33433),(3.70748,3.66084,2.3413),(3.4564,3.98137,2.23569),(3.44339,3.97,2.23636),(3.43135,3.95817,2.23265),(3.42111,3.9467,2.22482),(3.41335,3.93637,2.2134),(3.40862,3.92787,2.19918),(3.40723,3.9218,2.18312),(3.40927,3.91855,2.16631),(3.41462,3.91836,2.1499),(3.4229,3.92124,2.13501),(3.43355,3.92699,2.12265),(3.44584,3.93522,2.11367),(3.45894,3.94536,2.10868),(3.47195,3.95674,2.10802),(3.48399,3.96856,2.11172),(3.49423,3.98003,2.11955),(3.50199,3.99037,2.13097),(3.50672,3.99886,2.14519),(3.50811,4.00494,2.16126),(3.50607,4.00818,2.17806),(3.50072,4.00837,2.19447),(3.49244,4.00549,2.20936),(3.48179,3.99974,2.22172),(3.4695,3.99152,2.2307),(3.17203,4.27928,2.15215),(3.16006,4.26876,2.1587),(3.14786,4.25681,2.161),(3.13627,4.24424,2.15887),(3.12608,4.2319,2.15248),(3.11797,4.22065,2.14226),(3.11251,4.21125,2.12889),(3.11006,4.20433,2.11331),(3.1108,4.20037,2.09655),(3.11466,4.19964,2.07978),(3.1214,4.20219,2.06412),(3.13054,4.20784,2.05065),(3.14147,4.21621,2.04029),(3.15344,4.22673,2.03374),(3.16564,4.23868,2.03145),(3.17723,4.25125,2.03357),(3.18743,4.26359,2.03996),(3.19553,4.27484,2.05019),(3.201,4.28424,2.06355),(3.20344,4.29116,2.07914),(3.20271,4.29512,2.09589),(3.19884,4.29585,2.11267),(3.19211,4.2933,2.12832),(3.18296,4.28765,2.14179),(2.97403,4.49641,2.07911),(2.96298,4.48851,2.08971),(2.95093,4.47829,2.09659),(2.9387,4.46646,2.09926),(2.92711,4.45381,2.09756),(2.91697,4.44121,2.0916),(2.90897,4.42953,2.08179),(2.90364,4.41954,2.06878),(2.90135,4.41195,2.05348),(2.90226,4.40725,2.03692),(2.9063,4.40578,2.02023),(2.9132,4.40763,2.00455),(2.92249,4.41268,1.99095),(2.93354,4.42059,1.98035),(2.94559,4.4308,1.97348),(2.95783,4.44264,1.9708),(2.96941,4.45528,1.9725),(2.97955,4.46788,1.97846),(2.98756,4.47957,1.98828),(2.99289,4.48955,2.00128),(2.99518,4.49715,2.01658),(2.99427,4.50184,2.03314),(2.99023,4.50331,2.04983),(2.98332,4.50146,2.06551),(2.74989,4.56782,2.01853),(2.74684,4.55868,2.00424),(2.74684,4.55235,1.98822),(2.74988,4.54928,1.97154),(2.75576,4.54966,1.95535),(2.76408,4.55347,1.94075),(2.77427,4.56046,1.92873),(2.78564,4.57014,1.92012),(2.79741,4.58185,1.91549),(2.80878,4.5948,1.91518),(2.81898,4.60811,1.91919),(2.8273,4.62087,1.92725),(2.83319,4.6322,1.93882),(2.83624,4.64134,1.9531),(2.83625,4.64766,1.96913),(2.8332,4.65074,1.98581),(2.82732,4.65036,2.002),(2.819,4.64654,2.0166),(2.80881,4.63956,2.02862),(2.79744,4.62988,2.03723),(2.78567,4.61817,2.04186),(2.7743,4.60521,2.04217),(2.76411,4.59191,2.03816),(2.75578,4.57915,2.0301),(2.44061,4.90358,1.92769),(2.42928,4.89066,1.92896),(2.419,4.87717,1.9259),(2.41047,4.86404,1.91871),(2.40427,4.85216,1.90788),(2.40083,4.84234,1.89415),(2.40037,4.83525,1.87845),(2.40294,4.83136,1.86186),(2.40835,4.83095,1.84551),(2.41624,4.83405,1.8305),(2.42607,4.84044,1.81787),(2.43717,4.84969,1.80847),(2.44878,4.86116,1.80294),(2.46011,4.87408,1.80167),(2.47039,4.88756,1.80473),(2.47892,4.90069,1.81192),(2.48512,4.91257,1.82275),(2.48856,4.9224,1.83648),(2.48902,4.92949,1.85218),(2.48645,4.93338,1.86877),(2.48104,4.93378,1.88512),(2.47315,4.93069,1.90013),(2.46332,4.9243,1.91276),(2.45222,4.91505,1.92216),(2.21658,5.14496,1.81427),(2.20578,5.13666,1.82482),(2.19423,5.12587,1.8317),(2.18273,5.11333,1.83444),(2.17206,5.0999,1.83284),(2.16293,5.08649,1.82702),(2.15598,5.07401,1.81738),(2.15168,5.06332,1.80457),(2.15032,5.05514,1.78947),(2.15199,5.05004,1.7731),(2.15659,5.04835,1.75658),(2.16379,5.0502,1.74103),(2.1731,5.05545,1.72752),(2.1839,5.06376,1.71697),(2.19545,5.07455,1.71009),(2.20695,5.08708,1.70736),(2.21762,5.10052,1.70895),(2.22675,5.11393,1.71477),(2.2337,5.1264,1.72441),(2.238,5.13709,1.73722),(2.23936,5.14527,1.75232),(2.23769,5.15038,1.76869),(2.23309,5.15206,1.78521),(2.22589,5.15022,1.80076),(1.82698,5.44047,1.69316),(1.81599,5.42965,1.69973),(1.80504,5.41724,1.70235),(1.79483,5.40403,1.70087),(1.78603,5.39087,1.69536),(1.8373,5.44898,1.68307),(1.84629,5.45466,1.67011),(1.85337,5.45711,1.65511),(1.85807,5.4562,1.63905),(1.86008,5.45212,1.62332),(1.85942,5.44512,1.60853),(1.85613,5.43564,1.59559),(1.8504,5.42427,1.5853),(1.84259,5.41171,1.57828),(1.83318,5.39872,1.57497),(1.82276,5.38611,1.57558),(1.81195,5.37465,1.58006),(1.80143,5.36505,1.58815),(1.79185,5.35791,1.59933),(1.78379,5.35365,1.61294),(1.77775,5.35254,1.62811),(1.7741,5.35465,1.64394),(1.77307,5.35986,1.65943),(1.77479,5.36805,1.67395),(1.7792,5.37861,1.68619),(1.50004,5.5894,1.58079),(1.49891,5.58177,1.56538),(1.5007,5.57737,1.54882),(1.50527,5.5765,1.53223),(1.51232,5.57922,1.51675),(1.52137,5.58534,1.50342),(1.53179,5.59445,1.49316),(1.54289,5.60593,1.48667),(1.55389,5.61899,1.48439),(1.56406,5.63274,1.48647),(1.5727,5.64626,1.49277),(1.57922,5.6586,1.50286),(1.58318,5.66895,1.51607),(1.5843,5.67658,1.53147),(1.58251,5.68098,1.54803),(1.57794,5.68185,1.56462),(1.57089,5.67913,1.58011),(1.56184,5.67301,1.59343),(1.55142,5.6639,1.60369),(1.54032,5.65242,1.61019),(1.52932,5.63936,1.61247),(1.51915,5.6256,1.61039),(1.51051,5.61209,1.60409),(1.50399,5.59974,1.59399),(1.3509,5.81547,1.54267),(1.34001,5.80376,1.54906),(1.32924,5.79048,1.55125),(1.31934,5.77655,1.54906),(1.31098,5.76291,1.54267),(1.30472,5.7505,1.53249),(1.301,5.74016,1.51922),(1.30007,5.73259,1.50377),(1.30198,5.72831,1.48719),(1.30662,5.72761,1.47061),(1.31366,5.73054,1.45516),(1.32263,5.7369,1.4419),(1.33291,5.74625,1.43172),(1.3438,5.75797,1.42532),(1.35457,5.77124,1.42313),(1.36447,5.78517,1.42532),(1.37283,5.79881,1.43172),(1.37909,5.81123,1.4419),(1.38281,5.82157,1.45516),(1.38374,5.82914,1.47061),(1.38183,5.83342,1.48719),(1.37719,5.83412,1.50377),(1.37015,5.83119,1.51922),(1.36118,5.82483,1.53249),(1.30683,5.89039,1.46343),(1.30239,5.89094,1.48007),(1.29552,5.88787,1.49558),(1.28671,5.88139,1.50889),(1.27655,5.87195,1.51911),(1.26573,5.86017,1.52553),(1.25499,5.84688,1.52772),(1.24507,5.83297,1.52553),(1.23663,5.81939,1.51911),(1.23025,5.80706,1.50889),(1.22638,5.79684,1.49558),(1.22526,5.7894,1.48007),(1.22699,5.78527,1.46343),(1.23143,5.78472,1.44679),(1.23829,5.78779,1.43129),(1.24711,5.79426,1.41797),(1.25727,5.80371,1.40775),(1.26809,5.81548,1.40133),(1.27883,5.82878,1.39914),(1.28875,5.84269,1.40133),(1.30856,5.88625,1.44679),(1.30744,5.87882,1.43129),(1.30356,5.86859,1.41797),(1.29719,5.85627,1.40775),(0.87858,6.21285,1.33156),(0.8771,6.2168,1.34827),(0.8729,6.21717,1.36497),(0.86627,6.21393,1.38054),(0.85765,6.2073,1.39391),(0.84764,6.19774,1.40416),(0.83692,6.18589,1.41061),(0.82621,6.17258,1.41281),(0.81625,6.15869,1.41061),(0.87724,6.20559,1.31599),(0.87316,6.19552,1.30262),(0.86664,6.18331,1.29237),(0.85811,6.1698,1.28592),(0.84815,6.15591,1.28372),(0.83744,6.14259,1.28592),(0.82672,6.13075,1.29237),(0.81671,6.12119,1.30262),(0.80809,6.11456,1.31599),(0.80146,6.11132,1.33156),(0.79726,6.11169,1.34827),(0.79578,6.11563,1.36497),(0.79712,6.12289,1.38054),(0.80119,6.13297,1.39391),(0.80772,6.14518,1.40416)),$);
#169= IFCTRIANGULATEDFACESET(#168,$,$,((1,2,3),(3,2,4),(3,4,5),(5,4,6),(5,6,7),(7,6,8),(7,8,9),(9,8,10),(9,10,11),(11,10,12),(11,12,13),(13,12,14),(13,14,15),(15,14,16),(15,16,17),(17,16,18),(17,18,19),(19,18,20),(19,20,21),(21,20,22),(21,22,23),(23,22,24),(23,24,25),(25,24,26),(25,26,27),(27,26,28),(27,28,29),(29,28,30),(29,30,31),(31,30,32),(31,32,33),(33,32,34),(33,34,35),(35,34,36),(35,36,37),(37,36,38),(37,38,39),(39,38,40),(39,40,41),(41,40,42),(41,42,43),(43,42,44),(43,44,45),(45,44,46),(45,46,47),(47,46,48),(47,48,1),(1,48,2),(10,49,12),(12,49,50),(12,50,14),(14,50,51),(14,51,16),(16,51,52),(16,52,18),(18,52,53),(18,53,20),(20,53,54),(20,54,22),(22,54,55),(22,55,24),(24,55,56),(24,56,26),(26,56,57),(26,57,28),(28,57,58),(28,58,30),(30,58,59),(30,59,32),(32,59,60),(32,60,34),(34,60,61),(34,61,36),(36,61,62),(36,62,38),(38,62,63),(38,63,40),(40,63,64),(40,64,42),(42,64,65),(42,65,44),(44,65,66),(44,66,46),(46,66,67),(46,67,48),(48,67,68),(48,68,2),(2,68,69),(2,69,4),(4,69,70),(4,70,6),(6,70,71),(6,71,8),(8,71,72),(8,72,10),(10,72,49),(68,73,69),(69,73,74),(69,74,75),(73,68,76),(76,68,67),(76,67,77),(77,67,66),(77,66,78),(78,66,65),(78,65,79),(79,65,64),(79,64,80),(80,64,63),(80,63,81),(81,63,62),(81,62,82),(82,62,61),(82,61,83),(83,61,60),(83,60,84),(84,60,59),(84,59,85),(85,59,58),(85,58,86),(86,58,57),(86,57,87),(87,57,56),(87,56,88),(88,56,55),(88,55,89),(89,55,54),(89,54,90),(90,54,53),(90,53,91),(91,53,52),(91,52,92),(92,52,51),(92,51,93),(93,51,50),(93,50,94),(94,50,49),(94,49,95),(95,49,72),(95,72,96),(96,72,71),(96,71,97),(97,71,70),(97,70,75),(75,70,69),(88,98,87),(87,98,99),(87,99,86),(86,99,100),(86,100,85),(85,100,101),(85,101,84),(84,101,102),(84,102,83),(83,102,103),(83,103,82),(82,103,104),(82,104,81),(81,104,105),(81,105,80),(80,105,106),(80,106,79),(79,106,107),(79,107,78),(78,107,108),(78,108,77),(77,108,109),(77,109,76),(76,109,110),(76,110,73),(73,110,74),(74,110,111),(74,111,75),(75,111,112),(75,112,97),(97,112,113),(97,113,96),(96,113,114),(96,114,95),(95,114,115),(95,115,94),(94,115,116),(94,116,93),(93,116,117),(93,117,92),(92,117,118),(92,118,91),(91,118,119),(91,119,90),(90,119,120),(90,120,89),(89,120,121),(89,121,88),(88,121,98),(114,122,115),(115,122,123),(115,123,116),(116,123,124),(116,124,117),(117,124,125),(117,125,118),(118,125,126),(118,126,119),(119,126,127),(119,127,120),(120,127,128),(120,128,121),(121,128,129),(121,129,98),(98,129,130),(98,130,99),(99,130,131),(99,131,100),(100,131,132),(100,132,101),(101,132,133),(101,133,102),(102,133,134),(102,134,103),(103,134,135),(103,135,104),(104,135,136),(104,136,105),(105,136,137),(105,137,106),(106,137,138),(106,138,107),(107,138,139),(107,139,108),(108,139,140),(108,140,109),(109,140,141),(109,141,110),(110,141,142),(110,142,111),(111,142,143),(111,143,112),(112,143,144),(112,144,113),(113,144,145),(113,145,114),(114,145,122),(129,146,130),(130,146,147),(130,147,131),(131,147,148),(131,148,132),(132,148,149),(132,149,133),(133,149,150),(133,150,134),(134,150,151),(134,151,135),(135,151,152),(135,152,136),(136,152,153),(136,153,137),(137,153,154),(137,154,138),(138,154,155),(138,155,139),(139,155,156),(139,156,140),(140,156,157),(140,157,141),(141,157,158),(141,158,142),(142,158,159),(142,159,143),(143,159,160),(143,160,144),(144,160,161),(144,161,145),(145,161,162),(145,162,122),(122,162,163),(122,163,123),(123,163,164),(123,164,124),(124,164,165),(124,165,125),(125,165,166),(125,166,126),(126,166,167),(126,167,127),(127,167,168),(127,168,128),(128,168,169),(128,169,129),(129,169,146),(166,170,167),(167,170,171),(167,171,168),(168,171,172),(168,172,169),(169,172,173),(169,173,146),(146,173,174),(146,174,147),(147,174,175),(147,175,148),(148,175,176),(148,176,149),(149,176,177),(149,177,150),(150,177,178),(150,178,151),(151,178,179),(151,179,152),(152,179,180),(152,180,153),(153,180,181),(153,181,154),(154,181,182),(154,182,183),(170,166,184),(184,166,165),(184,165,185),(185,165,164),(185,164,186),(186,164,163),(186,163,187),(187,163,162),(187,162,188),(188,162,161),(188,161,189),(189,161,160),(189,160,190),(190,160,159),(190,159,191),(191,159,158),(191,158,192),(192,158,157),(192,157,193),(193,157,156),(193,156,194),(194,156,155),(194,155,183),(183,155,154),(171,195,172),(172,195,196),(172,196,173),(173,196,197),(173,197,174),(174,197,198),(174,198,175),(175,198,199),(175,199,176),(176,199,200),(176,200,177),(177,200,201),(177,201,178),(178,201,202),(178,202,179),(179,202,203),(179,203,180),(180,203,204),(180,204,181),(181,204,205),(181,205,182),(182,205,206),(182,206,183),(183,206,207),(183,207,194),(194,207,208),(194,208,193),(193,208,209),(193,209,192),(192,209,210),(192,210,191),(191,210,211),(191,211,190),(190,211,212),(190,212,189),(189,212,213),(189,213,188),(188,213,214),(188,214,187),(187,214,215),(187,215,186),(186,215,216),(186,216,185),(185,216,217),(185,217,184),(184,217,218),(184,218,170),(170,218,219),(170,219,171),(171,219,195),(197,220,198),(198,220,221),(198,221,199),(199,221,222),(199,222,200),(200,222,223),(200,223,201),(201,223,224),(201,224,202),(202,224,225),(202,225,203),(203,225,226),(203,226,204),(204,226,227),(204,227,205),(205,227,228),(205,228,206),(206,228,229),(206,229,207),(207,229,230),(207,230,208),(208,230,231),(208,231,209),(209,231,232),(209,232,210),(210,232,233),(210,233,211),(211,233,234),(211,234,212),(212,234,235),(212,235,213),(213,235,236),(213,236,214),(214,236,237),(214,237,215),(215,237,238),(215,238,216),(216,238,239),(216,239,217),(217,239,240),(217,240,218),(218,240,241),(218,241,219),(219,241,195),(195,241,242),(195,242,196),(196,242,243),(196,243,197),(197,243,220),(238,244,239),(239,244,245),(239,245,240),(240,245,246),(240,246,241),(241,246,247),(241,247,242),(242,247,248),(242,248,243),(243,248,249),(243,249,220),(220,249,250),(220,250,221),(221,250,251),(221,251,222),(222,251,252),(222,252,223),(223,252,253),(223,253,224),(224,253,254),(224,254,225),(225,254,255),(225,255,226),(226,255,256),(226,256,227),(227,256,257),(227,257,228),(228,257,258),(228,258,229),(229,258,259),(229,259,230),(230,259,260),(230,260,231),(231,260,261),(231,261,232),(232,261,262),(232,262,233),(233,262,263),(233,263,234),(234,263,264),(234,264,235),(235,264,265),(235,265,236),(236,265,266),(236,266,237),(237,266,267),(237,267,238),(238,267,244),(267,268,244),(244,268,269),(244,269,245),(245,269,270),(245,270,246),(246,270,271),(246,271,247),(247,271,272),(247,272,248),(248,272,273),(248,273,249),(249,273,274),(249,274,250),(250,274,275),(250,275,251),(251,275,276),(251,276,252),(252,276,277),(252,277,253),(253,277,278),(253,278,254),(254,278,279),(254,279,255),(255,279,280),(255,280,256),(256,280,281),(256,281,257),(257,281,282),(257,282,258),(258,282,283),(258,283,259),(259,283,284),(259,284,260),(260,284,285),(260,285,261),(261,285,286),(261,286,262),(262,286,287),(262,287,263),(263,287,288),(263,288,264),(264,288,289),(264,289,265),(265,289,290),(265,290,266),(266,290,291),(266,291,267),(267,291,268),(290,292,291),(291,292,293),(291,293,268),(268,293,294),(268,294,269),(269,294,295),(269,295,270),(270,295,296),(270,296,271),(271,296,297),(271,297,272),(272,297,298),(272,298,273),(273,298,299),(273,299,274),(274,299,300),(274,300,275),(275,300,301),(275,301,276),(276,301,302),(276,302,277),(277,302,303),(277,303,278),(278,303,304),(278,304,279),(279,304,305),(279,305,280),(280,305,306),(280,306,281),(281,306,307),(281,307,282),(282,307,308),(282,308,283),(283,308,309),(283,309,284),(284,309,310),(284,310,285),(285,310,311),(285,311,286),(286,311,312),(286,312,287),(287,312,313),(287,313,288),(288,313,314),(288,314,289),(289,314,315),(289,315,290),(290,315,292),(314,316,315),(315,316,317),(315,317,292),(292,317,318),(292,318,293),(293,318,319),(293,319,294),(294,319,320),(294,320,295),(295,320,321),(295,321,296),(296,321,322),(296,322,297),(297,322,323),(297,323,298),(298,323,324),(298,324,299),(299,324,325),(299,325,300),(300,325,326),(300,326,301),(301,326,327),(301,327,302),(302,327,328),(302,328,303),(303,328,329),(303,329,304),(304,329,330),(304,330,305),(305,330,331),(305,331,306),(306,331,332),(306,332,307),(307,332,333),(307,333,308),(308,333,334),(308,334,309),(309,334,335),(309,335,310),(310,335,336),(310,336,311),(311,336,337),(311,337,312),(312,337,338),(312,338,313),(313,338,339),(313,339,314),(314,339,316),(322,340,323),(323,340,341),(323,341,324),(324,341,342),(324,342,325),(325,342,343),(325,343,326),(326,343,344),(326,344,327),(327,344,345),(327,345,328),(328,345,346),(328,346,329),(329,346,347),(329,347,330),(330,347,348),(330,348,331),(331,348,349),(331,349,332),(332,349,350),(332,350,333),(333,350,351),(333,351,334),(334,351,352),(334,352,335),(335,352,353),(335,353,336),(336,353,354),(336,354,337),(337,354,355),(337,355,338),(338,355,356),(338,356,339),(339,356,357),(339,357,316),(316,357,358),(316,358,317),(317,358,359),(317,359,318),(318,359,360),(318,360,319),(319,360,361),(319,361,320),(320,361,362),(320,362,321),(321,362,363),(321,363,322),(322,363,340),(359,364,360),(360,364,365),(360,365,361),(361,365,366),(361,366,362),(362,366,367),(362,367,363),(363,367,368),(363,368,340),(340,368,369),(340,369,341),(341,369,370),(341,370,342),(342,370,371),(342,371,343),(343,371,372),(343,372,344),(344,372,373),(344,373,345),(345,373,374),(345,374,346),(346,374,375),(346,375,347),(347,375,376),(347,376,348),(348,376,377),(348,377,349),(349,377,378),(349,378,350),(350,378,379),(350,379,351),(351,379,380),(351,380,352),(352,380,381),(352,381,353),(353,381,382),(353,382,354),(354,382,383),(354,383,355),(355,383,384),(355,384,356),(356,384,385),(356,385,357),(357,385,386),(357,386,358),(358,386,387),(358,387,359),(359,387,364),(385,388,386),(386,388,389),(386,389,387),(387,389,390),(387,390,364),(364,390,391),(364,391,365),(365,391,392),(365,392,366),(366,392,393),(366,393,367),(367,393,394),(367,394,368),(368,394,395),(368,395,369),(369,395,396),(369,396,370),(370,396,397),(370,397,371),(371,397,398),(371,398,372),(372,398,399),(372,399,373),(373,399,400),(373,400,374),(374,400,401),(374,401,375),(375,401,402),(375,402,376),(376,402,403),(376,403,377),(377,403,404),(377,404,378),(378,404,405),(378,405,379),(379,405,406),(379,406,380),(380,406,407),(380,407,381),(381,407,408),(381,408,382),(382,408,409),(382,409,383),(383,409,410),(383,410,384),(384,410,411),(384,411,385),(385,411,388),(389,412,390),(390,412,413),(390,413,391),(391,413,414),(391,414,392),(392,414,415),(392,415,416),(412,389,417),(417,389,388),(417,388,418),(418,388,411),(418,411,419),(419,411,410),(419,410,420),(420,410,409),(420,409,421),(421,409,408),(421,408,422),(422,408,407),(422,407,423),(423,407,406),(423,406,424),(424,406,405),(424,405,425),(425,405,404),(425,404,426),(426,404,403),(426,403,427),(427,403,402),(427,402,428),(428,402,401),(428,401,429),(429,401,400),(429,400,430),(430,400,399),(430,399,431),(431,399,398),(431,398,432),(432,398,397),(432,397,433),(433,397,396),(433,396,434),(434,396,395),(434,395,435),(435,395,394),(435,394,436),(436,394,393),(436,393,416),(416,393,392),(435,437,434),(434,437,438),(434,438,433),(433,438,439),(433,439,432),(432,439,440),(432,440,431),(431,440,441),(431,441,430),(430,441,442),(430,442,429),(429,442,443),(429,443,428),(428,443,444),(428,444,427),(427,444,445),(427,445,426),(426,445,446),(426,446,425),(425,446,447),(425,447,424),(424,447,448),(424,448,423),(423,448,449),(423,449,422),(422,449,450),(422,450,421),(421,450,451),(421,451,420),(420,451,452),(420,452,419),(419,452,418),(418,452,453),(418,453,417),(417,453,454),(417,454,412),(412,454,455),(412,455,413),(413,455,456),(413,456,414),(414,456,457),(414,457,415),(415,457,458),(415,458,416),(416,458,459),(416,459,436),(436,459,460),(436,460,435),(435,460,437),(455,461,456),(456,461,462),(456,462,457),(457,462,463),(457,463,458),(458,463,464),(458,464,459),(459,464,465),(459,465,460),(460,465,466),(460,466,437),(437,466,467),(437,467,438),(438,467,468),(438,468,439),(439,468,469),(439,469,440),(440,469,470),(440,470,441),(441,470,471),(441,471,442),(442,471,472),(442,472,443),(443,472,473),(443,473,444),(444,473,474),(444,474,445),(445,474,475),(445,475,446),(446,475,476),(446,476,447),(447,476,477),(447,477,448),(448,477,478),(448,478,449),(449,478,479),(449,479,450),(450,479,480),(450,480,451),(451,480,481),(451,481,452),(452,481,482),(452,482,453),(453,482,483),(453,483,454),(454,483,484),(454,484,455),(455,484,461),(480,485,481),(481,485,486),(481,486,482),(482,486,487),(482,487,483),(483,487,488),(483,488,484),(484,488,489),(484,489,461),(461,489,490),(461,490,462),(462,490,491),(462,491,463),(463,491,464),(464,491,492),(464,492,465),(465,492,493),(465,493,466),(466,493,494),(466,494,467),(467,494,495),(467,495,468),(468,495,496),(468,496,469),(469,496,497),(469,497,470),(470,497,498),(470,498,471),(471,498,499),(471,499,472),(472,499,500),(472,500,473),(473,500,501),(473,501,474),(474,501,502),(474,502,475),(475,502,503),(475,503,504),(485,480,505),(505,480,479),(505,479,506),(506,479,478),(506,478,507),(507,478,477),(507,477,508),(508,477,476),(508,476,504),(504,476,475),(505,509,485),(485,509,510),(485,510,486),(486,510,511),(486,511,487),(487,511,512),(487,512,488),(488,512,513),(488,513,489),(489,513,514),(489,514,490),(490,514,515),(490,515,491),(491,515,516),(491,516,517),(509,505,518),(518,505,506),(518,506,519),(519,506,507),(519,507,520),(520,507,508),(520,508,521),(521,508,504),(521,504,522),(522,504,503),(522,503,502),(522,502,523),(523,502,501),(523,501,524),(524,501,500),(524,500,525),(525,500,499),(525,499,526),(526,499,498),(526,498,527),(527,498,497),(527,497,528),(528,497,496),(528,496,529),(529,496,495),(529,495,530),(530,495,494),(530,494,531),(531,494,493),(531,493,532),(532,493,492),(532,492,517),(517,492,491),(1,3,45),(45,3,5),(45,5,7),(7,9,45),(45,9,43),(43,9,41),(41,9,11),(41,11,13),(13,15,41),(41,15,17),(41,17,39),(39,17,37),(37,17,19),(37,19,35),(35,19,33),(33,19,21),(33,21,31),(31,21,29),(29,21,23),(29,23,25),(25,27,29),(45,47,1),(509,518,510),(510,518,511),(511,518,512),(512,518,513),(513,518,514),(514,518,515),(515,518,519),(515,519,520),(520,521,515),(515,521,516),(516,521,517),(517,521,522),(517,522,523),(524,530,523),(523,530,531),(523,531,532),(524,525,530),(530,525,526),(530,526,527),(527,528,530),(530,528,529),(532,517,523)),$);
#170= IFCSHAPEREPRESENTATION(#28,'Body','Tessellation',(#169));
#171= IFCPRODUCTDEFINITIONSHAPE($,$,(#170));
#172= IFCLOCALPLACEMENT(#5,#22);
#173= IFCBUILTELEMENT('3b_rQzLjvBgv7mhrYmRKNC',$,'KSR_120_VK',$,$,#172,#171,'2F063');
#174= IFCSTYLEDITEM(#169,(#127),'KSR_120_VK');
#175= IFCPROPERTYSET('1oKPUzYW9FeO1oye_JnNbs',$,'Properties',$,(#44,#45,#46,#47,#48,#49,#50,#51,#52,#53,#54,#55,#56,#57,#58,#59,#60,#61,#62,#63,#64,#65,#66,#67,#69,#70,#177,#178));
#176= IFCRELDEFINESBYPROPERTIES('1Ztoaa85T1xRaUKCA2DjYz',$,$,$,(#173),#175);
#177= IFCPROPERTYSINGLEVALUE('Area',$,IFCREAL(3.05333436165941),$);
#178= IFCPROPERTYSINGLEVALUE('Bounds',$,IFCLABEL('((2701846.79577796,1166060.59664967,2023.28371888259),(2701851.0376368,1166066.21745682,2024.80813137303))'),$);
#179= IFCPROPERTYSET('1cWJB7dtfB8OkarnYkgFbM',$,'Misc',$,(#73,#74,#75,#76));
#180= IFCRELDEFINESBYPROPERTIES('2VRP29VSnBJRJvYaUdyW1h',$,$,$,(#173),#179);
#181= IFCPROPERTYSET('3qTWk6Z7j44QXRnyHPyFWH',$,'3D Visualization',$,(#79,#80,#81));
#182= IFCRELDEFINESBYPROPERTIES('2dXg_LMnT1Qud7WHdHcETS',$,$,$,(#173),#181);
#183= IFCPROPERTYSET('1z2yEGTUXCH9C9NVmtZhXD',$,'General',$,(#84,#86,#87,#88,#89,#140));
#184= IFCRELDEFINESBYPROPERTIES('3VKUVH_rnFk9PVMttngrCV',$,$,$,(#173),#183);
#185= IFCPROPERTYSET('0d5fqsc_H1ruw8YwahFO9m',$,'Geometry',$,(#92));
#186= IFCRELDEFINESBYPROPERTIES('1oiJuB__98Wf5NLB9phqbS',$,$,$,(#173),#185);
#187= IFCPROPERTYSET('2mnpON$eX6buIQJ43WEgU4',$,'01_Info',$,(#145,#146));
#188= IFCRELDEFINESBYPROPERTIES('3$w87stgz1A8otBxBTUc_Z',$,$,$,(#173),#187);
#189= IFCCARTESIANPOINTLIST3D(((1.17572,6.77917,1.51878),(1.17335,6.78107,0.79522),(0.83914,6.16434,1.50878),(0.83677,6.16625,0.78522),(3.61047,4.82863,1.57745),(3.46191,4.89951,2.2579),(3.88842,5.47174,1.5707),(31.69731,7.21383,8.18585),(31.52727,7.28424,8.86126),(33.13422,7.68377,8.51413),(32.95789,7.75212,9.1881),(31.87366,6.54588,8.29973),(33.32445,7.02036,8.63118),(31.70363,6.61629,8.97514),(33.14812,7.08871,9.30515),(29.02775,6.59303,8.33061),(29.19996,6.52323,7.65566),(29.3488,5.84767,7.7637),(29.17659,5.91747,8.43864),(19.08657,4.23443,5.89675),(19.27,4.16729,5.22455),(19.3827,3.48316,5.32374),(19.19927,3.5503,5.99594),(16.46633,3.70234,4.4938),(16.29305,3.77117,5.16865),(16.5215,3.00867,4.578),(16.34822,3.07749,5.25284),(13.60077,3.54795,3.83216),(13.44988,3.61799,4.51218),(13.58451,2.85043,3.89986),(13.43362,2.92047,4.57988),(10.60943,3.78041,3.90636),(10.75245,3.71083,3.22467),(10.66038,3.01764,3.2762),(10.51736,3.08722,3.9579),(7.56195,4.31827,3.20485),(7.71015,4.24777,2.52435),(7.54396,3.56767,2.55882),(7.39576,3.63817,3.23932),(5.20783,4.97177,1.8893),(5.06236,5.04148,2.5705),(4.98192,4.30895,1.90862),(4.83644,4.37865,2.58981),(3.73986,5.54261,2.25115)),$);
#190= IFCTRIANGULATEDFACESET(#189,$,$,((1,2,3),(3,2,4),(4,5,3),(3,5,6),(4,2,5),(5,2,7),(8,9,10),(10,9,11),(12,8,13),(13,8,10),(12,13,14),(14,13,15),(14,15,9),(9,15,11),(16,9,17),(17,9,8),(18,17,12),(12,17,8),(19,18,14),(14,18,12),(19,14,16),(16,14,9),(20,16,21),(21,16,17),(22,21,18),(18,21,17),(23,22,19),(19,22,18),(23,19,20),(20,19,16),(24,25,21),(21,25,20),(26,24,22),(22,24,21),(26,22,27),(27,22,23),(27,23,25),(25,23,20),(28,29,24),(24,29,25),(30,28,26),(26,28,24),(30,26,31),(31,26,27),(31,27,29),(29,27,25),(32,29,33),(33,29,28),(34,33,30),(30,33,28),(35,34,31),(31,34,30),(35,31,32),(32,31,29),(36,32,37),(37,32,33),(38,37,34),(34,37,33),(39,38,35),(35,38,34),(39,35,36),(36,35,32),(40,41,37),(37,41,36),(42,40,38),(38,40,37),(42,38,43),(43,38,39),(43,39,41),(41,39,36),(44,41,7),(7,41,40),(5,7,42),(42,7,40),(6,5,43),(43,5,42),(6,43,44),(44,43,41),(2,1,7),(7,1,44),(3,6,1),(1,6,44),(15,13,11),(11,13,10)),$);
#191= IFCSHAPEREPRESENTATION(#28,'Body','Tessellation',(#190));
#192= IFCPRODUCTDEFINITIONSHAPE($,$,(#191));
#193= IFCLOCALPLACEMENT(#5,#22);
#194= IFCBUILTELEMENT('3trDjQPUT9zxzyglh1di5g',$,'HRB_VK',$,$,#193,#192,'2F067');
#195= IFCCOLOURRGB('10',1.0,0.0,0.0);
#196= IFCSURFACESTYLESHADING(#195,$);
#197= IFCSURFACESTYLE($,.BOTH.,(#196));
#198= IFCPRESENTATIONLAYERWITHSTYLE('HRB_VK',$,(#190,#218,#263,#286),$,.U.,.U.,.U.,(#197));
#199= IFCSTYLEDITEM(#190,(#197),'HRB_VK');
#200= IFCPROPERTYSET('2ZgDq9MZvAK9NMwWNh09zx',$,'Properties',$,(#44,#45,#46,#47,#48,#49,#50,#51,#52,#53,#54,#55,#56,#57,#58,#59,#60,#61,#62,#63,#64,#65,#66,#67,#69,#70,#202,#203));
#201= IFCRELDEFINESBYPROPERTIES('2VwzabzO51wfMBd45hFMR0',$,$,$,(#194),#200);
#202= IFCPROPERTYSINGLEVALUE('Area',$,IFCREAL(96.3818073392619),$);
#203= IFCPROPERTYSINGLEVALUE('Bounds',$,IFCLABEL('((2701846.83676572,1166062.85043435,2022.78522277295),(2701879.3244495,1166067.75212266,2031.30514681497))'),$);
#204= IFCPROPERTYSET('0G1gs4tHjDC9aRehprZQfV',$,'Misc',$,(#73,#74,#75,#76));
#205= IFCRELDEFINESBYPROPERTIES('3VaYi_mtv9gRYA_9xtEMHW',$,$,$,(#194),#204);
#206= IFCPROPERTYSET('0tZ02chAfEbQ5e_qcbd$$t',$,'3D Visualization',$,(#79,#80,#81));
#207= IFCRELDEFINESBYPROPERTIES('0NLqmLxIP4Zuqc3ufV93eq',$,$,$,(#194),#206);
#208= IFCPROPERTYSET('25xs$9TrbDtvjcu5X4Zct$',$,'General',$,(#84,#86,#87,#88,#89,#210));
#209= IFCRELDEFINESBYPROPERTIES('3OUQMw3wn52BzlnVhON5If',$,$,$,(#194),#208);
#210= IFCPROPERTYSINGLEVALUE('Layer',$,IFCLABEL('HRB_VK'),$);
#211= IFCPROPERTYSET('34fU1sZKL18P3d0dTYvuLq',$,'Geometry',$,(#92));
#212= IFCRELDEFINESBYPROPERTIES('21jgSHnQnBgPUQqUInf3DO',$,$,$,(#194),#211);
#213= IFCPROPERTYSET('0ZZW7bOYb4bwhYAhonVeV4',$,'01_Info',$,(#215,#216));
#214= IFCRELDEFINESBYPROPERTIES('05iPd4_RnBfvQ6rInUzwoo',$,$,$,(#194),#213);
#215= IFCPROPERTYSINGLEVALUE('Name',$,IFCLABEL('HRB C1-D1'),$);
#216= IFCPROPERTYSINGLEVALUE('Typ',$,IFCLABEL('16 x KSR DN 120/132 + 1 x KSR DN 60/72'),$);
#217= IFCCARTESIANPOINTLIST3D(((83.62888,30.94874,20.38791),(83.65087,30.94832,19.88825),(86.40298,31.94205,20.43688),(86.41343,31.9375,19.93701),(83.37995,31.60304,20.37675),(86.1672,32.60105,20.42596),(83.40195,31.60262,19.87709),(86.17765,32.59651,19.92609),(78.71659,28.9606,20.04305),(78.77399,28.97452,19.54587),(78.44237,29.60466,20.03012),(78.49977,29.61858,19.53294),(71.87617,25.86439,18.76792),(71.95804,25.88938,18.2753),(71.58234,26.49957,18.75133),(71.66421,26.52456,18.25871),(67.50422,23.75415,17.92216),(67.59868,23.78522,17.43198),(67.19582,24.3823,17.90275),(67.29028,24.41337,17.41257),(58.86131,19.31622,15.71159),(58.97248,19.35587,15.22568),(58.53633,19.93586,15.68795),(58.6475,19.97551,15.20203),(48.7234,13.64945,12.25877),(48.61054,13.60887,12.74419),(48.28713,14.22937,12.72099),(48.39998,14.26996,12.23557),(44.04252,11.2764,11.0198),(43.94724,11.24473,11.50987),(43.64834,11.87766,11.49317),(43.74362,11.90934,11.00309),(41.55566,10.16755,11.06197),(41.6412,10.19484,10.57007),(41.28478,10.81311,11.05051),(41.37032,10.8404,10.55861),(36.72,8.25147,10.05953),(36.81549,8.2827,9.56969),(36.48287,8.9104,10.05507),(36.57836,8.94163,9.56523),(36.19692,8.08039,9.42838),(36.09608,8.04741,9.91699),(35.87848,8.71273,9.91699),(35.97932,8.74572,9.42838)),$);
#218= IFCTRIANGULATEDFACESET(#217,$,$,((1,2,3),(3,2,4),(5,1,6),(6,1,3),(5,6,7),(7,6,8),(7,8,2),(2,8,4),(9,10,1),(1,10,2),(11,9,5),(5,9,1),(11,5,12),(12,5,7),(12,7,10),(10,7,2),(13,14,9),(9,14,10),(15,13,11),(11,13,9),(15,11,16),(16,11,12),(16,12,14),(14,12,10),(17,18,13),(13,18,14),(19,17,15),(15,17,13),(19,15,20),(20,15,16),(20,16,18),(18,16,14),(21,22,17),(17,22,18),(23,21,19),(19,21,17),(23,19,24),(24,19,20),(24,20,22),(22,20,18),(25,22,26),(26,22,21),(26,21,27),(27,21,23),(28,27,24),(24,27,23),(25,28,22),(22,28,24),(29,25,30),(30,25,26),(30,26,31),(31,26,27),(32,31,28),(28,31,27),(29,32,25),(25,32,28),(33,34,30),(30,34,29),(33,30,35),(35,30,31),(35,31,36),(36,31,32),(34,36,29),(29,36,32),(37,38,33),(33,38,34),(37,33,39),(39,33,35),(39,35,40),(40,35,36),(38,40,34),(34,40,36),(41,38,42),(42,38,37),(43,42,39),(39,42,37),(44,43,40),(40,43,39),(44,40,41),(41,40,38),(8,6,4),(4,6,3),(41,42,44),(44,42,43)),$);
#219= IFCSHAPEREPRESENTATION(#28,'Body','Tessellation',(#218));
#220= IFCPRODUCTDEFINITIONSHAPE($,$,(#219));
#221= IFCLOCALPLACEMENT(#5,#22);
#222= IFCBUILTELEMENT('3BKeOPeRL91f9uPIorW2_X',$,'HRB_VK',$,$,#221,#220,'2F073');
#223= IFCSTYLEDITEM(#218,(#197),'HRB_VK');
#224= IFCPROPERTYSET('2bv31lfCTCnhYNITtuAMJX',$,'Properties',$,(#44,#45,#46,#47,#48,#49,#50,#51,#52,#53,#54,#55,#56,#57,#58,#59,#60,#61,#62,#63,#64,#65,#66,#67,#69,#70,#226,#227));
#225= IFCRELDEFINESBYPROPERTIES('2eIuXfN1H5bBULRr0dVzPA',$,$,$,(#222),#224);
#226= IFCPROPERTYSINGLEVALUE('Area',$,IFCREAL(137.042763777581),$);
#227= IFCPROPERTYSINGLEVALUE('Bounds',$,IFCLABEL('((2701881.87848223,1166068.04741324,2031.4283755268),(2701932.4134286,1166092.60105427,2042.43688428156))'),$);
#228= IFCPROPERTYSET('200qx8Lnf6NPPOxCz5sFkt',$,'Misc',$,(#73,#74,#75,#76));
#229= IFCRELDEFINESBYPROPERTIES('2$eSv5udn0MQFtVeEyUWJJ',$,$,$,(#222),#228);
#230= IFCPROPERTYSET('3xQ6RFcOzBGwkV$TCurUHa',$,'3D Visualization',$,(#79,#80,#81));
#231= IFCRELDEFINESBYPROPERTIES('0RNt$lsEL9zOfqFcbNe3MX',$,$,$,(#222),#230);
#232= IFCPROPERTYSET('330$k7hHf8AAsr_kA46F61',$,'General',$,(#84,#86,#87,#88,#89,#210));
#233= IFCRELDEFINESBYPROPERTIES('1vt8aAdOrBk9ulhK0mdrX0',$,$,$,(#222),#232);
#234= IFCPROPERTYSET('3EehzAwOvBygCHyiwqpfob',$,'Geometry',$,(#92));
#235= IFCRELDEFINESBYPROPERTIES('0NfHbo8PTC9wNzi24FBcfv',$,$,$,(#222),#234);
#236= IFCPROPERTYSET('08WsTBRnr4kvEZIlvbOLOA',$,'01_Info',$,(#238,#239));
#237= IFCRELDEFINESBYPROPERTIES('1v9kku4bT2aePaIcQIJzHE',$,$,$,(#222),#236);
#238= IFCPROPERTYSINGLEVALUE('Name',$,IFCLABEL('HRB D1 zur Alph\X2\00FC\X0\tte (evtl. E1 und F1)'),$);
#239= IFCPROPERTYSINGLEVALUE('Typ',$,IFCLABEL('13 x KSR DN 120/132 + 2 x KSR DN 60/72'),$);
#240= IFCCARTESIANPOINTLIST3D(((77.5338,28.80198,19.43657),(77.8187,29.05521,19.4827),(77.53393,28.79875,19.4535),(77.81897,29.05214,19.49958),(77.81655,29.05227,19.51537),(77.81549,29.0614,19.46703),(77.53069,28.80833,19.42087),(77.80955,29.0703,19.45363),(77.5248,28.8174,19.40745),(77.80127,29.08129,19.44338),(77.51654,28.82854,19.39723),(77.79123,29.09364,19.437),(77.50648,28.84102,19.39091),(77.78009,29.10651,19.43491),(77.49529,28.85397,19.38892),(77.76861,29.11904,19.43724),(77.48374,28.86651,19.3914),(77.75757,29.13037,19.44385),(77.47261,28.87779,19.39817),(77.7477,29.13975,19.45429),(77.46267,28.88704,19.40878),(77.73969,29.14654,19.46785),(77.4546,28.89363,19.4225),(77.73406,29.15028,19.48361),(77.44893,28.89711,19.43839),(77.7312,29.15072,19.50052),(77.44607,28.89725,19.45538),(77.7312,29.14813,19.51629),(77.4462,28.89402,19.47231),(77.73377,29.1428,19.53114),(77.44931,28.88767,19.48802),(77.73876,29.13504,19.54419),(77.4552,28.8786,19.50143),(77.74588,29.12531,19.55468),(77.46346,28.86746,19.51165),(77.75471,29.11417,19.562),(77.47352,28.85498,19.51797),(77.76473,29.10229,19.56571),(77.48471,28.84203,19.51996),(77.77536,29.09035,19.56559),(77.49626,28.82949,19.51748),(77.78597,29.07906,19.56166),(77.50739,28.81821,19.51071),(77.79594,29.06908,19.55414),(77.51733,28.80896,19.5001),(77.80468,29.061,19.54348),(77.5254,28.80237,19.48638),(77.81169,29.05528,19.5303),(77.53107,28.79889,19.47049),(78.06033,29.44113,19.55801),(78.06045,29.44334,19.54093),(78.0637,29.44233,19.52404),(78.06986,29.43817,19.50849),(78.07852,29.43113,19.49535),(78.08908,29.42169,19.48552),(78.10082,29.41051,19.47965),(78.11295,29.39833,19.47816),(78.12463,29.386,19.48114),(78.13508,29.37435,19.48839),(78.14358,29.36417,19.49941),(78.14954,29.35616,19.51346),(78.15257,29.35087,19.52958),(78.15246,29.34865,19.54667),(78.14921,29.34966,19.56356),(78.14304,29.35383,19.5791),(78.13439,29.36087,19.59224),(78.12383,29.3703,19.60208),(78.11208,29.38149,19.60794),(78.09995,29.39366,19.60943),(78.08827,29.406,19.60646),(78.07782,29.41765,19.59921),(78.06933,29.42783,19.58818),(78.06336,29.43583,19.57413),(78.67229,29.99023,19.68569),(78.65906,30.00128,19.68632),(78.64637,30.01232,19.68249),(78.63508,30.02259,19.67445),(78.62596,30.0314,19.66275),(78.61964,30.03815,19.6482),(78.61654,30.04237,19.63178),(78.61687,30.04378,19.6146),(78.62062,30.04228,19.59785),(78.62752,30.03797,19.58267),(78.63712,30.03116,19.57008),(78.64874,30.02229,19.56094),(78.66161,30.01198,19.55589),(78.67484,30.00093,19.55526),(78.68753,29.98989,19.55909),(78.69882,29.97962,19.56713),(78.70794,29.97081,19.57883),(78.71426,29.96407,19.59338),(78.71736,29.95985,19.60981),(78.71703,29.95844,19.62698),(78.71328,29.95994,19.64373),(78.70638,29.96424,19.65892),(78.69678,29.97106,19.6715),(78.68516,29.97992,19.68064),(78.90445,30.34173,19.70839),(78.89196,30.35158,19.70179),(78.88136,30.3602,19.69131),(78.87338,30.367,19.67766),(78.86854,30.37152,19.66176),(78.8672,30.37346,19.6447),(78.86913,30.37283,19.62891),(78.87401,30.36991,19.61403),(78.88155,30.36488,19.60095),(78.89131,30.35801,19.5904),(78.90273,30.34973,19.58302),(78.91513,30.3405,19.57923),(78.92781,30.33086,19.57924),(78.94001,30.32137,19.58307),(78.95103,30.3126,19.59048),(78.91798,30.33132,19.71065),(78.93163,30.32106,19.70842),(78.94446,30.31165,19.70186),(78.95562,30.30372,19.69141),(78.96433,30.29782,19.67778),(78.97001,30.29436,19.66189),(78.97226,30.29355,19.64484),(78.97117,30.29523,19.62905),(78.96708,30.29913,19.61416),(78.96023,30.30503,19.60105),(79.11259,30.69432,19.6679),(79.11196,30.69497,19.65069),(79.11502,30.69308,19.63385),(79.12158,30.68877,19.61851),(79.13118,30.68234,19.60572),(79.14317,30.67423,19.59636),(79.15673,30.66499,19.59106),(79.17094,30.65524,19.59019),(79.18482,30.64566,19.5938),(79.19744,30.6369,19.60165),(79.20793,30.62955,19.6132),(79.21558,30.62411,19.62766),(79.21987,30.62096,19.64406),(79.2205,30.62031,19.66127),(79.21743,30.6222,19.67812),(79.21087,30.62651,19.69346),(79.20127,30.63294,19.70624),(79.18928,30.64105,19.7156),(79.17573,30.65029,19.7209),(79.16152,30.66004,19.72178),(79.14763,30.66962,19.71817),(79.13501,30.67838,19.71032),(79.12452,30.68573,19.69877),(79.11687,30.69117,19.6843),(79.18357,30.71839,19.7193),(79.17011,30.72685,19.71269),(79.1586,30.73418,19.7022),(79.14982,30.7399,19.68854),(79.14438,30.7436,19.67263),(79.14263,30.74505,19.65556),(79.14442,30.74429,19.63975),(79.14937,30.74155,19.62486),(79.15721,30.737,19.61175),(79.16746,30.73089,19.6012),(79.17954,30.72359,19.59381),(79.19273,30.71553,19.59002),(79.20629,30.70716,19.59005),(79.2194,30.69898,19.59389),(79.23131,30.69146,19.60132),(79.24133,30.68504,19.61191),(79.19806,30.70939,19.72157),(79.21261,30.70046,19.71935),(79.22621,30.6922,19.7128),(79.23795,30.68518,19.70235),(79.24703,30.67987,19.68872),(79.25282,30.67663,19.67283),(79.25494,30.67569,19.65577),(79.2535,30.67692,19.63995),(79.24888,30.6801,19.62504),(79.33724,31.05602,19.68844),(79.33575,31.05779,19.67137),(79.33809,31.05719,19.65431),(79.3441,31.05428,19.63842),(79.35336,31.04923,19.6248),(79.36525,31.04241,19.61436),(79.37896,31.03427,19.60783),(79.39355,31.02537,19.60563),(79.40803,31.01632,19.60793),(79.42141,31.00773,19.61457),(79.43277,31.00018,19.62509),(79.44136,30.9942,19.63878),(79.44657,30.99019,19.65471),(79.44806,30.98842,19.67178),(79.44572,30.98901,19.68884),(79.43971,30.99193,19.70472),(79.43045,30.99697,19.71835),(79.41856,31.0038,19.72878),(79.40485,31.01194,19.73532),(79.39026,31.02084,19.73751),(79.37578,31.02989,19.73521),(79.36241,31.03848,19.72858),(79.35104,31.04603,19.71805),(79.34245,31.05201,19.70436),(79.65616,31.32863,19.67315),(79.65736,31.32745,19.6903),(79.65463,31.32844,19.70728),(79.64815,31.33155,19.72294),(79.63836,31.33656,19.73621),(79.62593,31.34313,19.74618),(79.6117,31.35081,19.75218),(79.59665,31.35908,19.75379),(79.5818,31.36737,19.75091),(79.56816,31.37512,19.74373),(79.55666,31.3818,19.73275),(79.54809,31.38695,19.7187),(79.54303,31.39024,19.70256),(79.54182,31.39142,19.68541),(79.54455,31.39042,19.66842),(79.55103,31.38731,19.65276),(79.56082,31.3823,19.6395),(79.57326,31.37573,19.62952),(79.58748,31.36805,19.62353),(79.60253,31.35979,19.62191),(79.61739,31.3515,19.62479),(79.63103,31.34375,19.63197),(79.64252,31.33707,19.64296),(79.65109,31.33191,19.657),(79.94648,32.10826,19.76057),(79.93194,32.1144,19.75362),(79.9195,32.11956,19.74282),(79.91003,32.12338,19.72891),(79.90417,32.12559,19.71284),(79.90232,32.12606,19.69571),(79.9046,32.12474,19.67868),(79.91085,32.12172,19.66291),(79.92066,32.11722,19.64948),(79.93336,32.11154,19.6393),(79.94807,32.10506,19.63307),(79.96379,32.09823,19.63121),(79.97947,32.09151,19.63385),(79.99401,32.08536,19.6408),(80.00645,32.08021,19.6516),(80.01591,32.07639,19.66551),(80.02178,32.07417,19.68158),(80.02363,32.07371,19.69871),(80.02135,32.07503,19.71574),(80.01509,32.07804,19.73151),(80.00529,32.08255,19.74494),(79.99259,32.08823,19.75512),(79.97788,32.09471,19.76135),(79.96215,32.10154,19.76321),(80.22679,32.88317,19.7176),(80.21287,32.88721,19.70826),(80.20169,32.89022,19.6955),(80.194,32.89199,19.68018),(80.19032,32.8924,19.66335),(80.19092,32.89142,19.64616),(80.19574,32.88912,19.62977),(80.20446,32.88566,19.61531),(80.21649,32.88127,19.60377),(80.231,32.87625,19.59592),(80.24701,32.87094,19.5923),(80.26342,32.86571,19.59316),(80.27912,32.86091,19.59844),(80.29304,32.85686,19.60778),(80.30423,32.85386,19.62054),(80.31192,32.85209,19.63586),(80.31559,32.85168,19.65269),(80.315,32.85266,19.66988),(80.31018,32.85496,19.68626),(80.30146,32.85842,19.70072),(80.28943,32.86281,19.71227),(80.27492,32.86783,19.72012),(80.25891,32.87314,19.72374),(80.24249,32.87837,19.72288),(80.41433,33.40719,19.69966),(80.39786,33.41171,19.70191),(80.38133,33.41604,19.69967),(80.36588,33.41989,19.69309),(80.35256,33.423,19.68261),(80.34227,33.42514,19.66896),(80.33572,33.42618,19.65306),(80.33335,33.42604,19.63599),(80.33532,33.42474,19.61893),(80.34151,33.42235,19.60302),(80.35148,33.41906,19.58936),(80.36456,33.41507,19.57888),(80.37985,33.41067,19.57229),(80.39633,33.40614,19.57004),(80.41285,33.40181,19.57228),(80.4283,33.39796,19.57886),(80.44162,33.39486,19.58934),(80.45191,33.39271,19.60299),(80.45846,33.39167,19.61889),(80.46084,33.39181,19.63595),(80.45886,33.39312,19.65302),(80.45268,33.3955,19.66893),(80.44271,33.39879,19.68258),(80.42963,33.40278,19.69307),(80.52992,33.65425,19.60979),(80.53132,33.65484,19.62696),(80.52833,33.65637,19.64385),(80.52114,33.65873,19.65934),(80.51026,33.66177,19.67235),(80.49641,33.66528,19.68201),(80.48055,33.66902,19.68765),(80.46375,33.67273,19.68889),(80.44716,33.67617,19.68565),(80.43191,33.67909,19.67814),(80.41904,33.6813,19.66688),(80.40942,33.68264,19.65264),(80.40372,33.68304,19.63638),(80.40231,33.68245,19.61922),(80.40531,33.68092,19.60232),(80.41249,33.67855,19.58684),(80.42338,33.67551,19.57382),(80.43722,33.672,19.56417),(80.45309,33.66827,19.55853),(80.46989,33.66456,19.55729),(80.48648,33.66112,19.56053),(80.50173,33.6582,19.56804),(80.5146,33.65599,19.57929),(80.52421,33.65464,19.59354),(80.48815,33.74708,19.68434),(80.47244,33.74971,19.68438),(80.45715,33.75219,19.6806),(80.4432,33.75439,19.67322),(80.43139,33.75618,19.66266),(80.42241,33.75745,19.64955),(80.5034,33.74448,19.68048),(80.51727,33.74203,19.67302),(80.52897,33.7399,19.6624),(80.5378,33.7382,19.64924),(80.54327,33.73703,19.63431),(80.54504,33.73646,19.61847),(80.5427,33.73655,19.60142),(80.53609,33.73738,19.58555),(80.52566,33.73889,19.57194),(80.51214,33.74096,19.56151),(80.49642,33.74347,19.55498),(80.47959,33.74624,19.55278),(80.46278,33.74908,19.55506),(80.44714,33.75181,19.56168),(80.43372,33.75423,19.57218),(80.42344,33.75618,19.58584),(80.41701,33.75753,19.60175),(80.41484,33.75818,19.61881),(80.41679,33.75813,19.63464),(80.48851,34.19973,19.62754),(80.49085,34.20016,19.61049),(80.49746,34.19983,19.59461),(80.50788,34.19875,19.58096),(80.52141,34.19699,19.57048),(80.53712,34.19469,19.56387),(80.55395,34.19199,19.56158),(80.57076,34.18908,19.56378),(80.58641,34.18616,19.57031),(80.59983,34.18342,19.58072),(80.6101,34.18105,19.59431),(80.61654,34.17921,19.61016),(80.61871,34.17803,19.62719),(80.61677,34.17759,19.64301),(80.61115,34.17781,19.65793),(80.60217,34.17868,19.67107),(80.59036,34.18014,19.68168),(80.57641,34.18211,19.68913),(80.56112,34.18447,19.69298),(80.5454,34.18709,19.69302),(80.53016,34.18981,19.68925),(80.49028,34.19868,19.64334),(80.49575,34.19705,19.65823),(80.50459,34.19494,19.67133),(80.51629,34.19248,19.68187),(80.53692,34.48992,19.64991),(80.53929,34.49071,19.63287),(80.54598,34.49093,19.61699),(80.55652,34.49055,19.60336),(80.57019,34.4896,19.59291),(80.58608,34.48815,19.58635),(80.60308,34.4863,19.58413),(80.62005,34.48417,19.5864),(80.63582,34.4819,19.59301),(80.64933,34.47965,19.6035),(80.65965,34.47758,19.61716),(80.66607,34.47583,19.63305),(80.66817,34.47451,19.65011),(80.6658,34.47371,19.66715),(80.65911,34.4735,19.68303),(80.64857,34.47387,19.69666),(80.63489,34.47482,19.70711),(80.61901,34.47627,19.71367),(80.60201,34.47812,19.71589),(80.58504,34.48026,19.71362),(80.56927,34.48252,19.70701),(80.55576,34.48477,19.69652),(80.54544,34.48684,19.68287),(80.53902,34.4886,19.66697),(80.6356,35.21568,19.75012),(80.61975,35.21716,19.74353),(80.60616,35.21873,19.73306),(80.59576,35.22026,19.71942),(80.58925,35.22167,19.70353),(80.58708,35.22285,19.68648),(80.58906,35.22366,19.67071),(80.59475,35.22417,19.65586),(80.60383,35.22434,19.64278),(80.61576,35.22416,19.63225),(80.62985,35.22364,19.62487),(80.64528,35.22281,19.62108),(80.66116,35.22173,19.62108),(80.67656,35.22044,19.62489),(80.69059,35.21904,19.63228),(80.70242,35.21759,19.64283),(80.71138,35.21619,19.65591),(80.71694,35.21491,19.67077),(80.71877,35.21383,19.68654),(80.71644,35.21296,19.70358),(80.65263,35.21438,19.75237),(80.66967,35.21335,19.75013),(80.68558,35.21266,19.74356),(80.69926,35.21235,19.7331),(80.70979,35.21245,19.71947),(80.59417,35.30616,19.70591),(80.59291,35.30647,19.6887),(80.59614,35.30669,19.67177),(80.60365,35.3068,19.65625),(80.61492,35.30679,19.64322),(80.62919,35.30667,19.63355),(80.64547,35.30644,19.62792),(80.66267,35.30612,19.6267),(80.67961,35.30573,19.62997),(80.69514,35.30529,19.63752),(80.70819,35.30485,19.64882),(80.71789,35.30442,19.66311),(80.72356,35.30404,19.67942),(80.72482,35.30373,19.69663),(80.72159,35.30351,19.71357),(80.71408,35.3034,19.72909),(80.70281,35.30341,19.74212),(80.68854,35.30353,19.75178),(80.67225,35.30376,19.75742),(80.65505,35.30408,19.75864),(80.63811,35.30447,19.75536),(80.62259,35.3049,19.74782),(80.60953,35.30535,19.73651),(80.59984,35.30578,19.72222),(80.58809,36.12847,19.70757),(80.57778,36.12731,19.69381),(80.57138,36.12631,19.67784),(80.56934,36.12553,19.66075),(80.57179,36.12503,19.64371),(80.57856,36.12483,19.62786),(80.5892,36.12496,19.61431),(80.60297,36.12541,19.60396),(80.61895,36.12613,19.59752),(80.63603,36.12709,19.59544),(80.65306,36.12822,19.59785),(80.66888,36.12945,19.60459),(80.68241,36.13068,19.6152),(80.69272,36.13183,19.62896),(80.69911,36.13283,19.64493),(80.70115,36.13361,19.66202),(80.6987,36.13412,19.67907),(80.69193,36.13431,19.69491),(80.68129,36.13418,19.70847),(80.66752,36.13374,19.71882),(80.65154,36.13301,19.72525),(80.63446,36.13205,19.72734),(80.61743,36.13092,19.72493),(80.60161,36.1297,19.71818),(80.61946,36.29861,19.72089),(80.60247,36.29691,19.71865),(80.58665,36.2951,19.71206),(80.57309,36.2933,19.70159),(80.56271,36.29164,19.68793),(80.55622,36.29022,19.67203),(80.55406,36.28915,19.65497),(80.55638,36.2885,19.63791),(80.56302,36.28831,19.62201),(80.57353,36.28859,19.60836),(80.58719,36.28933,19.59788),(80.60307,36.29048,19.5913),(80.62009,36.29196,19.58905),(80.63708,36.29366,19.5913),(80.6529,36.29547,19.59788),(80.66646,36.29727,19.60836),(80.67684,36.29893,19.62201),(80.68333,36.30035,19.63791),(80.68549,36.30142,19.65497),(80.68317,36.30207,19.67203),(80.67653,36.30226,19.68793),(80.66602,36.30198,19.70159),(80.65236,36.30124,19.71206),(80.63648,36.30009,19.71865),(80.67571,36.40613,19.64836),(80.67338,36.40699,19.6654),(80.66672,36.40738,19.68129),(80.65619,36.40726,19.69493),(80.64252,36.40664,19.7054),(80.62664,36.40557,19.71198),(80.60961,36.40413,19.71423),(80.59262,36.4024,19.71198),(80.57681,36.40051,19.7054),(80.56326,36.39858,19.69493),(80.5529,36.39675,19.68129),(80.54643,36.39514,19.6654),(80.54429,36.39387,19.64836),(80.54662,36.39301,19.63131),(80.55328,36.39262,19.61542),(80.56381,36.39274,19.60178),(80.57748,36.39336,19.59131),(80.59336,36.39443,19.58473),(80.61039,36.39587,19.58249),(80.62738,36.3976,19.58473),(80.67357,36.40486,19.63131),(80.6671,36.40325,19.61542),(80.65674,36.40142,19.60178),(80.64319,36.39949,19.59131)),$);
#241= IFCTRIANGULATEDFACESET(#240,$,$,((1,2,3),(3,2,4),(3,4,5),(2,1,6),(6,1,7),(6,7,8),(8,7,9),(8,9,10),(10,9,11),(10,11,12),(12,11,13),(12,13,14),(14,13,15),(14,15,16),(16,15,17),(16,17,18),(18,17,19),(18,19,20),(20,19,21),(20,21,22),(22,21,23),(22,23,24),(24,23,25),(24,25,26),(26,25,27),(26,27,28),(28,27,29),(28,29,30),(30,29,31),(30,31,32),(32,31,33),(32,33,34),(34,33,35),(34,35,36),(36,35,37),(36,37,38),(38,37,39),(38,39,40),(40,39,41),(40,41,42),(42,41,43),(42,43,44),(44,43,45),(44,45,46),(46,45,47),(46,47,48),(48,47,49),(48,49,5),(5,49,3),(28,50,26),(26,50,51),(26,51,24),(24,51,52),(24,52,22),(22,52,53),(22,53,20),(20,53,54),(20,54,18),(18,54,55),(18,55,16),(16,55,56),(16,56,14),(14,56,57),(14,57,12),(12,57,58),(12,58,10),(10,58,59),(10,59,8),(8,59,60),(8,60,6),(6,60,61),(6,61,2),(2,61,62),(2,62,4),(4,62,63),(4,63,5),(5,63,64),(5,64,48),(48,64,65),(48,65,46),(46,65,66),(46,66,44),(44,66,67),(44,67,42),(42,67,68),(42,68,40),(40,68,69),(40,69,38),(38,69,70),(38,70,36),(36,70,71),(36,71,34),(34,71,72),(34,72,32),(32,72,73),(32,73,30),(30,73,28),(28,73,50),(68,74,69),(69,74,75),(69,75,70),(70,75,76),(70,76,71),(71,76,77),(71,77,72),(72,77,78),(72,78,73),(73,78,79),(73,79,50),(50,79,80),(50,80,51),(51,80,81),(51,81,52),(52,81,82),(52,82,53),(53,82,83),(53,83,54),(54,83,84),(54,84,55),(55,84,85),(55,85,56),(56,85,86),(56,86,57),(57,86,87),(57,87,58),(58,87,88),(58,88,59),(59,88,89),(59,89,60),(60,89,90),(60,90,61),(61,90,91),(61,91,62),(62,91,92),(62,92,63),(63,92,93),(63,93,64),(64,93,94),(64,94,65),(65,94,95),(65,95,66),(66,95,96),(66,96,67),(67,96,97),(67,97,68),(68,97,74),(75,98,76),(76,98,99),(76,99,77),(77,99,100),(77,100,78),(78,100,101),(78,101,79),(79,101,102),(79,102,80),(80,102,103),(80,103,81),(81,103,104),(81,104,82),(82,104,105),(82,105,83),(83,105,106),(83,106,84),(84,106,107),(84,107,85),(85,107,108),(85,108,86),(86,108,109),(86,109,87),(87,109,110),(87,110,88),(88,110,111),(88,111,112),(98,75,113),(113,75,74),(113,74,114),(114,74,97),(114,97,115),(115,97,96),(115,96,116),(116,96,95),(116,95,117),(117,95,94),(117,94,118),(118,94,93),(118,93,119),(119,93,92),(119,92,120),(120,92,91),(120,91,121),(121,91,90),(121,90,122),(122,90,89),(122,89,112),(112,89,88),(102,123,103),(103,123,124),(103,124,104),(104,124,125),(104,125,105),(105,125,126),(105,126,106),(106,126,127),(106,127,107),(107,127,128),(107,128,108),(108,128,129),(108,129,109),(109,129,130),(109,130,110),(110,130,131),(110,131,111),(111,131,132),(111,132,112),(112,132,122),(122,132,133),(122,133,121),(121,133,134),(121,134,120),(120,134,135),(120,135,119),(119,135,136),(119,136,118),(118,136,137),(118,137,117),(117,137,138),(117,138,116),(116,138,139),(116,139,115),(115,139,140),(115,140,114),(114,140,141),(114,141,113),(113,141,142),(113,142,98),(98,142,143),(98,143,99),(99,143,144),(99,144,100),(100,144,145),(100,145,101),(101,145,146),(101,146,102),(102,146,123),(142,147,143),(143,147,148),(143,148,144),(144,148,149),(144,149,145),(145,149,150),(145,150,146),(146,150,151),(146,151,123),(123,151,152),(123,152,124),(124,152,153),(124,153,125),(125,153,154),(125,154,126),(126,154,155),(126,155,127),(127,155,156),(127,156,128),(128,156,157),(128,157,129),(129,157,158),(129,158,130),(130,158,159),(130,159,131),(131,159,160),(131,160,132),(132,160,161),(132,161,162),(147,142,163),(163,142,141),(163,141,164),(164,141,140),(164,140,165),(165,140,139),(165,139,166),(166,139,138),(166,138,167),(167,138,137),(167,137,168),(168,137,136),(168,136,169),(169,136,135),(169,135,170),(170,135,134),(170,134,171),(171,134,133),(171,133,162),(162,133,132),(151,172,152),(152,172,173),(152,173,153),(153,173,174),(153,174,154),(154,174,175),(154,175,155),(155,175,176),(155,176,156),(156,176,177),(156,177,157),(157,177,178),(157,178,158),(158,178,179),(158,179,159),(159,179,180),(159,180,160),(160,180,181),(160,181,161),(161,181,182),(161,182,162),(162,182,183),(162,183,171),(171,183,184),(171,184,170),(170,184,185),(170,185,169),(169,185,168),(168,185,186),(168,186,167),(167,186,187),(167,187,166),(166,187,188),(166,188,165),(165,188,189),(165,189,164),(164,189,190),(164,190,163),(163,190,191),(163,191,147),(147,191,192),(147,192,148),(148,192,193),(148,193,149),(149,193,194),(149,194,150),(150,194,195),(150,195,151),(151,195,172),(184,196,185),(185,196,197),(185,197,186),(186,197,198),(186,198,187),(187,198,199),(187,199,188),(188,199,200),(188,200,189),(189,200,201),(189,201,190),(190,201,202),(190,202,191),(191,202,203),(191,203,192),(192,203,204),(192,204,193),(193,204,205),(193,205,194),(194,205,206),(194,206,195),(195,206,207),(195,207,172),(172,207,208),(172,208,173),(173,208,209),(173,209,174),(174,209,210),(174,210,175),(175,210,211),(175,211,176),(176,211,212),(176,212,177),(177,212,213),(177,213,178),(178,213,214),(178,214,179),(179,214,215),(179,215,180),(180,215,216),(180,216,181),(181,216,217),(181,217,182),(182,217,218),(182,218,183),(183,218,219),(183,219,184),(184,219,196),(203,220,204),(204,220,221),(204,221,205),(205,221,222),(205,222,206),(206,222,223),(206,223,207),(207,223,224),(207,224,208),(208,224,225),(208,225,209),(209,225,226),(209,226,210),(210,226,227),(210,227,211),(211,227,228),(211,228,212),(212,228,229),(212,229,213),(213,229,230),(213,230,214),(214,230,231),(214,231,215),(215,231,232),(215,232,216),(216,232,233),(216,233,217),(217,233,234),(217,234,218),(218,234,235),(218,235,219),(219,235,236),(219,236,196),(196,236,237),(196,237,197),(197,237,238),(197,238,198),(198,238,239),(198,239,199),(199,239,240),(199,240,200),(200,240,241),(200,241,201),(201,241,242),(201,242,202),(202,242,243),(202,243,203),(203,243,220),(220,244,221),(221,244,245),(221,245,222),(222,245,246),(222,246,223),(223,246,247),(223,247,224),(224,247,248),(224,248,225),(225,248,249),(225,249,226),(226,249,250),(226,250,227),(227,250,251),(227,251,228),(228,251,252),(228,252,229),(229,252,253),(229,253,230),(230,253,254),(230,254,231),(231,254,255),(231,255,232),(232,255,256),(232,256,233),(233,256,257),(233,257,234),(234,257,258),(234,258,235),(235,258,259),(235,259,236),(236,259,260),(236,260,237),(237,260,261),(237,261,238),(238,261,262),(238,262,239),(239,262,263),(239,263,240),(240,263,264),(240,264,241),(241,264,265),(241,265,242),(242,265,266),(242,266,243),(243,266,267),(243,267,220),(220,267,244),(265,268,266),(266,268,269),(266,269,267),(267,269,270),(267,270,244),(244,270,271),(244,271,245),(245,271,272),(245,272,246),(246,272,273),(246,273,247),(247,273,274),(247,274,248),(248,274,275),(248,275,249),(249,275,276),(249,276,250),(250,276,277),(250,277,251),(251,277,278),(251,278,252),(252,278,279),(252,279,253),(253,279,280),(253,280,254),(254,280,281),(254,281,255),(255,281,282),(255,282,256),(256,282,283),(256,283,257),(257,283,284),(257,284,258),(258,284,285),(258,285,259),(259,285,286),(259,286,260),(260,286,287),(260,287,261),(261,287,288),(261,288,262),(262,288,289),(262,289,263),(263,289,290),(263,290,264),(264,290,291),(264,291,265),(265,291,268),(286,292,287),(287,292,293),(287,293,288),(288,293,294),(288,294,289),(289,294,295),(289,295,290),(290,295,296),(290,296,291),(291,296,297),(291,297,268),(268,297,298),(268,298,269),(269,298,299),(269,299,270),(270,299,300),(270,300,271),(271,300,301),(271,301,272),(272,301,302),(272,302,273),(273,302,303),(273,303,274),(274,303,304),(274,304,275),(275,304,305),(275,305,276),(276,305,306),(276,306,277),(277,306,307),(277,307,278),(278,307,308),(278,308,279),(279,308,309),(279,309,280),(280,309,310),(280,310,281),(281,310,311),(281,311,282),(282,311,312),(282,312,283),(283,312,313),(283,313,284),(284,313,314),(284,314,285),(285,314,315),(285,315,286),(286,315,292),(298,316,299),(299,316,317),(299,317,300),(300,317,318),(300,318,301),(301,318,319),(301,319,302),(302,319,320),(302,320,321),(316,298,322),(322,298,297),(322,297,323),(323,297,296),(323,296,324),(324,296,295),(324,295,325),(325,295,294),(325,294,326),(326,294,293),(326,293,327),(327,293,292),(327,292,328),(328,292,315),(328,315,329),(329,315,314),(329,314,330),(330,314,313),(330,313,331),(331,313,312),(331,312,332),(332,312,311),(332,311,333),(333,311,310),(333,310,334),(334,310,309),(334,309,335),(335,309,308),(335,308,336),(336,308,307),(336,307,337),(337,307,306),(337,306,338),(338,306,305),(338,305,339),(339,305,304),(339,304,340),(340,304,303),(340,303,321),(321,303,302),(340,341,339),(339,341,342),(339,342,338),(338,342,343),(338,343,337),(337,343,344),(337,344,336),(336,344,345),(336,345,335),(335,345,346),(335,346,334),(334,346,347),(334,347,333),(333,347,332),(332,347,348),(332,348,331),(331,348,349),(331,349,330),(330,349,350),(330,350,329),(329,350,351),(329,351,328),(328,351,352),(328,352,327),(327,352,353),(327,353,326),(326,353,354),(326,354,325),(325,354,355),(325,355,324),(324,355,356),(324,356,323),(323,356,357),(323,357,322),(322,357,358),(322,358,316),(316,358,359),(316,359,317),(317,359,360),(317,360,361),(341,340,362),(362,340,321),(362,321,363),(363,321,320),(363,320,364),(364,320,319),(364,319,365),(365,319,318),(365,318,361),(361,318,317),(362,366,341),(341,366,367),(341,367,342),(342,367,368),(342,368,343),(343,368,369),(343,369,344),(344,369,370),(344,370,345),(345,370,371),(345,371,346),(346,371,347),(347,371,372),(347,372,348),(348,372,373),(348,373,349),(349,373,374),(349,374,350),(350,374,375),(350,375,351),(351,375,376),(351,376,352),(352,376,377),(352,377,353),(353,377,378),(353,378,354),(354,378,379),(354,379,355),(355,379,380),(355,380,356),(356,380,381),(356,381,357),(357,381,382),(357,382,358),(358,382,383),(358,383,359),(359,383,384),(359,384,360),(360,384,385),(360,385,361),(361,385,386),(361,386,365),(365,386,387),(365,387,364),(364,387,388),(364,388,363),(363,388,389),(363,389,362),(362,389,366),(384,390,385),(385,390,391),(385,391,386),(386,391,392),(386,392,387),(387,392,393),(387,393,388),(388,393,394),(388,394,389),(389,394,395),(389,395,366),(366,395,396),(366,396,367),(367,396,397),(367,397,368),(368,397,398),(368,398,369),(369,398,399),(369,399,370),(370,399,400),(370,400,371),(371,400,401),(371,401,372),(372,401,402),(372,402,373),(373,402,403),(373,403,374),(374,403,404),(374,404,375),(375,404,405),(375,405,376),(376,405,406),(376,406,377),(377,406,407),(377,407,378),(378,407,408),(378,408,409),(390,384,410),(410,384,383),(410,383,411),(411,383,382),(411,382,412),(412,382,381),(412,381,413),(413,381,380),(413,380,414),(414,380,379),(414,379,409),(409,379,378),(394,415,395),(395,415,416),(395,416,396),(396,416,417),(396,417,397),(397,417,418),(397,418,398),(398,418,419),(398,419,399),(399,419,420),(399,420,400),(400,420,421),(400,421,401),(401,421,422),(401,422,402),(402,422,423),(402,423,403),(403,423,424),(403,424,404),(404,424,425),(404,425,405),(405,425,406),(406,425,426),(406,426,407),(407,426,427),(407,427,408),(408,427,428),(408,428,409),(409,428,429),(409,429,414),(414,429,430),(414,430,413),(413,430,431),(413,431,412),(412,431,432),(412,432,411),(411,432,433),(411,433,410),(410,433,434),(410,434,390),(390,434,435),(390,435,391),(391,435,436),(391,436,392),(392,436,437),(392,437,393),(393,437,438),(393,438,394),(394,438,415),(436,439,437),(437,439,440),(437,440,438),(438,440,441),(438,441,415),(415,441,442),(415,442,416),(416,442,443),(416,443,417),(417,443,444),(417,444,418),(418,444,445),(418,445,419),(419,445,446),(419,446,420),(420,446,447),(420,447,421),(421,447,448),(421,448,422),(422,448,449),(422,449,423),(423,449,450),(423,450,424),(424,450,451),(424,451,425),(425,451,452),(425,452,426),(426,452,453),(426,453,427),(427,453,454),(427,454,428),(428,454,455),(428,455,429),(429,455,456),(429,456,430),(430,456,457),(430,457,431),(431,457,458),(431,458,432),(432,458,459),(432,459,433),(433,459,460),(433,460,434),(434,460,461),(434,461,435),(435,461,462),(435,462,436),(436,462,439),(459,463,460),(460,463,464),(460,464,461),(461,464,465),(461,465,462),(462,465,466),(462,466,439),(439,466,467),(439,467,440),(440,467,468),(440,468,441),(441,468,469),(441,469,442),(442,469,470),(442,470,443),(443,470,471),(443,471,444),(444,471,472),(444,472,445),(445,472,473),(445,473,446),(446,473,474),(446,474,447),(447,474,475),(447,475,448),(448,475,476),(448,476,449),(449,476,477),(449,477,450),(450,477,478),(450,478,451),(451,478,479),(451,479,452),(452,479,480),(452,480,453),(453,480,481),(453,481,454),(454,481,482),(454,482,455),(455,482,483),(455,483,456),(456,483,484),(456,484,457),(457,484,485),(457,485,458),(458,485,486),(458,486,459),(459,486,463),(480,487,481),(481,487,488),(481,488,482),(482,488,489),(482,489,483),(483,489,490),(483,490,484),(484,490,491),(484,491,485),(485,491,492),(485,492,486),(486,492,493),(486,493,463),(463,493,464),(464,493,494),(464,494,465),(465,494,495),(465,495,466),(466,495,496),(466,496,467),(467,496,497),(467,497,468),(468,497,498),(468,498,469),(469,498,499),(469,499,470),(470,499,500),(470,500,471),(471,500,501),(471,501,472),(472,501,502),(472,502,473),(473,502,503),(473,503,474),(474,503,504),(474,504,475),(475,504,505),(475,505,506),(487,480,507),(507,480,479),(507,479,508),(508,479,478),(508,478,509),(509,478,477),(509,477,510),(510,477,476),(510,476,506),(506,476,475),(49,47,3),(3,47,1),(1,47,7),(7,47,9),(9,47,45),(9,45,43),(43,41,9),(9,41,11),(11,41,13),(13,41,15),(15,41,39),(15,39,17),(17,39,37),(17,37,35),(35,33,17),(17,33,19),(19,33,21),(21,33,23),(23,33,31),(23,31,29),(29,27,23),(23,27,25),(507,508,487),(487,508,488),(488,508,489),(489,508,490),(490,508,509),(490,509,510),(506,492,510),(510,492,491),(510,491,490),(506,505,492),(492,505,504),(492,504,493),(493,504,494),(494,504,495),(495,504,503),(495,503,502),(502,501,495),(495,501,496),(496,501,497),(497,501,500),(497,500,499),(499,498,497)),$);
#242= IFCSHAPEREPRESENTATION(#28,'Body','Tessellation',(#241));
#243= IFCPRODUCTDEFINITIONSHAPE($,$,(#242));
#244= IFCLOCALPLACEMENT(#5,#22);
#245= IFCBUILTELEMENT('17pg8s_lz8Mx05cICvlOtO',$,'KSR_120_VK',$,$,#244,#243,'2F077');
#246= IFCSTYLEDITEM(#241,(#127),'KSR_120_VK');
#247= IFCPROPERTYSET('0FxCgmAKz8BwUzuUB5IbDW',$,'Properties',$,(#44,#45,#46,#47,#48,#49,#50,#51,#52,#53,#54,#55,#56,#57,#58,#59,#60,#61,#62,#63,#64,#65,#66,#67,#69,#70,#249,#250));
#248= IFCRELDEFINESBYPROPERTIES('1JEs8mULnFyuKtybcUiwNN',$,$,$,(#245),#247);
#249= IFCPROPERTYSINGLEVALUE('Area',$,IFCREAL(3.56655862176246),$);
#250= IFCPROPERTYSINGLEVALUE('Bounds',$,IFCLABEL('((2701923.44575282,1166088.79839302,2041.38891774331),(2701926.72492843,1166096.40739341,2041.76322785107))'),$);
#251= IFCPROPERTYSET('1tMdeEuS98vwoNn9rRD1zf',$,'Misc',$,(#73,#74,#75,#76));
#252= IFCRELDEFINESBYPROPERTIES('1w2PRhHKbBsRh_r8tT03n5',$,$,$,(#245),#251);
#253= IFCPROPERTYSET('206iX4vnn04BIWDKrrqyE6',$,'3D Visualization',$,(#79,#80,#81));
#254= IFCRELDEFINESBYPROPERTIES('0s71Ip3mbAah6aJaOK57IO',$,$,$,(#245),#253);
#255= IFCPROPERTYSET('2FSSUOF9jAIQWJm_htUIM7',$,'General',$,(#84,#86,#87,#88,#89,#140));
#256= IFCRELDEFINESBYPROPERTIES('0AJquNkgf22efZMJjXk3MQ',$,$,$,(#245),#255);
#257= IFCPROPERTYSET('2MAmkjCj11nxNfzzv0iZfZ',$,'Geometry',$,(#92));
#258= IFCRELDEFINESBYPROPERTIES('12y2qB2P968fGpstFdJB_E',$,$,$,(#245),#257);
#259= IFCPROPERTYSET('1ZK2zl$1P1$g1zW1Zgs9Nb',$,'01_Info',$,(#146,#261));
#260= IFCRELDEFINESBYPROPERTIES('0cnXbffSj888CCE92VD3x9',$,$,$,(#245),#259);
#261= IFCPROPERTYSINGLEVALUE('Name',$,IFCLABEL('D1-Alph\X2\00FC\X0\tte'),$);
#262= IFCCARTESIANPOINTLIST3D(((98.47151,24.53092,20.88695),(98.49146,24.54012,20.38728),(98.66699,23.99066,20.87054),(98.68273,24.01152,20.37122),(98.80033,24.64984,20.90228),(98.99594,24.10923,20.88586),(98.82028,24.65904,20.40261),(99.01168,24.13009,20.38654),(97.65785,26.77957,20.83647),(97.68517,26.76841,20.33726),(97.98473,26.90386,20.85168),(98.01204,26.8927,20.35247),(97.52703,27.16893,20.31167),(97.49905,27.18175,20.81077),(97.82391,27.31115,20.82566),(97.85189,27.29832,20.32655),(97.44424,27.31966,20.80637),(97.46928,27.31425,20.30703),(97.76399,27.46193,20.82085),(97.78902,27.45651,20.3215),(97.07699,28.06751,20.78075),(97.10421,28.05763,20.28155),(97.38336,28.237,20.79428),(97.41059,28.22712,20.29509),(96.67134,28.76242,20.23487),(96.64167,28.77629,20.73379),(96.93073,28.97396,20.74546),(96.96041,28.96009,20.24654),(96.2223,29.35918,20.19278),(96.19773,29.36627,20.69219),(96.477,29.57696,20.70294),(96.50157,29.56988,20.20354),(96.14142,29.4411,20.6898),(96.16191,29.43945,20.19022),(96.41086,29.66487,20.70013),(96.43134,29.66321,20.20056),(95.58094,30.05572,20.6633),(95.60262,30.05276,20.16378),(95.82811,30.3039,20.67258),(95.84979,30.30094,20.17306),(95.25151,30.3548,20.64643),(95.28069,30.34503,20.1473),(95.48633,30.61419,20.65509),(95.51551,30.60441,20.15595),(95.03657,30.56665,20.12256),(95.00556,30.57809,20.62151),(95.24035,30.83751,20.63016),(95.27137,30.82607,20.13121),(94.96509,30.61483,20.6189),(94.99131,30.60774,20.11963),(95.18777,30.88525,20.62676),(95.21399,30.87816,20.1275),(94.29929,31.11351,20.57638),(94.32596,31.10609,20.07715),(94.49559,31.40368,20.58256),(94.52226,31.39626,20.08333),(93.58949,31.54729,20.53155),(93.61663,31.53958,20.03234),(93.75768,31.85464,20.53595),(93.78483,31.84693,20.03675),(92.84199,31.91232,20.48479),(92.86964,31.90436,19.98562),(92.9806,32.23412,20.48734),(93.00825,32.22616,19.98817),(92.06345,32.20536,20.43652),(92.09162,32.1972,19.93738),(92.17125,32.53875,20.43716),(92.19942,32.53059,19.93802),(91.48226,32.36352,20.40079),(91.51363,32.35449,19.90184),(91.57419,32.70123,20.40045),(91.60555,32.6922,19.90151),(91.39746,32.3861,19.89323),(91.36054,32.39664,20.39177),(91.45247,32.73435,20.39143),(91.48939,32.72381,19.8929),(91.27285,32.4205,20.38427),(91.29222,32.41474,19.88423),(91.34909,32.76248,20.38259),(91.36846,32.75672,19.88256),(90.44106,32.56567,20.3858),(90.43879,32.56369,19.88581),(90.48473,32.91334,20.38419),(90.48245,32.91135,19.8842),(90.37628,32.56852,19.8862),(90.36416,32.57162,20.38628),(90.39116,32.92057,20.38477),(90.40328,32.91747,19.88469),(90.15671,32.58549,19.87397),(90.15122,32.58807,20.37442),(90.1782,32.93702,20.37292),(90.18369,32.93444,19.87246),(90.03704,32.59689,20.37818),(90.0223,32.59587,19.8784),(90.04244,32.94751,20.37738),(90.0277,32.94649,19.8776),(89.67599,32.57988,19.88741),(89.68795,32.58077,20.38726),(89.66405,32.93004,20.38723),(89.65208,32.92915,19.88737),(88.83219,32.50329,19.90605),(88.84468,32.50423,20.40589),(88.81096,32.85261,20.40607),(88.79846,32.85167,19.90623),(88.7107,32.49079,19.90948),(88.71275,32.49066,20.40963),(88.66226,32.83731,20.41028),(88.66021,32.83744,19.91014),(88.02665,32.36152,19.89549),(88.01889,32.35953,20.39543),(87.95063,32.70283,20.39572),(87.95839,32.70481,19.89578),(87.20182,32.18937,19.88547),(87.19817,32.18825,20.38546),(87.1105,32.52749,20.38552),(87.11415,32.52862,19.88553),(86.94325,32.10938,20.38456),(86.92131,32.10259,19.88448),(86.8398,32.44374,20.38456),(86.81787,32.43695,19.88448),(86.46221,31.96055,20.43261),(86.43421,31.95189,19.93314),(86.35876,32.29492,20.43261),(86.33076,32.28625,19.93314),(86.38509,31.93669,19.93427),(86.39565,31.93996,20.43415),(86.2922,32.27432,20.43415),(86.28165,32.27106,19.93427)),$);
#263= IFCTRIANGULATEDFACESET(#262,$,$,((1,2,3),(3,2,4),(5,1,6),(6,1,3),(5,6,7),(7,6,8),(7,8,2),(2,8,4),(9,10,1),(1,10,2),(11,9,5),(5,9,1),(11,5,12),(12,5,7),(12,7,10),(10,7,2),(13,10,14),(14,10,9),(14,9,15),(15,9,11),(16,15,12),(12,15,11),(13,16,10),(10,16,12),(17,18,14),(14,18,13),(17,14,19),(19,14,15),(19,15,20),(20,15,16),(18,20,13),(13,20,16),(21,22,17),(17,22,18),(23,21,19),(19,21,17),(23,19,24),(24,19,20),(24,20,22),(22,20,18),(25,22,26),(26,22,21),(27,26,23),(23,26,21),(28,27,24),(24,27,23),(28,24,25),(25,24,22),(29,25,30),(30,25,26),(30,26,31),(31,26,27),(32,31,28),(28,31,27),(29,32,25),(25,32,28),(33,34,30),(30,34,29),(33,30,35),(35,30,31),(35,31,36),(36,31,32),(34,36,29),(29,36,32),(37,38,33),(33,38,34),(39,37,35),(35,37,33),(39,35,40),(40,35,36),(40,36,38),(38,36,34),(41,42,37),(37,42,38),(41,37,43),(43,37,39),(43,39,44),(44,39,40),(42,44,38),(38,44,40),(45,42,46),(46,42,41),(46,41,47),(47,41,43),(48,47,44),(44,47,43),(45,48,42),(42,48,44),(49,50,46),(46,50,45),(49,46,51),(51,46,47),(51,47,52),(52,47,48),(50,52,45),(45,52,48),(53,54,49),(49,54,50),(55,53,51),(51,53,49),(55,51,56),(56,51,52),(56,52,54),(54,52,50),(57,58,53),(53,58,54),(59,57,55),(55,57,53),(59,55,60),(60,55,56),(60,56,58),(58,56,54),(61,62,57),(57,62,58),(63,61,59),(59,61,57),(63,59,64),(64,59,60),(64,60,62),(62,60,58),(65,66,61),(61,66,62),(67,65,63),(63,65,61),(67,63,68),(68,63,64),(68,64,66),(66,64,62),(69,70,65),(65,70,66),(69,65,71),(71,65,67),(71,67,72),(72,67,68),(70,72,66),(66,72,68),(73,70,74),(74,70,69),(75,74,71),(71,74,69),(76,75,72),(72,75,71),(76,72,73),(73,72,70),(77,78,74),(74,78,73),(77,74,79),(79,74,75),(79,75,80),(80,75,76),(78,80,73),(73,80,76),(81,82,77),(77,82,78),(83,81,79),(79,81,77),(83,79,84),(84,79,80),(84,80,82),(82,80,78),(85,82,86),(86,82,81),(86,81,87),(87,81,83),(88,87,84),(84,87,83),(85,88,82),(82,88,84),(89,85,90),(90,85,86),(91,90,87),(87,90,86),(92,91,88),(88,91,87),(92,88,89),(89,88,85),(93,94,90),(90,94,89),(93,90,95),(95,90,91),(95,91,96),(96,91,92),(94,96,89),(89,96,92),(97,94,98),(98,94,93),(98,93,99),(99,93,95),(100,99,96),(96,99,95),(97,100,94),(94,100,96),(101,97,102),(102,97,98),(103,102,99),(99,102,98),(104,103,100),(100,103,99),(104,100,101),(101,100,97),(105,101,106),(106,101,102),(106,102,107),(107,102,103),(108,107,104),(104,107,103),(105,108,101),(101,108,104),(109,105,110),(110,105,106),(111,110,107),(107,110,106),(112,111,108),(108,111,107),(112,108,109),(109,108,105),(113,109,114),(114,109,110),(115,114,111),(111,114,110),(116,115,112),(112,115,111),(116,112,113),(113,112,109),(117,118,114),(114,118,113),(117,114,119),(119,114,115),(119,115,120),(120,115,116),(118,120,113),(113,120,116),(121,122,117),(117,122,118),(121,117,123),(123,117,119),(123,119,124),(124,119,120),(122,124,118),(118,124,120),(125,122,126),(126,122,121),(126,121,127),(127,121,123),(128,127,124),(124,127,123),(125,128,122),(122,128,124),(8,6,4),(4,6,3),(125,126,128),(128,126,127)),$);
#264= IFCSHAPEREPRESENTATION(#28,'Body','Tessellation',(#263));
#265= IFCPRODUCTDEFINITIONSHAPE($,$,(#264));
#266= IFCLOCALPLACEMENT(#5,#22);
#267= IFCBUILTELEMENT('0aa_6VrB5F9wo4S809tbkl',$,'HRB_VK',$,$,#266,#265,'2F9BC');
#268= IFCSTYLEDITEM(#263,(#197),'HRB_VK');
#269= IFCPROPERTYSET('1Gv$VxEH93LeipUL4K3OSH',$,'Properties',$,(#44,#45,#46,#47,#48,#49,#50,#51,#52,#53,#54,#55,#56,#57,#58,#59,#60,#61,#62,#63,#64,#65,#66,#67,#69,#70,#271,#272));
#270= IFCRELDEFINESBYPROPERTIES('2752c5mWz6CvESiq92YC2_',$,$,$,(#267),#269);
#271= IFCPROPERTYSINGLEVALUE('Area',$,IFCREAL(29.4272411721833),$);
#272= IFCPROPERTYSINGLEVALUE('Bounds',$,IFCLABEL('((2701932.28164909,1166083.99066291,2041.87246490151),(2701945.01167722,1166092.94751493,2042.90227828501))'),$);
#273= IFCPROPERTYSET('3$Rd6OuZP8MPu$lViT$s7b',$,'Misc',$,(#73,#74,#75,#76));
#274= IFCRELDEFINESBYPROPERTIES('2OwjnhYenEUAgGzb2RsU2K',$,$,$,(#267),#273);
#275= IFCPROPERTYSET('2fwisNGsjFzfF6RY_Ko2U_',$,'3D Visualization',$,(#79,#80,#81));
#276= IFCRELDEFINESBYPROPERTIES('1D0nLgz_vB2upl9tcVib4S',$,$,$,(#267),#275);
#277= IFCPROPERTYSET('1TIngrE1z9N8wbbajP7HUF',$,'General',$,(#84,#86,#87,#88,#89,#210));
#278= IFCRELDEFINESBYPROPERTIES('157mjYVRfFCQYItdN8Zpfx',$,$,$,(#267),#277);
#279= IFCPROPERTYSET('2N9Fu$JJ1FlhvQ7hiU2i$8',$,'Geometry',$,(#92));
#280= IFCRELDEFINESBYPROPERTIES('3ZN6OFa2bCbuxjHtvm9o5U',$,$,$,(#267),#279);
#281= IFCPROPERTYSET('2igqVVVBf61OoTxZ2aVF3L',$,'01_Info',$,(#283,#284));
#282= IFCRELDEFINESBYPROPERTIES('0PIBXQhy1BcvbkXi8t_KsY',$,$,$,(#267),#281);
#283= IFCPROPERTYSINGLEVALUE('Name',$,IFCLABEL('HRB D1-E1'),$);
#284= IFCPROPERTYSINGLEVALUE('Typ',$,IFCLABEL('6 x KSR DN 120/132 + 1 x KSR DN 60/72'),$);
#285= IFCCARTESIANPOINTLIST3D(((191.45334,66.88353,35.02794),(191.63022,66.97499,34.56742),(202.12843,58.45582,36.22311),(202.27283,58.57292,35.75896),(191.62337,67.16485,35.1518),(202.3218,58.71871,36.34959),(191.80025,67.2563,34.69129),(202.46621,58.8358,35.88544),(190.04993,67.77542,34.50891),(190.27641,67.83535,34.06674),(190.16617,68.09091,34.61288),(190.39266,68.15084,34.17071),(188.53949,68.3764,33.73509),(188.78978,68.42686,33.30512),(188.60187,68.71333,33.81147),(188.85217,68.76378,33.3815),(187.65163,68.67851,32.64614),(187.43082,68.62154,33.09318),(187.45655,68.96657,33.14834),(187.67736,69.02354,32.7013),(186.18516,68.80474,32.08934),(186.02836,68.74225,32.56069),(186.0133,69.09079,32.60036),(186.1701,69.15328,32.12902),(184.49465,68.64552,31.60204),(184.36585,68.58567,32.08145),(184.30135,68.92955,32.10688),(184.43015,68.9894,31.62746),(183.56322,68.39321,31.84823),(183.69212,68.45308,31.36884),(183.45416,68.72641,31.8607),(183.58306,68.78628,31.38131),(182.00504,67.77667,31.33872),(182.1391,67.83859,30.86102),(181.86069,68.09591,31.33965),(181.99475,68.15782,30.86195),(164.67695,58.94518,24.71757),(164.55998,58.89197,25.20129),(164.40612,59.20636,25.19888),(164.52308,59.25957,24.71516),(157.57367,55.57336,22.99846),(157.4807,55.53155,23.48799),(157.34545,55.85477,23.49008),(157.43843,55.89659,23.00056),(155.16606,54.70237,22.49337),(155.08883,54.66625,22.98619),(154.98243,54.99991,22.99434),(155.05966,55.03604,22.50151),(152.04323,53.86273,22.02252),(151.9864,53.8321,22.51842),(151.87452,54.16429,22.52574),(151.93135,54.19492,22.02984),(149.70094,52.92326,21.74357),(149.65944,52.89877,22.2413),(149.50843,53.21526,22.24396),(149.54993,53.23975,21.74623),(147.52019,51.71109,21.539),(147.48564,51.69047,22.03738),(147.3062,51.99116,22.03737),(147.34075,52.01179,21.53899),(143.14515,48.91478,21.12677),(143.11789,48.89882,21.62583),(142.94228,49.20195,21.62619),(142.96953,49.21792,21.12712),(140.87505,47.72885,21.00613),(140.86289,47.72077,21.506),(140.71552,48.03866,21.50785),(140.72768,48.04674,21.00798),(139.66857,47.23778,20.99235),(139.67604,47.23769,21.49244),(139.55951,47.56813,21.49464),(139.55204,47.56822,20.99455),(137.24132,46.5067,21.59059),(137.23403,46.50684,21.09049),(137.1513,46.8451,21.59173),(137.14401,46.84524,21.09163),(119.69558,42.42942,20.90023),(119.69091,42.42649,21.4002),(119.60474,42.76579,21.40137),(119.6094,42.76871,20.9014),(104.60777,38.26943,21.23762),(104.6231,38.2753,20.73777),(104.51046,38.60566,21.23868),(104.52579,38.61152,20.73883),(97.2276,36.03228,20.81283),(97.25761,36.04259,20.31382),(97.11955,36.36525,20.81327),(97.14956,36.37557,20.31426),(91.46332,34.03795,19.87197),(91.44874,34.03298,20.37216),(91.33502,34.36399,20.37217),(91.3496,34.36897,19.87198),(86.28265,32.27067,20.42869),(86.27774,32.269,19.92872),(86.16964,32.60193,20.42869),(86.16474,32.60026,19.92872)),$);
#286= IFCTRIANGULATEDFACESET(#285,$,$,((1,2,3),(3,2,4),(5,1,6),(6,1,3),(5,6,7),(7,6,8),(7,8,2),(2,8,4),(9,10,1),(1,10,2),(11,9,5),(5,9,1),(11,5,12),(12,5,7),(12,7,10),(10,7,2),(13,14,9),(9,14,10),(15,13,11),(11,13,9),(15,11,16),(16,11,12),(16,12,14),(14,12,10),(17,14,18),(18,14,13),(19,18,15),(15,18,13),(20,19,16),(16,19,15),(20,16,17),(17,16,14),(21,17,22),(22,17,18),(23,22,19),(19,22,18),(24,23,20),(20,23,19),(24,20,21),(21,20,17),(25,21,26),(26,21,22),(27,26,23),(23,26,22),(28,27,24),(24,27,23),(28,24,25),(25,24,21),(29,30,26),(26,30,25),(31,29,27),(27,29,26),(31,27,32),(32,27,28),(32,28,30),(30,28,25),(33,34,29),(29,34,30),(35,33,31),(31,33,29),(35,31,36),(36,31,32),(36,32,34),(34,32,30),(37,34,38),(38,34,33),(38,33,39),(39,33,35),(40,39,36),(36,39,35),(37,40,34),(34,40,36),(41,37,42),(42,37,38),(42,38,43),(43,38,39),(44,43,40),(40,43,39),(41,44,37),(37,44,40),(45,41,46),(46,41,42),(46,42,47),(47,42,43),(48,47,44),(44,47,43),(45,48,41),(41,48,44),(49,45,50),(50,45,46),(51,50,47),(47,50,46),(52,51,48),(48,51,47),(52,48,49),(49,48,45),(53,49,54),(54,49,50),(55,54,51),(51,54,50),(56,55,52),(52,55,51),(56,52,53),(53,52,49),(57,53,58),(58,53,54),(59,58,55),(55,58,54),(60,59,56),(56,59,55),(60,56,57),(57,56,53),(61,57,62),(62,57,58),(62,58,63),(63,58,59),(64,63,60),(60,63,59),(61,64,57),(57,64,60),(65,61,66),(66,61,62),(66,62,67),(67,62,63),(68,67,64),(64,67,63),(65,68,61),(61,68,64),(69,65,70),(70,65,66),(70,66,71),(71,66,67),(72,71,68),(68,71,67),(69,72,65),(65,72,68),(73,74,70),(70,74,69),(73,70,75),(75,70,71),(75,71,76),(76,71,72),(74,76,69),(69,76,72),(77,74,78),(78,74,73),(79,78,75),(75,78,73),(80,79,76),(76,79,75),(80,76,77),(77,76,74),(81,82,78),(78,82,77),(83,81,79),(79,81,78),(83,79,84),(84,79,80),(84,80,82),(82,80,77),(85,86,81),(81,86,82),(87,85,83),(83,85,81),(87,83,88),(88,83,84),(88,84,86),(86,84,82),(89,86,90),(90,86,85),(90,85,91),(91,85,87),(92,91,88),(88,91,87),(89,92,86),(86,92,88),(93,94,90),(90,94,89),(95,93,91),(91,93,90),(95,91,96),(96,91,92),(96,92,94),(94,92,89),(8,6,4),(4,6,3),(94,93,96),(96,93,95)),$);
#287= IFCSHAPEREPRESENTATION(#28,'Body','Tessellation',(#286));
#288= IFCPRODUCTDEFINITIONSHAPE($,$,(#287));
#289= IFCLOCALPLACEMENT(#5,#22);
#290= IFCBUILTELEMENT('2fjZgiQwXAlvZlBkbt_9iN',$,'HRB_VK',$,$,#289,#288,'2F9C0');
#291= IFCSTYLEDITEM(#286,(#197),'HRB_VK');
#292= IFCPROPERTYSET('3Gv81OOnT6yuV$0ES9yB68',$,'Properties',$,(#44,#45,#46,#47,#48,#49,#50,#51,#52,#53,#54,#55,#56,#57,#58,#59,#60,#61,#62,#63,#64,#65,#66,#67,#69,#70,#294,#295));
#293= IFCRELDEFINESBYPROPERTIES('3jfU15pWf0NQyf8UU8D46T',$,$,$,(#290),#292);
#294= IFCPROPERTYSINGLEVALUE('Area',$,IFCREAL(218.884145562695),$);
#295= IFCPROPERTYSINGLEVALUE('Bounds',$,IFCLABEL('((2701932.16474336,1166092.26900246,2041.8719722468),(2702048.46621207,1166129.15327906,2058.34958946691))'),$);
#296= IFCPROPERTYSET('1bpU$0xiD6PBkyugMWfpxq',$,'Misc',$,(#73,#74,#75,#76));
#297= IFCRELDEFINESBYPROPERTIES('32t0VBy4v38x3VUgWSrors',$,$,$,(#290),#296);
#298= IFCPROPERTYSET('1HQVEfZc5EeQLfYdp1D_I2',$,'3D Visualization',$,(#79,#80,#81));
#299= IFCRELDEFINESBYPROPERTIES('3yygOCuJH9KfaJF1nWfK$r',$,$,$,(#290),#298);
#300= IFCPROPERTYSET('0y$JjfBAbCQg5CbM3iaGgr',$,'General',$,(#84,#86,#87,#88,#89,#210));
#301= IFCRELDEFINESBYPROPERTIES('1XRzSWo_P2bAmqEnIUNXmC',$,$,$,(#290),#300);
#302= IFCPROPERTYSET('3B62Wf1qP1xQ19i2STgNZ1',$,'Geometry',$,(#92));
#303= IFCRELDEFINESBYPROPERTIES('2dsK6rZYv4_hkEfGLmvGDT',$,$,$,(#290),#302);
#304= IFCPROPERTYSET('0JOhqVxvr3Cw5tJEp5$2A0',$,'01_Info',$,(#284,#306));
#305= IFCRELDEFINESBYPROPERTIES('0TMgjI24988vEJ45m2216g',$,$,$,(#290),#304);
#306= IFCPROPERTYSINGLEVALUE('Name',$,IFCLABEL('HRB D1-F1'),$);
#307= IFCORGANIZATION($,'Unknown',$,$,$);
ENDSEC;

END-ISO-10303-21;
